bweforvideo-googAvailableReceiveBandwidth,0.0,0.0,0.0,0.0,0.0,0.0,0.0,0.0,0.0,0.0,0.0,0.0,0.0,0.0,0.0,0.0,0.0,0.0,0.0,0.0,0.0,0.0,0.0,0.0,0.0,0.0,0.0,0.0,0.0,0.0,0.0,0.0,0.0,0.0,0.0,0.0,0.0,0.0,0.0,0.0,0.0,0.0,0.0,0.0,0.0,0.0,0.0,0.0,0.0,0.0,0.0,0.0,0.0,0.0,0.0,0.0,0.0,0.0,0.0,0.0,0.0,0.0,0.0,0.0,0.0,0.0,0.0,0.0,0.0,0.0,0.0,0.0,0.0,0.0,0.0,0.0,0.0,0.0,0.0,0.0,0.0,0.0,0.0,0.0,0.0,0.0,0.0,0.0,0.0,0.0,0.0,0.0,0.0,0.0,0.0,0.0,0.0,0.0,0.0,0.0,0.0,0.0,0.0,0.0,0.0,0.0,0.0,0.0,0.0,0.0,0.0,0.0,0.0,0.0,0.0,0.0
bweforvideo-googAvailableSendBandwidth,300000.0,300000.0,300000.0,300000.0,4134568.0,4134568.0,4134568.0,4134568.0,4134568.0,4134568.0,4134568.0,4134568.0,4134568.0,4176307.0,4213663.0,4213663.0,4213663.0,4213663.0,4213663.0,4213663.0,4213663.0,4213663.0,4213663.0,4213663.0,4213663.0,4213663.0,4213663.0,4213663.0,4213663.0,4213663.0,4213663.0,4213663.0,4213663.0,4213663.0,4213663.0,4213663.0,4213663.0,4213663.0,4213663.0,4213663.0,4213663.0,4213663.0,4213663.0,4213663.0,4213663.0,4213663.0,4213663.0,4213663.0,4213663.0,4213663.0,4213663.0,4213663.0,4213663.0,4213663.0,4213663.0,4213663.0,4213663.0,4213663.0,4213663.0,4213663.0,4213663.0,4213663.0,4213663.0,4213663.0,4213663.0,4213663.0,4213663.0,4213663.0,4213663.0,4213663.0,4213663.0,4213663.0,4213913.0,4213913.0,4263167.0,4263167.0,4263167.0,4263167.0,4263167.0,4263167.0,4263167.0,4263167.0,4263167.0,4263167.0,4263167.0,4263167.0,4263167.0,4263167.0,4263167.0,4263167.0,4263167.0,4263167.0,4263167.0,4263167.0,4263167.0,4263167.0,4263167.0,4263167.0,4263167.0,4263167.0,4263167.0,4263167.0,4263167.0,4263167.0,4263167.0,4263167.0,4263167.0,4263167.0,4263167.0,4263167.0,4263167.0,4263167.0,4263167.0,4263167.0,4263167.0,4263167.0
bweforvideo-googBucketDelay,0.0,0.0,0.0,0.0,0.0,0.0,0.0,0.0,0.0,0.0,0.0,0.0,0.0,0.0,0.0,0.0,0.0,0.0,0.0,0.0,0.0,0.0,0.0,0.0,0.0,0.0,0.0,0.0,0.0,0.0,0.0,0.0,0.0,0.0,0.0,0.0,0.0,0.0,0.0,0.0,0.0,0.0,0.0,0.0,0.0,0.0,0.0,1.0,0.0,0.0,0.0,0.0,0.0,0.0,0.0,0.0,0.0,0.0,0.0,0.0,0.0,0.0,0.0,0.0,0.0,0.0,0.0,0.0,0.0,0.0,0.0,0.0,0.0,2.0,0.0,0.0,0.0,1.0,0.0,1.0,0.0,1.0,1.0,0.0,1.0,0.0,0.0,0.0,1.0,1.0,1.0,2.0,3.0,2.0,1.0,1.0,1.0,1.0,0.0,1.0,0.0,2.0,1.0,1.0,0.0,0.0,0.0,1.0,1.0,0.0,1.0,3.0,0.0,2.0,0.0,0.0
timestamp,1541194782,1541194783,1541194784,1541194785,1541194786,1541194787,1541194788,1541194789,1541194790,1541194791,1541194792,1541194793,1541194794,1541194795,1541194796,1541194797,1541194798,1541194799,1541194800,1541194801,1541194802,1541194803,1541194804,1541194805,1541194806,1541194807,1541194808,1541194809,1541194810,1541194811,1541194812,1541194813,1541194814,1541194815,1541194816,1541194817,1541194818,1541194819,1541194820,1541194821,1541194822,1541194823,1541194824,1541194825,1541194826,1541194827,1541194828,1541194829,1541194830,1541194831,1541194832,1541194833,1541194834,1541194835,1541194836,1541194837,1541194838,1541194839,1541194840,1541194841,1541194842,1541194843,1541194844,1541194845,1541194846,1541194847,1541194848,1541194849,1541194850,1541194851,1541194852,1541194853,1541194854,1541194855,1541194856,1541194857,1541194858,1541194859,1541194860,1541194861,1541194862,1541194863,1541194864,1541194865,1541194866,1541194867,1541194868,1541194869,1541194870,1541194871,1541194872,1541194873,1541194874,1541194875,1541194876,1541194877,1541194878,1541194879,1541194880,1541194881,1541194882,1541194883,1541194884,1541194885,1541194886,1541194887,1541194888,1541194889,1541194890,1541194891,1541194892,1541194893,1541194894,1541194895,1541194896,1541194897
audio_bitsReceivedPerSecond,-1,-1,0.0,0.0,857305.3053053053,2187912.0,2394329.0129611166,2426866.866866867,2646738.522954092,2654180.360721443,2551152.0,2613690.3096903097,2617233.2332332334,2564312.0,2693978.021978022,2594304.0,2620848.0,2502464.0,2605008.0,2597920.0,2673224.0,2580888.0,2612820.820820821,2495968.031968032,2534990.990990991,2607240.759240759,2750742.742742743,2394416.0,2060779.2207792208,2154008.0,2042434.4344344344,2134400.0,2126816.0,2119560.4395604394,2173336.0,2068096.0,2068348.3483483484,2096175.8241758242,2111944.0,2110630.6306306305,2053522.4775224775,2102206.206206206,2101146.853146853,2087943.9439439438,2154565.4345654347,2087992.007992008,2057153.1531531531,2105952.0,2096232.0,2110896.0,2054392.0,2113713.713713714,2102953.046953047,2085944.0,2140840.0,2095232.0,2060048.0,2118776.0,2096248.2482482484,2094153.8461538462,2070472.0,2104904.0,2098997.002997003,2113608.0,2142368.0,2099864.0,2069224.0,2135087.087087087,2098880.0,2104879.1208791207,2074240.0,2086546.9061876247,2101875.751503006,2113888.0,2119704.0,2108508.5085085086,2052864.0,2230296.0,2010952.0,2071576.0,2040824.0,2109805.8058058056,2103024.975024975,2104304.0,2100780.7807807806,2128431.5684315683,2063336.0,2123643.6436436437,2082176.0,2054561.4385614386,2075128.0,2125637.6376376376,2109050.949050949,2098320.0,2102654.6546546547,2125608.0,2069522.4775224775,2110542.5425425423,2083512.0,2079784.2157842158,2080416.4164164164,2114613.3866133867,2129384.0,2068580.5805805805,2130280.0,2103576.0,2058536.0,2099464.0,2090773.2267732269,2092004.004004004,2054049.95004995,2160000.0,2077248.0,2082344.0,2148379.62037962,2093269.2692692692
audio_bitsSentPerSecond,-1,-1,0.0,0.0,929745.7457457457,2307152.0,2383226.321036889,2507291.2912912914,2620694.610778443,2579759.519038076,2614400.0,2635580.4195804195,2616728.728728729,2624336.0,2575416.5834165835,2714504.0,2554488.0,2588568.0,2564728.0,2629608.0,2598816.0,2617184.0,2622286.286286286,2595940.05994006,2635731.731731732,2625638.3616383616,2506882.882882883,2628752.0,2671152.8471528473,2592624.0,2612356.3563563563,2568928.0,2639192.0,2580707.292707293,2102768.0,2120336.0,2059099.0990990992,2083228.7712287712,2127344.0,2108260.26026026,2097534.4655344654,2017809.8098098098,2148731.2687312686,2075899.8998999,2104959.040959041,2137678.321678322,2033121.121121121,2070688.0,2089432.0,2100888.0,2100048.0,2058922.922922923,2109250.749250749,2079256.0,1958000.0,2539288.0,2548968.0,2618520.0,2655167.167167167,2638345.6543456544,2646704.0,2590200.0,2648391.6083916086,2559816.0,2673672.0,2636992.0,2549152.0,2576992.992992993,2611640.0,2626397.6023976025,2554080.0,2545301.397205589,2653026.0521042086,2639560.0,2707608.0,2670462.4624624625,2527960.0,2462424.0,2722096.0,2186720.0,2152216.0,2129817.817817818,2148107.8921078923,2120056.0,2128968.968968969,2182505.4945054944,2108936.0,2087151.1511511512,2132200.0,2100707.292707293,2118320.0,2085213.2132132133,2113734.2657342656,2114288.0,2118958.9589589587,2154440.0,2109042.957042957,2075931.931931932,2127936.0,2095056.9430569431,2122698.6986986985,2087088.9110889111,2108608.0,2115491.4914914914,2148760.0,2142656.0,2085376.0,2078984.0,2128383.6163836163,2097881.881881882,2126217.782217782,2078998.998998999,2142480.0,2103048.0,2137014.985014985,2101269.2692692694
audio_packetsSentPerSecond,-1,-1,0.0,0.0,167.16716716716718,351.0,359.92023928215355,370.3703703703704,381.2375249500998,378.7575150300601,379.0,381.6183816183816,386.3863863863864,384.0,379.6203796203796,390.0,381.0,381.0,377.0,382.0,381.0,384.0,382.3823823823824,382.61738261738265,385.3853853853854,386.61338661338664,371.37137137137137,388.0,386.61338661338664,376.0,381.3813813813814,376.0,388.0,380.6193806193806,330.0,324.0,320.3203203203203,321.67832167832165,329.0,323.32332332332334,322.67732267732265,318.3183183183183,335.6643356643357,324.3243243243243,330.6693306693307,330.6693306693307,315.31531531531533,324.0,323.0,325.0,324.0,323.32332332332334,328.6713286713287,325.0,316.0,375.0,372.0,385.0,386.3863863863864,381.6183816183816,380.0,377.0,386.61338661338664,369.0,386.0,377.0,370.0,380.38038038038036,379.0,378.6213786213786,369.0,372.25548902195607,384.7695390781563,381.0,389.0,385.3853853853854,368.0,360.0,394.0,332.0,328.0,325.3253253253253,331.6683316683317,326.0,326.32632632632635,330.6693306693307,321.0,322.32232232232235,328.0,323.6763236763237,325.0,320.3203203203203,326.6733266733267,330.0,327.32732732732734,330.0,322.67732267732265,320.3203203203203,328.0,322.67732267732265,328.3283283283283,324.6753246753247,324.0,324.3243243243243,330.0,329.0,320.0,327.0,325.6743256743257,320.3203203203203,326.6733266733267,321.3213213213213,333.0,324.0,329.6703296703297,329.3293293293293
audio_googLocalAddress,-1,-1,10.164.0.9:34429,10.164.0.9:34429,10.164.0.9:34429,10.164.0.9:34429,10.164.0.9:34429,10.164.0.9:34429,10.164.0.9:34429,10.164.0.9:34429,10.164.0.9:34429,10.164.0.9:34429,10.164.0.9:34429,10.164.0.9:34429,10.164.0.9:34429,10.164.0.9:34429,10.164.0.9:34429,10.164.0.9:34429,10.164.0.9:34429,10.164.0.9:34429,10.164.0.9:34429,10.164.0.9:34429,10.164.0.9:34429,10.164.0.9:34429,10.164.0.9:34429,10.164.0.9:34429,10.164.0.9:34429,10.164.0.9:34429,10.164.0.9:34429,10.164.0.9:34429,10.164.0.9:34429,10.164.0.9:34429,10.164.0.9:34429,10.164.0.9:34429,10.164.0.9:34429,10.164.0.9:34429,10.164.0.9:34429,10.164.0.9:34429,10.164.0.9:34429,10.164.0.9:34429,10.164.0.9:34429,10.164.0.9:34429,10.164.0.9:34429,10.164.0.9:34429,10.164.0.9:34429,10.164.0.9:34429,10.164.0.9:34429,10.164.0.9:34429,10.164.0.9:34429,10.164.0.9:34429,10.164.0.9:34429,10.164.0.9:34429,10.164.0.9:34429,10.164.0.9:34429,10.164.0.9:34429,10.164.0.9:34429,10.164.0.9:34429,10.164.0.9:34429,10.164.0.9:34429,10.164.0.9:34429,10.164.0.9:34429,10.164.0.9:34429,10.164.0.9:34429,10.164.0.9:34429,10.164.0.9:34429,10.164.0.9:34429,10.164.0.9:34429,10.164.0.9:34429,10.164.0.9:34429,10.164.0.9:34429,10.164.0.9:34429,10.164.0.9:34429,10.164.0.9:34429,10.164.0.9:34429,10.164.0.9:34429,10.164.0.9:34429,10.164.0.9:34429,10.164.0.9:34429,10.164.0.9:34429,10.164.0.9:34429,10.164.0.9:34429,10.164.0.9:34429,10.164.0.9:34429,10.164.0.9:34429,10.164.0.9:34429,10.164.0.9:34429,10.164.0.9:34429,10.164.0.9:34429,10.164.0.9:34429,10.164.0.9:34429,10.164.0.9:34429,10.164.0.9:34429,10.164.0.9:34429,10.164.0.9:34429,10.164.0.9:34429,10.164.0.9:34429,10.164.0.9:34429,10.164.0.9:34429,10.164.0.9:34429,10.164.0.9:34429,10.164.0.9:34429,10.164.0.9:34429,10.164.0.9:34429,10.164.0.9:34429,10.164.0.9:34429,10.164.0.9:34429,10.164.0.9:34429,10.164.0.9:34429,10.164.0.9:34429,10.164.0.9:34429,10.164.0.9:34429,10.164.0.9:34429,10.164.0.9:34429,10.164.0.9:34429,10.164.0.9:34429,10.164.0.9:34429
audio_googRemoteAddress,-1,-1,10.164.0.8:38211,10.164.0.8:38211,10.164.0.8:38211,10.164.0.8:38211,10.164.0.8:38211,10.164.0.8:38211,10.164.0.8:38211,10.164.0.8:38211,10.164.0.8:38211,10.164.0.8:38211,10.164.0.8:38211,10.164.0.8:38211,10.164.0.8:38211,10.164.0.8:38211,10.164.0.8:38211,10.164.0.8:38211,10.164.0.8:38211,10.164.0.8:38211,10.164.0.8:38211,10.164.0.8:38211,10.164.0.8:38211,10.164.0.8:38211,10.164.0.8:38211,10.164.0.8:38211,10.164.0.8:38211,10.164.0.8:38211,10.164.0.8:38211,10.164.0.8:38211,10.164.0.8:38211,10.164.0.8:38211,10.164.0.8:38211,10.164.0.8:38211,10.164.0.8:38211,10.164.0.8:38211,10.164.0.8:38211,10.164.0.8:38211,10.164.0.8:38211,10.164.0.8:38211,10.164.0.8:38211,10.164.0.8:38211,10.164.0.8:38211,10.164.0.8:38211,10.164.0.8:38211,10.164.0.8:38211,10.164.0.8:38211,10.164.0.8:38211,10.164.0.8:38211,10.164.0.8:38211,10.164.0.8:38211,10.164.0.8:38211,10.164.0.8:38211,10.164.0.8:38211,10.164.0.8:38211,10.164.0.8:38211,10.164.0.8:38211,10.164.0.8:38211,10.164.0.8:38211,10.164.0.8:38211,10.164.0.8:38211,10.164.0.8:38211,10.164.0.8:38211,10.164.0.8:38211,10.164.0.8:38211,10.164.0.8:38211,10.164.0.8:38211,10.164.0.8:38211,10.164.0.8:38211,10.164.0.8:38211,10.164.0.8:38211,10.164.0.8:38211,10.164.0.8:38211,10.164.0.8:38211,10.164.0.8:38211,10.164.0.8:38211,10.164.0.8:38211,10.164.0.8:38211,10.164.0.8:38211,10.164.0.8:38211,10.164.0.8:38211,10.164.0.8:38211,10.164.0.8:38211,10.164.0.8:38211,10.164.0.8:38211,10.164.0.8:38211,10.164.0.8:38211,10.164.0.8:38211,10.164.0.8:38211,10.164.0.8:38211,10.164.0.8:38211,10.164.0.8:38211,10.164.0.8:38211,10.164.0.8:38211,10.164.0.8:38211,10.164.0.8:38211,10.164.0.8:38211,10.164.0.8:38211,10.164.0.8:38211,10.164.0.8:38211,10.164.0.8:38211,10.164.0.8:38211,10.164.0.8:38211,10.164.0.8:38211,10.164.0.8:38211,10.164.0.8:38211,10.164.0.8:38211,10.164.0.8:38211,10.164.0.8:38211,10.164.0.8:38211,10.164.0.8:38211,10.164.0.8:38211,10.164.0.8:38211,10.164.0.8:38211,10.164.0.8:38211,10.164.0.8:38211
audio_googRtt,-1,-1,3000.0,3000.0,5.0,5.0,4.0,4.0,4.0,4.0,4.0,4.0,4.0,5.0,5.0,5.0,5.0,5.0,4.0,4.0,4.0,4.0,4.0,4.0,4.0,4.0,4.0,4.0,3.0,3.0,3.0,4.0,4.0,4.0,4.0,4.0,3.0,3.0,2.0,2.0,2.0,2.0,2.0,1.0,1.0,1.0,2.0,2.0,2.0,2.0,2.0,3.0,3.0,4.0,4.0,4.0,3.0,3.0,3.0,3.0,3.0,2.0,2.0,2.0,2.0,2.0,1.0,1.0,1.0,1.0,1.0,1.0,1.0,1.0,1.0,1.0,1.0,1.0,1.0,1.0,1.0,2.0,2.0,2.0,3.0,3.0,4.0,4.0,4.0,4.0,4.0,4.0,4.0,4.0,3.0,3.0,2.0,2.0,2.0,1.0,1.0,1.0,1.0,1.0,1.0,1.0,1.0,1.0,1.0,1.0,1.0,2.0,2.0,2.0,3.0,3.0
audio_send_bitsSentPerSecond,0.0,0.0,0.0,0.0,15863.863863863864,24760.0,24542.372881355932,24696.696696696697,18538.922155688622,16400.80160320641,16360.0,16343.656343656343,16368.368368368368,16352.0,16319.68031968032,16336.0,16336.0,16320.0,16320.0,16304.0,16304.0,16304.0,16320.320320320321,16271.728271728272,16312.312312312311,16279.720279720279,16312.312312312311,16288.0,16271.728271728272,16280.0,16280.28028028028,16280.0,16288.0,16239.76023976024,16256.0,16256.0,16256.256256256256,16231.768231768232,16224.0,16208.208208208209,16199.8001998002,16264.264264264264,16199.8001998002,16192.192192192193,16167.832167832168,16127.872127872128,16176.176176176175,16152.0,16176.0,16144.0,16160.0,16120.12012012012,16071.928071928072,16104.0,16096.0,16080.0,16096.0,23272.0,40440.44044044044,40359.64035964036,40400.0,40400.0,40359.64035964036,40400.0,40400.0,40400.0,40400.0,40440.44044044044,40400.0,40359.64035964036,40400.0,40319.36127744511,40480.961923847695,40400.0,40400.0,40440.44044044044,40400.0,40400.0,40400.0,40400.0,40400.0,40440.44044044044,40359.64035964036,40400.0,40440.44044044044,40359.64035964036,40400.0,40440.44044044044,40400.0,40359.64035964036,40400.0,40440.44044044044,40359.64035964036,40400.0,40440.44044044044,40400.0,40359.64035964036,40440.44044044044,40400.0,40359.64035964036,40440.44044044044,40359.64035964036,40400.0,40440.44044044044,40400.0,40400.0,40400.0,40400.0,40359.64035964036,40440.44044044044,40359.64035964036,40440.44044044044,40400.0,40400.0,40359.64035964036,40440.44044044044
audio_send_packetsSentPerSecond,0.0,0.0,0.0,0.0,33.033033033033036,50.0,49.85044865403788,50.050050050050054,49.9001996007984,50.100200400801604,50.0,49.95004995004995,50.050050050050054,50.0,49.95004995004995,50.0,50.0,50.0,50.0,50.0,50.0,50.0,50.050050050050054,49.95004995004995,50.050050050050054,49.95004995004995,50.050050050050054,50.0,49.95004995004995,50.0,50.050050050050054,50.0,50.0,49.95004995004995,50.0,50.0,50.050050050050054,49.95004995004995,50.0,50.050050050050054,49.95004995004995,50.050050050050054,49.95004995004995,50.050050050050054,49.95004995004995,49.95004995004995,50.050050050050054,50.0,50.0,50.0,50.0,50.050050050050054,49.95004995004995,50.0,50.0,50.0,50.0,50.0,50.050050050050054,49.95004995004995,50.0,50.0,49.95004995004995,50.0,50.0,50.0,50.0,50.050050050050054,50.0,49.95004995004995,50.0,49.9001996007984,50.100200400801604,50.0,50.0,50.050050050050054,50.0,50.0,50.0,50.0,50.0,50.050050050050054,49.95004995004995,50.0,50.050050050050054,49.95004995004995,50.0,50.050050050050054,50.0,49.95004995004995,50.0,50.050050050050054,49.95004995004995,50.0,50.050050050050054,50.0,49.95004995004995,50.050050050050054,50.0,49.95004995004995,50.050050050050054,49.95004995004995,50.0,50.050050050050054,50.0,50.0,50.0,50.0,49.95004995004995,50.050050050050054,49.95004995004995,50.050050050050054,50.0,50.0,49.95004995004995,50.050050050050054
video_send_bitsSentPerSecond,0.0,0.0,0.0,0.0,897529.5295295295,2260424.0,2333766.6999002993,2458826.8268268267,2577948.103792415,2538845.6913827653,2573416.0,2595564.4355644356,2575423.4234234234,2583824.0,2534353.646353646,2674648.0,2513512.0,2548344.0,2561280.0,2552992.0,2558944.0,2576256.0,2581445.4454454454,2555260.739260739,2595299.2992992993,2584695.3046953045,2466770.770770771,2587504.0,2631160.839160839,2552888.0,2571507.5075075077,2530216.0,2598232.0,2541210.7892107894,2062800.0,2083344.0,2021877.8778778778,2046713.2867132868,2089760.0,2070398.3983983984,2059852.147852148,1980516.5165165165,2110601.398601399,2039207.207207207,2066525.4745254745,2100083.916083916,1995611.6116116117,2033304.0,2052088.0,2063416.0,2062720.0,2022606.6066066066,2071312.6873126873,2041728.0,1920656.0,2500264.0,2509544.0,2570640.0,2589901.9019019017,2574377.6223776224,2583616.0,2525176.0,2584311.688311688,2496552.0,2608072.0,2572736.0,2486016.0,2512816.816816817,2547224.0,2562301.698301698,2490512.0,2481333.3333333335,2588272.5450901804,2575912.0,2642456.0,2605725.7257257258,2464360.0,2399912.0,2657232.0,2124496.0,2090984.0,2068492.4924924925,2086809.1908091907,2058680.0,2067067.0670670671,2120743.256743257,2047896.0,2026354.3543543543,2069416.0,2038801.1988011987,2056320.0,2025073.073073073,2052067.932067932,2053024.0,2058098.098098098,2093112.0,2047168.831168831,2014926.926926927,2066704.0,2033486.5134865134,2060540.5405405406,2024831.168831169,2047744.0,2085037.037037037,2056624.0,2080832.0,2024400.0,2016584.0,2067612.3876123875,2036284.2842842843,2063688.3116883116,2017865.865865866,2080896.0,2040856.0,2074581.4185814187,2038614.6146146145
video_send_packetsLost,0.0,0.0,0.0,0.0,0.0,0.0,0.0,0.0,0.0,0.0,0.0,0.0,0.0,0.0,0.0,0.0,0.0,0.0,0.0,0.0,0.0,0.0,0.0,0.0,0.0,0.0,0.0,0.0,0.0,0.0,0.0,0.0,0.0,0.0,0.0,0.0,0.0,0.0,0.0,0.0,0.0,0.0,0.0,0.0,0.0,0.0,0.0,0.0,0.0,0.0,0.0,0.0,0.0,0.0,0.0,0.0,0.0,0.0,0.0,0.0,0.0,0.0,0.0,0.0,0.0,0.0,0.0,0.0,0.0,0.0,0.0,0.0,0.0,0.0,0.0,0.0,0.0,0.0,0.0,0.0,0.0,0.0,0.0,0.0,0.0,0.0,0.0,0.0,0.0,0.0,0.0,0.0,0.0,0.0,0.0,0.0,0.0,0.0,0.0,0.0,0.0,0.0,0.0,0.0,0.0,0.0,0.0,0.0,0.0,0.0,0.0,0.0,0.0,0.0,0.0,0.0
video_send_packetsSentPerSecond,0.0,0.0,0.0,0.0,117.11711711711712,274.0,278.16550348953143,292.2922922922923,303.3932135728543,299.5991983967936,300.0,304.6953046953047,307.3073073073073,306.0,299.7002997002997,314.0,301.0,303.0,305.0,299.0,304.0,305.0,303.3033033033033,303.6963036963037,307.3073073073073,307.6923076923077,293.2932932932933,308.0,308.6913086913087,298.0,301.3013013013013,300.0,308.0,303.6963036963037,248.0,248.0,243.24324324324326,246.75324675324674,252.0,245.24524524524526,244.75524475524475,241.24124124124126,257.7422577422577,248.24824824824825,251.74825174825176,253.74625374625376,237.23723723723722,247.0,246.0,248.0,247.0,248.24824824824825,250.74925074925076,248.0,238.0,297.0,294.0,305.0,306.3063063063063,302.6973026973027,304.0,296.0,308.6913086913087,292.0,305.0,298.0,293.0,302.3023023023023,300.0,299.7002997002997,291.0,293.41317365269464,304.60921843687373,304.0,308.0,306.3063063063063,290.0,284.0,315.0,254.0,252.0,249.24924924924926,255.74425574425575,249.0,248.24824824824825,253.74625374625376,245.0,247.24724724724726,249.0,245.75424575424574,247.0,246.24624624624624,249.75024975024974,254.0,252.25225225225225,254.0,244.75524475524475,244.24424424424424,252.0,245.75424575424574,250.25025025025025,246.75324675324674,249.0,251.25125125125126,251.0,252.0,244.0,248.0,250.74925074925076,243.24324324324326,247.75224775224774,245.24524524524526,257.0,246.0,250.74925074925076,250.25025025025025
video_send_googEncodeUsagePercent,0.0,0.0,0.0,0.0,0.0,64.0,64.0,67.0,68.0,68.0,71.0,74.0,75.0,75.0,74.0,74.0,74.0,74.0,75.0,78.0,80.0,82.0,82.0,83.0,84.0,88.0,88.0,89.0,91.0,90.0,89.0,88.0,87.0,87.0,87.0,64.0,64.0,57.0,54.0,52.0,49.0,48.0,46.0,45.0,43.0,42.0,41.0,41.0,41.0,40.0,40.0,41.0,40.0,41.0,41.0,64.0,64.0,66.0,67.0,66.0,67.0,67.0,66.0,67.0,69.0,71.0,72.0,76.0,80.0,82.0,84.0,86.0,90.0,91.0,94.0,94.0,94.0,96.0,98.0,99.0,64.0,64.0,57.0,54.0,52.0,49.0,47.0,46.0,45.0,44.0,43.0,42.0,41.0,41.0,40.0,40.0,39.0,39.0,39.0,40.0,40.0,40.0,40.0,40.0,40.0,41.0,41.0,41.0,41.0,42.0,42.0,43.0,43.0,43.0,43.0,44.0
video_send_googFrameHeightSent,0.0,0.0,0.0,0.0,720.0,720.0,720.0,720.0,720.0,720.0,720.0,720.0,720.0,720.0,720.0,720.0,720.0,720.0,720.0,720.0,720.0,720.0,720.0,720.0,720.0,720.0,720.0,720.0,720.0,720.0,720.0,720.0,720.0,720.0,540.0,540.0,540.0,540.0,540.0,540.0,540.0,540.0,540.0,540.0,540.0,540.0,540.0,540.0,540.0,540.0,540.0,540.0,540.0,540.0,720.0,720.0,720.0,720.0,720.0,720.0,720.0,720.0,720.0,720.0,720.0,720.0,720.0,720.0,720.0,720.0,720.0,720.0,720.0,720.0,720.0,720.0,720.0,720.0,720.0,540.0,540.0,540.0,540.0,540.0,540.0,540.0,540.0,540.0,540.0,540.0,540.0,540.0,540.0,540.0,540.0,540.0,540.0,540.0,540.0,540.0,540.0,540.0,540.0,540.0,540.0,540.0,540.0,540.0,540.0,540.0,540.0,540.0,540.0,540.0,540.0,540.0
video_send_googFrameRateSent,0.0,0.0,0.0,0.0,43.0,59.0,58.0,59.0,59.0,59.0,58.0,61.0,59.0,60.0,61.0,61.0,60.0,60.0,60.0,60.0,61.0,61.0,59.0,61.0,60.0,59.0,59.0,60.0,60.0,60.0,60.0,60.0,60.0,60.0,60.0,60.0,60.0,60.0,60.0,60.0,60.0,60.0,60.0,60.0,60.0,60.0,60.0,61.0,61.0,60.0,60.0,60.0,60.0,60.0,59.0,59.0,59.0,60.0,60.0,60.0,60.0,60.0,60.0,60.0,61.0,59.0,59.0,59.0,59.0,60.0,57.0,57.0,59.0,60.0,61.0,59.0,58.0,57.0,60.0,59.0,60.0,61.0,61.0,61.0,61.0,60.0,60.0,61.0,61.0,61.0,61.0,61.0,61.0,61.0,61.0,61.0,61.0,61.0,61.0,61.0,60.0,61.0,61.0,61.0,61.0,61.0,61.0,61.0,61.0,61.0,61.0,61.0,61.0,61.0,61.0,60.0
video_send_googFrameWidthSent,0.0,0.0,0.0,0.0,1280.0,1280.0,1280.0,1280.0,1280.0,1280.0,1280.0,1280.0,1280.0,1280.0,1280.0,1280.0,1280.0,1280.0,1280.0,1280.0,1280.0,1280.0,1280.0,1280.0,1280.0,1280.0,1280.0,1280.0,1280.0,1280.0,1280.0,1280.0,1280.0,1280.0,960.0,960.0,960.0,960.0,960.0,960.0,960.0,960.0,960.0,960.0,960.0,960.0,960.0,960.0,960.0,960.0,960.0,960.0,960.0,960.0,1280.0,1280.0,1280.0,1280.0,1280.0,1280.0,1280.0,1280.0,1280.0,1280.0,1280.0,1280.0,1280.0,1280.0,1280.0,1280.0,1280.0,1280.0,1280.0,1280.0,1280.0,1280.0,1280.0,1280.0,1280.0,960.0,960.0,960.0,960.0,960.0,960.0,960.0,960.0,960.0,960.0,960.0,960.0,960.0,960.0,960.0,960.0,960.0,960.0,960.0,960.0,960.0,960.0,960.0,960.0,960.0,960.0,960.0,960.0,960.0,960.0,960.0,960.0,960.0,960.0,960.0,960.0,960.0
video_send_googRtt,0.0,0.0,0.0,0.0,0.0,0.0,0.0,5.0,5.0,7.0,6.0,6.0,6.0,4.0,3.0,4.0,4.0,5.0,5.0,5.0,6.0,5.0,4.0,5.0,4.0,4.0,7.0,7.0,0.0,2.0,4.0,5.0,4.0,5.0,5.0,3.0,2.0,2.0,2.0,2.0,0.0,5.0,4.0,6.0,4.0,4.0,8.0,6.0,6.0,6.0,5.0,4.0,3.0,3.0,3.0,2.0,2.0,2.0,0.0,5.0,6.0,0.0,6.0,0.0,2.0,2.0,3.0,4.0,3.0,4.0,3.0,3.0,3.0,2.0,0.0,2.0,2.0,3.0,4.0,12.0,9.0,6.0,4.0,3.0,3.0,4.0,6.0,4.0,0.0,6.0,6.0,6.0,0.0,9.0,8.0,6.0,4.0,0.0,5.0,4.0,0.0,5.0,4.0,3.0,4.0,4.0,5.0,4.0,4.0,4.0,3.0,3.0,2.0,2.0,3.0,2.0
audio_recv_bitsReceivedPerSecond,-1,-1,-1,-1,0.0,23224.0,22995.014955134597,23055.055055055054,23161.676646706586,22933.867735470943,23160.0,22889.11088911089,23071.07107107107,23144.0,23000.999000999,23048.0,23112.0,22448.0,23512.0,23120.0,23336.0,23112.0,23111.11111111111,23016.983016983017,23151.151151151153,23080.91908091908,23751.75175175175,24256.0,23896.103896103898,23968.0,23911.911911911913,23592.0,24664.0,24047.952047952047,24000.0,23840.0,23927.92792792793,23872.127872127872,23792.0,23831.83183183183,23688.31168831169,23983.983983983984,23888.11188811189,23719.71971971972,23432.567432567434,24271.728271728272,24144.144144144146,24160.0,23816.0,23704.0,23840.0,23823.823823823823,23688.31168831169,23680.0,23848.0,23752.0,23704.0,25880.0,30086.086086086085,23800.1998001998,24208.0,23584.0,29154.845154845156,40400.0,39776.0,27328.0,34176.0,39191.19119119119,36168.0,23584.415584415583,24280.0,24471.057884231537,24505.01002004008,24736.0,24032.0,25265.265265265265,24488.0,24400.0,24520.0,25056.0,25040.0,24512.512512512512,24327.672327672328,23992.0,24440.44044044044,24263.736263736264,24384.0,24560.56056056056,24576.0,24783.216783216783,24456.0,24472.472472472473,24039.96003996004,24600.0,24520.52052052052,24640.0,24511.48851148851,24560.56056056056,24560.0,24455.544455544456,24512.512512512512,24471.528471528472,24688.0,24624.624624624623,24504.0,24632.0,24400.0,24560.0,24799.2007992008,24648.64864864865,24623.376623376622,24376.376376376378,24680.0,25168.0,25254.745254745256,25121.12112112112
audio_recv_packetsReceivedPerSecond,-1,-1,-1,-1,0.0,50.0,49.85044865403788,50.050050050050054,49.9001996007984,50.100200400801604,50.0,49.95004995004995,50.050050050050054,50.0,49.95004995004995,50.0,50.0,49.0,51.0,50.0,50.0,50.0,50.050050050050054,49.95004995004995,50.050050050050054,49.95004995004995,50.050050050050054,50.0,49.95004995004995,50.0,50.050050050050054,49.0,51.0,49.95004995004995,50.0,50.0,50.050050050050054,49.95004995004995,50.0,50.050050050050054,49.95004995004995,50.050050050050054,49.95004995004995,50.050050050050054,48.95104895104895,50.94905094905095,50.050050050050054,50.0,50.0,50.0,50.0,50.050050050050054,49.95004995004995,50.0,50.0,50.0,50.0,50.0,50.050050050050054,49.95004995004995,50.0,50.0,49.95004995004995,50.0,50.0,50.0,50.0,50.050050050050054,50.0,49.95004995004995,50.0,49.9001996007984,50.100200400801604,50.0,49.0,51.051051051051054,50.0,50.0,50.0,50.0,50.0,50.050050050050054,49.95004995004995,50.0,50.050050050050054,49.95004995004995,50.0,50.050050050050054,50.0,49.95004995004995,50.0,50.050050050050054,48.95104895104895,50.0,50.050050050050054,50.0,49.95004995004995,50.050050050050054,50.0,49.95004995004995,50.050050050050054,49.95004995004995,50.0,50.050050050050054,50.0,50.0,50.0,50.0,49.95004995004995,50.050050050050054,49.95004995004995,50.050050050050054,50.0,50.0,49.95004995004995,50.050050050050054
audio_recv_googCurrentDelayMs,-1,-1,-1,-1,55.0,39.0,40.0,40.0,40.0,40.0,40.0,40.0,40.0,40.0,40.0,40.0,40.0,40.0,40.0,40.0,40.0,39.0,38.0,40.0,40.0,40.0,40.0,40.0,40.0,40.0,40.0,40.0,40.0,40.0,40.0,40.0,40.0,40.0,40.0,40.0,40.0,40.0,40.0,40.0,40.0,40.0,40.0,40.0,40.0,40.0,40.0,40.0,40.0,40.0,40.0,40.0,40.0,40.0,40.0,41.0,40.0,41.0,40.0,41.0,39.0,40.0,40.0,40.0,40.0,40.0,50.0,50.0,40.0,40.0,40.0,40.0,40.0,41.0,55.0,51.0,50.0,47.0,47.0,47.0,47.0,47.0,47.0,47.0,47.0,47.0,47.0,47.0,44.0,39.0,39.0,39.0,39.0,40.0,39.0,39.0,39.0,39.0,39.0,39.0,45.0,51.0,52.0,52.0,51.0,52.0,52.0,52.0,52.0,52.0,52.0,52.0
audio_recv_googJitterBufferMs,-1,-1,-1,-1,55.0,42.0,42.0,42.0,42.0,42.0,42.0,42.0,42.0,42.0,42.0,42.0,42.0,22.0,42.0,42.0,42.0,42.0,42.0,42.0,42.0,42.0,42.0,42.0,42.0,42.0,42.0,22.0,42.0,42.0,42.0,42.0,42.0,42.0,42.0,42.0,42.0,42.0,42.0,42.0,22.0,42.0,42.0,42.0,42.0,42.0,42.0,42.0,42.0,42.0,42.0,42.0,42.0,42.0,42.0,42.0,42.0,42.0,42.0,42.0,42.0,42.0,42.0,42.0,42.0,42.0,32.0,32.0,42.0,42.0,22.0,42.0,42.0,62.0,52.0,52.0,49.0,49.0,49.0,49.0,49.0,49.0,49.0,49.0,49.0,49.0,49.0,49.0,29.0,29.0,29.0,29.0,29.0,29.0,29.0,29.0,29.0,29.0,29.0,29.0,33.0,33.0,33.0,33.0,33.0,33.0,33.0,33.0,33.0,33.0,33.0,33.0
audio_recv_googJitterReceived,-1,-1,-1,-1,0.0,0.0,1.0,1.0,1.0,2.0,2.0,2.0,2.0,2.0,2.0,2.0,2.0,2.0,2.0,2.0,2.0,3.0,3.0,3.0,3.0,3.0,3.0,2.0,2.0,2.0,2.0,2.0,2.0,2.0,2.0,2.0,2.0,2.0,2.0,2.0,2.0,2.0,2.0,2.0,2.0,2.0,1.0,1.0,1.0,1.0,1.0,1.0,1.0,2.0,2.0,2.0,2.0,2.0,2.0,2.0,2.0,3.0,3.0,3.0,3.0,2.0,2.0,2.0,2.0,1.0,1.0,1.0,1.0,1.0,2.0,2.0,2.0,2.0,2.0,2.0,2.0,2.0,2.0,2.0,2.0,2.0,2.0,2.0,2.0,2.0,2.0,2.0,2.0,2.0,2.0,2.0,1.0,1.0,1.0,1.0,1.0,1.0,1.0,1.0,1.0,1.0,1.0,2.0,2.0,2.0,1.0,1.0,1.0,1.0,1.0,1.0
audio_recv_googPreferredJitterBufferMs,-1,-1,-1,-1,20.0,20.0,20.0,20.0,20.0,20.0,20.0,20.0,20.0,20.0,20.0,20.0,20.0,20.0,20.0,20.0,20.0,20.0,20.0,20.0,20.0,20.0,20.0,20.0,20.0,20.0,20.0,20.0,20.0,20.0,20.0,20.0,20.0,20.0,20.0,20.0,20.0,20.0,20.0,20.0,20.0,20.0,20.0,20.0,20.0,20.0,20.0,20.0,20.0,20.0,20.0,20.0,20.0,20.0,20.0,20.0,20.0,20.0,20.0,20.0,20.0,20.0,20.0,20.0,20.0,20.0,20.0,20.0,20.0,20.0,20.0,20.0,20.0,20.0,20.0,20.0,20.0,20.0,20.0,20.0,20.0,20.0,20.0,20.0,20.0,20.0,20.0,20.0,20.0,20.0,20.0,20.0,20.0,20.0,20.0,20.0,20.0,20.0,20.0,20.0,20.0,20.0,20.0,20.0,20.0,20.0,20.0,20.0,20.0,20.0,20.0,20.0
video_recv_bitsReceivedPerSecond,-1,-1,-1,-1,0.0,2143008.0,2348697.9062811565,2380956.956956957,2599896.2075848305,2606509.018036072,2504024.0,2565386.6133866133,2569817.817817818,2516000.0,2646585.414585415,2547480.0,2573048.0,2455056.0,2558024.0,2550064.0,2624848.0,2533424.0,2564388.3883883883,2449390.6093906094,2488664.664664665,2560151.848151848,2701957.957957958,2346896.0,2014777.2227772227,2108888.0,1996356.3563563563,2089400.0,2080312.0,2073598.4015984016,2127416.0,2024976.0,2022862.8628628629,2051460.5394605394,2066296.0,2065513.5135135136,2008879.120879121,2057193.1931931933,2055856.1438561438,2042938.938938939,2117586.4135864135,2034221.778221778,2011883.883883884,2060272.0,2051408.0,2065832.0,2009016.0,2067899.8998999,2057366.6333666334,2040808.0,2095664.0,2049304.0,2014392.0,2069936.0,2045389.3893893894,2049718.2817182818,2024184.0,2059272.0,2048119.8801198802,2051992.0,2080816.0,2050264.0,2013464.0,2073761.7617617617,2041528.0,2059236.7632367632,2036856.0,2032103.7924151698,2055054.1082164329,2067008.0,2073864.0,2061333.3333333333,2006920.0,2183464.0,1966240.0,2024984.0,1994472.0,2063207.207207207,2057886.113886114,2059544.0,2055487.4874874875,2082269.7302697303,2018472.0,2077829.8298298297,2036832.0,2009382.6173826174,2030064.0,2079287.2872872872,2072207.7922077922,2044408.0,2057777.7777777778,2080360.0,2023432.5674325675,2064040.0400400402,2037752.0,2034773.2267732269,2034650.6506506507,2067844.155844156,2082984.0,2022734.7347347348,2091832.0,2050136.0,2012568.0,2053048.0,2045786.213786214,2045765.7657657657,2007912.087912088,2113585.585585586,2031064.0,2036840.0,2101866.1338661336,2046526.5265265265
video_recv_packetsReceivedPerSecond,-1,-1,-1,-1,0.0,258.0,279.16251246261214,281.2812812812813,304.39121756487026,302.6052104208417,297.0,305.6943056943057,304.3043043043043,297.0,309.6903096903097,299.0,309.0,290.0,300.0,299.0,312.0,302.0,304.3043043043043,286.7132867132867,293.2932932932933,298.7012987012987,318.3183183183183,280.0,241.75824175824175,250.0,243.24324324324326,257.0,250.0,253.74625374625376,257.0,245.0,244.24424424424424,251.74825174825176,249.0,247.24724724724726,243.75624375624375,249.24924924924926,250.74925074925076,249.24924924924926,257.7422577422577,247.75224775224774,246.24624624624624,250.0,248.0,251.0,245.0,250.25025025025025,250.74925074925076,252.0,252.0,248.0,245.0,250.0,245.24524524524526,245.75424575424574,249.0,249.0,247.75224775224774,249.0,254.0,250.0,245.0,248.24824824824825,244.0,248.75124875124874,246.0,248.50299401197606,248.49699398797594,249.0,252.0,246.24624624624624,243.0,264.0,238.0,243.0,241.0,250.25025025025025,247.75224775224774,250.0,251.25125125125126,248.75124875124874,242.0,252.25225225225225,244.0,240.75924075924075,247.0,249.24924924924926,252.74725274725276,248.0,248.24824824824825,250.0,240.75924075924075,251.25125125125126,245.0,244.75524475524475,246.24624624624624,252.74725274725276,259.0,245.24524524524526,255.0,249.0,245.0,248.0,243.75624375624375,246.24624624624624,239.76023976023976,255.25525525525526,247.0,249.0,258.7412587412587,246.24624624624624
video_recv_googCurrentDelayMs,-1,-1,-1,-1,37.0,37.0,36.0,36.0,35.0,35.0,36.0,36.0,35.0,34.0,41.0,48.0,50.0,50.0,49.0,48.0,48.0,47.0,47.0,48.0,47.0,49.0,48.0,57.0,60.0,58.0,58.0,58.0,58.0,57.0,56.0,56.0,55.0,54.0,54.0,53.0,54.0,53.0,53.0,53.0,52.0,52.0,51.0,51.0,51.0,51.0,52.0,51.0,51.0,51.0,50.0,51.0,50.0,49.0,49.0,50.0,51.0,49.0,49.0,49.0,48.0,48.0,48.0,47.0,47.0,47.0,47.0,47.0,47.0,47.0,47.0,47.0,46.0,63.0,63.0,63.0,63.0,62.0,62.0,60.0,59.0,59.0,59.0,59.0,59.0,58.0,58.0,58.0,58.0,58.0,57.0,57.0,57.0,56.0,56.0,56.0,56.0,55.0,55.0,55.0,54.0,54.0,55.0,53.0,53.0,53.0,53.0,52.0,53.0,52.0,52.0,52.0
video_recv_googDecodeMs,-1,-1,-1,-1,5.0,7.0,5.0,4.0,7.0,7.0,5.0,5.0,4.0,4.0,5.0,4.0,3.0,4.0,5.0,4.0,4.0,5.0,6.0,6.0,5.0,4.0,4.0,2.0,3.0,2.0,2.0,2.0,3.0,2.0,3.0,2.0,3.0,3.0,2.0,3.0,2.0,2.0,3.0,3.0,3.0,2.0,3.0,3.0,2.0,2.0,3.0,3.0,3.0,3.0,2.0,2.0,3.0,2.0,3.0,3.0,2.0,2.0,3.0,3.0,3.0,3.0,2.0,3.0,3.0,3.0,3.0,3.0,2.0,3.0,2.0,2.0,3.0,3.0,3.0,2.0,2.0,2.0,2.0,3.0,2.0,2.0,2.0,3.0,3.0,3.0,3.0,2.0,2.0,3.0,2.0,3.0,2.0,2.0,3.0,2.0,2.0,2.0,2.0,2.0,2.0,2.0,2.0,2.0,2.0,3.0,2.0,3.0,2.0,2.0,2.0,2.0
video_recv_googFrameHeightReceived,-1,-1,-1,-1,720.0,720.0,720.0,720.0,720.0,720.0,720.0,720.0,720.0,720.0,720.0,720.0,720.0,720.0,720.0,720.0,720.0,720.0,720.0,720.0,720.0,720.0,720.0,540.0,540.0,540.0,540.0,540.0,540.0,540.0,540.0,540.0,540.0,540.0,540.0,540.0,540.0,540.0,540.0,540.0,540.0,540.0,540.0,540.0,540.0,540.0,540.0,540.0,540.0,540.0,540.0,540.0,540.0,540.0,540.0,540.0,540.0,540.0,540.0,540.0,540.0,540.0,540.0,540.0,540.0,540.0,540.0,540.0,540.0,540.0,540.0,540.0,540.0,540.0,540.0,540.0,540.0,540.0,540.0,540.0,540.0,540.0,540.0,540.0,540.0,540.0,540.0,540.0,540.0,540.0,540.0,540.0,540.0,540.0,540.0,540.0,540.0,540.0,540.0,540.0,540.0,540.0,540.0,540.0,540.0,540.0,540.0,540.0,540.0,540.0,540.0,540.0
video_recv_googFrameRateOutput,-1,-1,-1,-1,53.0,59.0,58.0,57.0,59.0,60.0,60.0,58.0,60.0,58.0,60.0,60.0,60.0,57.0,58.0,58.0,60.0,58.0,59.0,56.0,56.0,56.0,59.0,57.0,60.0,61.0,60.0,60.0,60.0,60.0,60.0,60.0,60.0,60.0,60.0,60.0,60.0,60.0,60.0,60.0,60.0,60.0,60.0,60.0,60.0,60.0,60.0,60.0,60.0,60.0,60.0,60.0,60.0,60.0,60.0,60.0,60.0,60.0,60.0,60.0,60.0,60.0,60.0,60.0,60.0,60.0,60.0,59.0,60.0,60.0,60.0,60.0,60.0,59.0,60.0,60.0,60.0,60.0,60.0,60.0,60.0,60.0,60.0,60.0,60.0,59.0,60.0,60.0,60.0,61.0,60.0,60.0,60.0,60.0,60.0,60.0,60.0,60.0,60.0,60.0,60.0,60.0,60.0,60.0,60.0,60.0,60.0,60.0,60.0,60.0,60.0,60.0
video_recv_googFrameRateReceived,-1,-1,-1,-1,29.0,60.0,59.0,58.0,59.0,60.0,60.0,58.0,60.0,58.0,60.0,59.0,61.0,57.0,58.0,58.0,60.0,58.0,59.0,56.0,55.0,57.0,59.0,59.0,60.0,60.0,60.0,60.0,60.0,60.0,60.0,60.0,60.0,60.0,60.0,60.0,60.0,60.0,60.0,60.0,60.0,60.0,60.0,60.0,60.0,60.0,60.0,60.0,60.0,60.0,60.0,60.0,60.0,60.0,60.0,60.0,60.0,60.0,60.0,60.0,60.0,60.0,60.0,60.0,60.0,60.0,60.0,60.0,60.0,60.0,59.0,61.0,60.0,60.0,60.0,60.0,60.0,60.0,60.0,60.0,60.0,60.0,60.0,60.0,60.0,59.0,60.0,60.0,61.0,59.0,60.0,60.0,60.0,60.0,60.0,60.0,60.0,60.0,60.0,59.0,60.0,60.0,60.0,60.0,60.0,60.0,60.0,60.0,60.0,60.0,60.0,60.0
video_recv_googFrameWidthReceived,-1,-1,-1,-1,1280.0,1280.0,1280.0,1280.0,1280.0,1280.0,1280.0,1280.0,1280.0,1280.0,1280.0,1280.0,1280.0,1280.0,1280.0,1280.0,1280.0,1280.0,1280.0,1280.0,1280.0,1280.0,1280.0,960.0,960.0,960.0,960.0,960.0,960.0,960.0,960.0,960.0,960.0,960.0,960.0,960.0,960.0,960.0,960.0,960.0,960.0,960.0,960.0,960.0,960.0,960.0,960.0,960.0,960.0,960.0,960.0,960.0,960.0,960.0,960.0,960.0,960.0,960.0,960.0,960.0,960.0,960.0,960.0,960.0,960.0,960.0,960.0,960.0,960.0,960.0,960.0,960.0,960.0,960.0,960.0,960.0,960.0,960.0,960.0,960.0,960.0,960.0,960.0,960.0,960.0,960.0,960.0,960.0,960.0,960.0,960.0,960.0,960.0,960.0,960.0,960.0,960.0,960.0,960.0,960.0,960.0,960.0,960.0,960.0,960.0,960.0,960.0,960.0,960.0,960.0,960.0,960.0
video_recv_googInterframeDelayMax,-1,-1,-1,-1,57.0,21.0,34.0,33.0,35.0,37.0,20.0,35.0,20.0,35.0,21.0,19.0,19.0,35.0,36.0,33.0,20.0,33.0,25.0,37.0,35.0,34.0,33.0,33.0,20.0,18.0,18.0,18.0,19.0,18.0,19.0,18.0,18.0,23.0,19.0,19.0,18.0,18.0,18.0,18.0,20.0,19.0,30.0,19.0,19.0,18.0,20.0,19.0,20.0,19.0,20.0,19.0,19.0,18.0,20.0,19.0,18.0,24.0,18.0,18.0,19.0,23.0,18.0,18.0,18.0,19.0,18.0,19.0,19.0,28.0,19.0,19.0,19.0,43.0,18.0,35.0,18.0,20.0,18.0,18.0,18.0,19.0,18.0,18.0,19.0,35.0,18.0,22.0,19.0,18.0,18.0,19.0,18.0,18.0,25.0,19.0,19.0,18.0,19.0,20.0,18.0,25.0,18.0,18.0,18.0,19.0,18.0,19.0,18.0,18.0,19.0,19.0
video_recv_googJitterBufferMs,-1,-1,-1,-1,21.0,20.0,19.0,19.0,18.0,19.0,19.0,19.0,18.0,17.0,34.0,34.0,34.0,34.0,33.0,32.0,32.0,31.0,31.0,31.0,33.0,32.0,32.0,42.0,43.0,42.0,42.0,42.0,42.0,41.0,42.0,41.0,41.0,41.0,41.0,40.0,41.0,40.0,40.0,40.0,40.0,39.0,38.0,38.0,38.0,38.0,39.0,38.0,38.0,37.0,38.0,37.0,37.0,36.0,36.0,36.0,37.0,36.0,36.0,36.0,35.0,35.0,35.0,34.0,34.0,34.0,35.0,34.0,33.0,33.0,33.0,33.0,32.0,50.0,49.0,49.0,49.0,48.0,48.0,47.0,46.0,46.0,46.0,46.0,46.0,45.0,46.0,45.0,45.0,45.0,44.0,44.0,44.0,43.0,43.0,43.0,43.0,42.0,42.0,42.0,41.0,41.0,41.0,40.0,40.0,40.0,40.0,39.0,40.0,39.0,39.0,39.0
video_recv_googPlisSent,-1,-1,-1,-1,0.0,0.0,0.0,0.0,0.0,0.0,0.0,0.0,0.0,0.0,0.0,0.0,0.0,0.0,0.0,0.0,0.0,0.0,0.0,0.0,0.0,0.0,0.0,0.0,0.0,0.0,0.0,0.0,0.0,0.0,0.0,0.0,0.0,0.0,0.0,0.0,0.0,0.0,0.0,0.0,0.0,0.0,0.0,0.0,0.0,0.0,0.0,0.0,0.0,0.0,0.0,0.0,0.0,0.0,0.0,0.0,0.0,0.0,0.0,0.0,0.0,0.0,0.0,0.0,0.0,0.0,0.0,0.0,0.0,0.0,0.0,0.0,0.0,0.0,0.0,0.0,0.0,0.0,0.0,0.0,0.0,0.0,0.0,0.0,0.0,0.0,0.0,0.0,0.0,0.0,0.0,0.0,0.0,0.0,0.0,0.0,0.0,0.0,0.0,0.0,0.0,0.0,0.0,0.0,0.0,0.0,0.0,0.0,0.0,0.0,0.0,0.0
audio_send_packetsLost,-1,-1,-1,-1,-1,0.0,0.0,0.0,0.0,0.0,0.0,0.0,0.0,0.0,0.0,0.0,0.0,0.0,0.0,0.0,0.0,0.0,0.0,0.0,0.0,0.0,0.0,0.0,0.0,0.0,0.0,0.0,0.0,0.0,0.0,0.0,0.0,0.0,0.0,0.0,0.0,0.0,0.0,0.0,0.0,0.0,0.0,0.0,0.0,0.0,0.0,0.0,0.0,0.0,0.0,0.0,0.0,0.0,0.0,0.0,0.0,0.0,0.0,0.0,0.0,0.0,0.0,0.0,0.0,0.0,0.0,0.0,0.0,0.0,0.0,0.0,0.0,0.0,0.0,0.0,0.0,0.0,0.0,0.0,0.0,0.0,0.0,0.0,0.0,0.0,0.0,0.0,0.0,0.0,0.0,0.0,0.0,0.0,0.0,0.0,0.0,0.0,0.0,0.0,0.0,0.0,0.0,0.0,0.0,0.0,0.0,0.0,0.0,0.0,0.0,0.0
audio_send_googJitterReceived,-1,-1,-1,-1,-1,2.0,2.0,2.0,2.0,2.0,2.0,2.0,2.0,2.0,2.0,2.0,2.0,2.0,2.0,2.0,2.0,2.0,2.0,2.0,2.0,2.0,2.0,2.0,2.0,2.0,2.0,2.0,1.0,1.0,1.0,1.0,2.0,2.0,2.0,2.0,2.0,1.0,1.0,1.0,1.0,1.0,1.0,1.0,1.0,1.0,1.0,1.0,1.0,1.0,1.0,1.0,3.0,3.0,3.0,3.0,3.0,2.0,2.0,2.0,2.0,2.0,2.0,2.0,2.0,2.0,2.0,2.0,2.0,5.0,5.0,5.0,5.0,5.0,5.0,5.0,5.0,1.0,1.0,1.0,2.0,2.0,2.0,1.0,1.0,1.0,1.0,1.0,1.0,1.0,1.0,2.0,2.0,2.0,2.0,2.0,2.0,1.0,1.0,1.0,1.0,1.0,1.0,1.0,1.0,1.0,1.0,1.0,2.0,2.0,2.0,2.0
audio_send_googRtt,-1,-1,-1,-1,-1,-1,-1,-1,-1,-1,4.0,4.0,4.0,12.0,12.0,12.0,12.0,12.0,12.0,15.0,15.0,15.0,7.0,7.0,7.0,7.0,7.0,7.0,11.0,11.0,11.0,11.0,6.0,6.0,6.0,6.0,2.0,2.0,2.0,2.0,2.0,11.0,11.0,11.0,8.0,8.0,8.0,8.0,8.0,8.0,1.0,1.0,1.0,1.0,1.0,1.0,2.0,2.0,2.0,2.0,2.0,11.0,11.0,11.0,11.0,11.0,11.0,12.0,12.0,12.0,12.0,12.0,12.0,2.0,2.0,2.0,2.0,2.0,2.0,2.0,2.0,3.0,3.0,3.0,5.0,5.0,5.0,10.0,10.0,10.0,10.0,10.0,10.0,10.0,10.0,1.0,1.0,1.0,1.0,1.0,1.0,1.0,1.0,1.0,1.0,2.0,2.0,2.0,2.0,2.0,2.0,2.0,3.0,3.0,3.0,3.0
video_send_resolutionChangesSent,0,0,0,0,1,1,1,1,1,1,1,1,1,1,1,1,1,1,1,1,1,1,1,1,1,1,1,1,1,1,1,1,1,1,2,2,2,2,2,2,2,2,2,2,2,2,2,2,2,2,2,2,2,2,3,3,3,3,3,3,3,3,3,3,3,3,3,3,3,3,3,3,3,3,3,3,3,3,3,4,4,4,4,4,4,4,4,4,4,4,4,4,4,4,4,4,4,4,4,4,4,4,4,4,4,4,4,4,4,4,4,4,4,4,4,4
video_recv_resolutionChangesReceived,0,0,0,0,1,1,1,1,1,1,1,1,1,1,1,1,1,1,1,1,1,1,1,1,1,1,1,2,2,2,2,2,2,2,2,2,2,2,2,2,2,2,2,2,2,2,2,2,2,2,2,2,2,2,2,2,2,2,2,2,2,2,2,2,2,2,2,2,2,2,2,2,2,2,2,2,2,2,2,2,2,2,2,2,2,2,2,2,2,2,2,2,2,2,2,2,2,2,2,2,2,2,2,2,2,2,2,2,2,2,2,2,2,2,2,2
1_way_delay_audio_send,-0.5,-0.5,-0.5,-0.5,-0.5,-0.5,-0.5,-0.5,-0.5,-0.5,2.0,2.0,2.0,6.0,6.0,6.0,6.0,6.0,6.0,7.5,7.5,7.5,3.5,3.5,3.5,3.5,3.5,3.5,5.5,5.5,5.5,5.5,3.0,3.0,3.0,3.0,1.0,1.0,1.0,1.0,1.0,5.5,5.5,5.5,4.0,4.0,4.0,4.0,4.0,4.0,0.5,0.5,0.5,0.5,0.5,0.5,1.0,1.0,1.0,1.0,1.0,5.5,5.5,5.5,5.5,5.5,5.5,6.0,6.0,6.0,6.0,6.0,6.0,1.0,1.0,1.0,1.0,1.0,1.0,1.0,1.0,1.5,1.5,1.5,2.5,2.5,2.5,5.0,5.0,5.0,5.0,5.0,5.0,5.0,5.0,0.5,0.5,0.5,0.5,0.5,0.5,0.5,0.5,0.5,0.5,1.0,1.0,1.0,1.0,1.0,1.0,1.0,1.5,1.5,1.5,1.5
1_way_delay_video_send,0.0,0.0,0.0,0.0,0.0,0.0,0.0,2.5,2.5,3.5,3.0,3.0,3.0,2.0,1.5,2.0,2.0,2.5,2.5,2.5,3.0,2.5,2.0,2.5,2.0,2.0,3.5,3.5,0.0,1.0,2.0,2.5,2.0,2.5,2.5,1.5,1.0,1.0,1.0,1.0,0.0,2.5,2.0,3.0,2.0,2.0,4.0,3.0,3.0,3.0,2.5,2.0,1.5,1.5,1.5,1.0,1.0,1.0,0.0,2.5,3.0,0.0,3.0,0.0,1.0,1.0,1.5,2.0,1.5,2.0,1.5,1.5,1.5,1.0,0.0,1.0,1.0,1.5,2.0,6.0,4.5,3.0,2.0,1.5,1.5,2.0,3.0,2.0,0.0,3.0,3.0,3.0,0.0,4.5,4.0,3.0,2.0,0.0,2.5,2.0,0.0,2.5,2.0,1.5,2.0,2.0,2.5,2.0,2.0,2.0,1.5,1.5,1.0,1.0,1.5,1.0
ear_ear_delay_audio_send,-0.5,-0.5,29.5,29.5,29.5,29.5,29.5,29.5,29.5,29.5,32.0,32.0,32.0,36.0,36.0,36.0,36.0,56.0,36.0,37.5,37.5,37.5,33.5,63.5,41.5,41.5,41.5,41.5,43.5,43.5,43.5,43.5,41.0,41.0,41.0,41.0,39.0,39.0,39.0,39.0,39.0,43.5,63.5,43.5,42.0,62.0,62.0,42.0,42.0,42.0,38.5,38.5,38.5,38.5,38.5,28.5,39.0,39.0,39.0,39.0,39.0,65.5,34.5,39.5,39.5,39.5,39.5,40.0,40.0,40.0,30.0,30.0,30.0,25.0,45.0,45.0,45.0,45.0,25.0,25.0,25.0,35.5,35.5,25.5,46.5,46.5,46.5,39.0,39.0,39.0,39.0,39.0,39.0,39.0,39.0,34.5,34.5,34.5,34.5,34.5,34.5,34.5,34.5,34.5,34.5,55.0,35.0,35.0,35.0,35.0,55.0,35.0,35.5,35.5
audio_recv_kbitsReceivedPerSecond,0,0,0,0,0,22,22,22,22,22,22,22,22,22,22,22,22,21,22,22,22,22,22,22,22,22,23,23,23,23,23,23,24,23,23,23,23,23,23,23,23,23,23,23,22,23,23,23,23,23,23,23,23,23,23,23,23,25,29,23,23,23,28,39,38,26,33,38,35,23,23,23,23,24,23,24,23,23,23,24,24,23,23,23,23,23,23,23,24,24,23,23,23,24,23,24,23,23,23,23,23,23,24,24,23,24,23,23,24,24,24,23,24,24,24,24
video_recv_kbitsReceivedPerSecond,0,0,0,0,0,2092,2293,2325,2538,2545,2445,2505,2509,2457,2584,2487,2512,2397,2498,2490,2563,2474,2504,2391,2430,2500,2638,2291,1967,2059,1949,2040,2031,2024,2077,1977,1975,2003,2017,2017,1961,2008,2007,1995,2067,1986,1964,2011,2003,2017,1961,2019,2009,1992,2046,2001,1967,2021,1997,2001,1976,2011,2000,2003,2032,2002,1966,2025,1993,2010,1989,1984,2006,2018,2025,2013,1959,2132,1920,1977,1947,2014,2009,2011,2007,2033,1971,2029,1989,1962,1982,2030,2023,1996,2009,2031,1976,2015,1989,1987,1986,2019,2034,1975,2042,2002,1965,2004,1997,1997,1960,2064,1983,1989,2052,1998
audio_packet_loss_percentage_send,0.0,2.0,0.0,0.0,0.0,0.0,0.0,0.0,0.0,0.0,0.0,0.0,0.0,0.0,0.0,0.0,0.0,0.0,0.0,0.0,0.0,0.0,0.0,0.0,0.0,0.0,0.0,0.0,0.0,0.0,0.0,0.0,0.0,0.0,0.0,0.0,0.0,0.0,0.0,0.0,0.0,0.0,0.0,0.0,0.0,0.0,0.0,0.0,0.0,0.0,0.0,0.0,0.0,0.0,0.0,0.0,0.0,0.0,0.0,0.0,0.0,0.0,0.0,0.0,0.0,0.0,0.0,0.0,0.0,0.0,0.0,0.0,0.0,0.0,0.0,0.0,0.0,0.0,0.0,0.0,0.0,0.0,0.0,0.0,0.0,0.0,0.0,0.0,0.0,0.0,0.0,0.0,0.0,0.0,0.0,0.0,0.0,0.0,0.0,0.0,0.0,0.0,0.0,0.0,0.0,0.0,0.0,0.0,0.0,0.0,0.0
e_model_audio_send,72.69758458320165,72.69758458320165,93.492,92.89792118111461,93.492,93.492,93.492,93.492,93.432,93.432,93.432,93.336,93.336,93.336,93.336,92.85600000000001,93.336,93.3,93.3,93.3,93.396,92.676,93.20400000000001,93.20400000000001,93.20400000000001,93.20400000000001,93.156,93.156,93.156,93.156,93.21600000000001,93.21600000000001,93.21600000000001,93.21600000000001,93.264,93.264,93.264,93.264,93.264,93.156,92.676,93.156,93.19200000000001,92.712,92.712,93.19200000000001,93.19200000000001,93.19200000000001,93.276,93.276,93.276,93.276,93.276,93.516,93.264,93.264,93.264,93.264,93.264,92.628,93.372,93.25200000000001,93.25200000000001,93.25200000000001,93.25200000000001,93.24000000000001,93.24000000000001,93.24000000000001,93.48,93.48,93.48,93.60000000000001,93.12,93.12,93.12,93.12,93.60000000000001,93.60000000000001,93.60000000000001,93.348,93.348,93.58800000000001,93.084,93.084,93.084,93.264,93.264,93.264,93.264,93.264,93.264,93.264,93.264,93.372,93.372,93.372,93.372,93.372,93.372,93.372,93.372,93.372,93.372,92.88000000000001,93.36,93.36,93.36,93.36,92.88000000000001,93.36,93.348,93.348
kpi_audio_synchronization,3.7208323684933777,3.7208323684933777,4.414866499019585,4.403362293491992,4.414866499019585,4.414866499019585,4.414866499019585,4.414866499019585,4.413731489857025,4.413731489857025,4.413731489857025,4.411902868100608,4.411902868100608,4.411902868100608,4.411902868100608,4.402528243813888,4.411902868100608,4.411213141,4.411213141,4.411213141,4.413047573578048,4.398913909077568,4.409363238444352,4.409363238444352,4.409363238444352,4.409363238444352,4.408432497537088,4.408432497537088,4.408432497537088,4.408432497537088,4.409595321008128,4.409595321008128,4.409595321008128,4.409595321008128,4.410521238433792,4.410521238433792,4.410521238433792,4.410521238433792,4.410521238433792,4.408432497537088,4.398913909077568,4.408432497537088,4.409130914742784,4.399641066863104,4.399641066863104,4.409130914742784,4.409130914742784,4.409130914742784,4.410752114219968,4.410752114219968,4.410752114219968,4.410752114219968,4.410752114219968,4.415318803035329,4.410521238433792,4.410521238433792,4.410521238433792,4.410521238433792,4.410521238433792,4.397941034479936,4.412590417776064,4.410290121146945,4.410290121146945,4.410290121146945,4.410290121146945,4.4100587624320005,4.4100587624320005,4.4100587624320005,4.414639982656,4.414639982656,4.414639982656,4.416894208,4.4077319127039996,4.4077319127039996,4.4077319127039996,4.4077319127039996,4.416894208,4.416894208,4.416894208,4.412132293358656,4.412132293358656,4.4166698801656965,4.407029162203073,4.407029162203073,4.407029162203073,4.410521238433792,4.410521238433792,4.410521238433792,4.410521238433792,4.410521238433792,4.410521238433792,4.410521238433792,4.410521238433792,4.412590417776064,4.412590417776064,4.412590417776064,4.412590417776064,4.412590417776064,4.412590417776064,4.412590417776064,4.412590417776064,4.412590417776064,4.412590417776064,4.403006096896001,4.412361476608,4.412361476608,4.412361476608,4.412361476608,4.403006096896001,4.412361476608,4.412132293358656,4.412132293358656
eye_eye_delay_video_send,0.0,0.0,13.0,36.0,34.0,34.0,33.0,35.5,35.5,36.5,35.0,36.0,36.0,40.0,38.5,39.0,39.0,38.5,38.5,38.5,38.0,37.5,37.0,39.5,39.0,39.0,40.5,40.5,36.0,37.0,38.0,38.5,52.0,51.5,51.5,49.5,49.0,48.0,48.0,49.0,46.0,49.5,48.0,49.0,48.0,48.0,49.0,48.0,48.0,48.0,46.5,45.0,50.5,47.5,45.5,44.0,43.0,44.0,42.0,44.5,45.0,41.0,43.0,41.0,40.0,40.0,39.5,40.0,39.5,39.0,38.5,37.5,37.5,40.0,38.0,39.0,38.0,51.5,51.0,55.0,53.5,52.0,50.0,49.5,48.5,49.0,49.0,48.0,46.0,49.0,47.0,47.0,43.0,47.5,47.0,46.0,44.0,42.0,44.5,44.0,42.0,43.5,43.0,42.5,42.0,42.0,42.5,42.0,41.0,42.0,40.5,40.5,40.0,39.0
kpi_video_synchronization,5,5,5,5,5,5,5,5,5,5,5,5,5,5,5,5,5,5,5,5,5,5,5,5,5,5,5,5,5,5,5,5,5,5,5,5,5,5,5,5,5,5,5,5,5,5,5,5,5,5,5,5,5,5,5,5,5,5,5,5,5,5,5,5,5,5,5,5,5,5,5,5,5,5,5,5,5,5,5,5,5,5,5,5,5,5,5,5,5,5,5,5,5,5,5,5,5,5,5,5,5,5,5,5,5,5,5,5,5,5,5,5,5,5
av_delay_send,-0.5,-0.5,16.5,-6.5,-4.5,-4.5,-3.5,-6.0,-6.0,-7.0,-3.0,-4.0,-4.0,-4.0,-2.5,-3.0,-3.0,17.5,-2.5,-1.0,-0.5,0.0,-3.5,24.0,2.5,2.5,1.0,1.0,7.5,6.5,5.5,5.0,-11.0,-10.5,-10.5,-8.5,-10.0,-9.0,-9.0,-10.0,-7.0,-6.0,15.5,-5.5,-6.0,14.0,13.0,-6.0,-6.0,-6.0,-8.0,-6.5,-12.0,-9.0,-7.0,-15.5,-4.0,-5.0,-3.0,-5.5,-6.0,24.5,-8.5,-1.5,-0.5,-0.5,0.0,0.0,0.5,1.0,-8.5,-7.5,-7.5,-15.0,7.0,6.0,7.0,-6.5,-26.0,-30.0,-28.5,-16.5,-14.5,-24.0,-2.0,-2.5,-2.5,-9.0,-7.0,-10.0,-8.0,-8.0,-4.0,-8.5,-8.0,-11.5,-9.5,-7.5,-10.0,-9.5,-7.5,-9.0,-8.5,-8.0,-7.5,13.0,-7.5,-7.0,-6.0,-7.0,14.5,-5.5,-4.5,-3.5
kpi_av_synchronization,5,5,5,5,5,5,5,5,5,5,5,5,5,5,5,5,5,5,5,5,5,5,5,5,5,5,5,5,5,5,5,5,5,5,5,5,5,5,5,5,5,5,5,5,5,5,5,5,5,5,5,5,5,5,5,5,5,5,5,5,5,5,5,5,5,5,5,5,5,5,5,5,5,5,5,5,5,5,5,5,5,5,5,5,5,5,5,5,5,5,5,5,5,5,5,5,5,5,5,5,5,5,5,5,5,5,5,5,5,5,5,5,5,5
kpi_resolution_stability,2.508671512479345,2.508671512479345,2.508671512479345,2.508671512479345,2.508671512479345,2.508671512479345,2.508671512479345,2.508671512479345,2.508671512479345,2.508671512479345,2.508671512479345,2.508671512479345,2.508671512479345,2.508671512479345,2.508671512479345,2.508671512479345,2.508671512479345,2.508671512479345,2.508671512479345,2.508671512479345,2.508671512479345,2.508671512479345,2.508671512479345,2.508671512479345,2.508671512479345,2.508671512479345,2.508671512479345,2.508671512479345,2.508671512479345,2.508671512479345,2.508671512479345,2.508671512479345,2.508671512479345,2.508671512479345,2.508671512479345,2.508671512479345,2.508671512479345,2.508671512479345,2.508671512479345,2.508671512479345,2.508671512479345,2.508671512479345,2.508671512479345,2.508671512479345,2.508671512479345,2.508671512479345,2.508671512479345,2.508671512479345,2.508671512479345,2.508671512479345,2.508671512479345,2.508671512479345,2.508671512479345,2.508671512479345,2.508671512479345,2.508671512479345,2.508671512479345,2.508671512479345,2.508671512479345,2.508671512479345,2.508671512479345,2.508671512479345,2.508671512479345,2.508671512479345,2.508671512479345,2.508671512479345,2.508671512479345,2.508671512479345,2.508671512479345,2.508671512479345,2.508671512479345,2.508671512479345,2.508671512479345,2.508671512479345,2.508671512479345,2.508671512479345,2.508671512479345,2.508671512479345,2.508671512479345,2.508671512479345,2.508671512479345,2.508671512479345,2.508671512479345,2.508671512479345,2.508671512479345,2.508671512479345,2.508671512479345,2.508671512479345,2.508671512479345,2.508671512479345,2.508671512479345,2.508671512479345,2.508671512479345,2.508671512479345,2.508671512479345,2.508671512479345,2.508671512479345,2.508671512479345,2.508671512479345,2.508671512479345,2.508671512479345,2.508671512479345,2.508671512479345,2.508671512479345,2.508671512479345,2.508671512479345,2.508671512479345,2.508671512479345,2.508671512479345,2.508671512479345,2.508671512479345,2.508671512479345,2.508671512479345,2.508671512479345,2.508671512479345,2.508671512479345
max_resolution_percentage,19.82758620689655,19.82758620689655,19.82758620689655,19.82758620689655,19.82758620689655,19.82758620689655,19.82758620689655,19.82758620689655,19.82758620689655,19.82758620689655,19.82758620689655,19.82758620689655,19.82758620689655,19.82758620689655,19.82758620689655,19.82758620689655,19.82758620689655,19.82758620689655,19.82758620689655,19.82758620689655,19.82758620689655,19.82758620689655,19.82758620689655,19.82758620689655,19.82758620689655,19.82758620689655,19.82758620689655,19.82758620689655,19.82758620689655,19.82758620689655,19.82758620689655,19.82758620689655,19.82758620689655,19.82758620689655,19.82758620689655,19.82758620689655,19.82758620689655,19.82758620689655,19.82758620689655,19.82758620689655,19.82758620689655,19.82758620689655,19.82758620689655,19.82758620689655,19.82758620689655,19.82758620689655,19.82758620689655,19.82758620689655,19.82758620689655,19.82758620689655,19.82758620689655,19.82758620689655,19.82758620689655,19.82758620689655,19.82758620689655,19.82758620689655,19.82758620689655,19.82758620689655,19.82758620689655,19.82758620689655,19.82758620689655,19.82758620689655,19.82758620689655,19.82758620689655,19.82758620689655,19.82758620689655,19.82758620689655,19.82758620689655,19.82758620689655,19.82758620689655,19.82758620689655,19.82758620689655,19.82758620689655,19.82758620689655,19.82758620689655,19.82758620689655,19.82758620689655,19.82758620689655,19.82758620689655,19.82758620689655,19.82758620689655,19.82758620689655,19.82758620689655,19.82758620689655,19.82758620689655,19.82758620689655,19.82758620689655,19.82758620689655,19.82758620689655,19.82758620689655,19.82758620689655,19.82758620689655,19.82758620689655,19.82758620689655,19.82758620689655,19.82758620689655,19.82758620689655,19.82758620689655,19.82758620689655,19.82758620689655,19.82758620689655,19.82758620689655,19.82758620689655,19.82758620689655,19.82758620689655,19.82758620689655,19.82758620689655,19.82758620689655,19.82758620689655,19.82758620689655,19.82758620689655,19.82758620689655,19.82758620689655,19.82758620689655,19.82758620689655,19.82758620689655
kpi_resolution_stability_norm,3.9459769198603922,3.9459769198603922,3.9459769198603922,3.9459769198603922,3.9459769198603922,3.9459769198603922,3.9459769198603922,3.9459769198603922,3.9459769198603922,3.9459769198603922,3.9459769198603922,3.9459769198603922,3.9459769198603922,3.9459769198603922,3.9459769198603922,3.9459769198603922,3.9459769198603922,3.9459769198603922,3.9459769198603922,3.9459769198603922,3.9459769198603922,3.9459769198603922,3.9459769198603922,3.9459769198603922,3.9459769198603922,3.9459769198603922,3.9459769198603922,3.9459769198603922,3.9459769198603922,3.9459769198603922,3.9459769198603922,3.9459769198603922,3.9459769198603922,3.9459769198603922,3.9459769198603922,3.9459769198603922,3.9459769198603922,3.9459769198603922,3.9459769198603922,3.9459769198603922,3.9459769198603922,3.9459769198603922,3.9459769198603922,3.9459769198603922,3.9459769198603922,3.9459769198603922,3.9459769198603922,3.9459769198603922,3.9459769198603922,3.9459769198603922,3.9459769198603922,3.9459769198603922,3.9459769198603922,3.9459769198603922,3.9459769198603922,3.9459769198603922,3.9459769198603922,3.9459769198603922,3.9459769198603922,3.9459769198603922,3.9459769198603922,3.9459769198603922,3.9459769198603922,3.9459769198603922,3.9459769198603922,3.9459769198603922,3.9459769198603922,3.9459769198603922,3.9459769198603922,3.9459769198603922,3.9459769198603922,3.9459769198603922,3.9459769198603922,3.9459769198603922,3.9459769198603922,3.9459769198603922,3.9459769198603922,3.9459769198603922,3.9459769198603922,3.9459769198603922,3.9459769198603922,3.9459769198603922,3.9459769198603922,3.9459769198603922,3.9459769198603922,3.9459769198603922,3.9459769198603922,3.9459769198603922,3.9459769198603922,3.9459769198603922,3.9459769198603922,3.9459769198603922,3.9459769198603922,3.9459769198603922,3.9459769198603922,3.9459769198603922,3.9459769198603922,3.9459769198603922,3.9459769198603922,3.9459769198603922,3.9459769198603922,3.9459769198603922,3.9459769198603922,3.9459769198603922,3.9459769198603922,3.9459769198603922,3.9459769198603922,3.9459769198603922,3.9459769198603922,3.9459769198603922,3.9459769198603922,3.9459769198603922,3.9459769198603922,3.9459769198603922,3.9459769198603922,3.9459769198603922
max_resolution_percentage_norm,96.55172413793103,96.55172413793103,96.55172413793103,96.55172413793103,96.55172413793103,96.55172413793103,96.55172413793103,96.55172413793103,96.55172413793103,96.55172413793103,96.55172413793103,96.55172413793103,96.55172413793103,96.55172413793103,96.55172413793103,96.55172413793103,96.55172413793103,96.55172413793103,96.55172413793103,96.55172413793103,96.55172413793103,96.55172413793103,96.55172413793103,96.55172413793103,96.55172413793103,96.55172413793103,96.55172413793103,96.55172413793103,96.55172413793103,96.55172413793103,96.55172413793103,96.55172413793103,96.55172413793103,96.55172413793103,96.55172413793103,96.55172413793103,96.55172413793103,96.55172413793103,96.55172413793103,96.55172413793103,96.55172413793103,96.55172413793103,96.55172413793103,96.55172413793103,96.55172413793103,96.55172413793103,96.55172413793103,96.55172413793103,96.55172413793103,96.55172413793103,96.55172413793103,96.55172413793103,96.55172413793103,96.55172413793103,96.55172413793103,96.55172413793103,96.55172413793103,96.55172413793103,96.55172413793103,96.55172413793103,96.55172413793103,96.55172413793103,96.55172413793103,96.55172413793103,96.55172413793103,96.55172413793103,96.55172413793103,96.55172413793103,96.55172413793103,96.55172413793103,96.55172413793103,96.55172413793103,96.55172413793103,96.55172413793103,96.55172413793103,96.55172413793103,96.55172413793103,96.55172413793103,96.55172413793103,96.55172413793103,96.55172413793103,96.55172413793103,96.55172413793103,96.55172413793103,96.55172413793103,96.55172413793103,96.55172413793103,96.55172413793103,96.55172413793103,96.55172413793103,96.55172413793103,96.55172413793103,96.55172413793103,96.55172413793103,96.55172413793103,96.55172413793103,96.55172413793103,96.55172413793103,96.55172413793103,96.55172413793103,96.55172413793103,96.55172413793103,96.55172413793103,96.55172413793103,96.55172413793103,96.55172413793103,96.55172413793103,96.55172413793103,96.55172413793103,96.55172413793103,96.55172413793103,96.55172413793103,96.55172413793103,96.55172413793103,96.55172413793103,96.55172413793103
kpi_fps_stability,1,1,1,1,5,5,5,5,5,5,5,5,5,5,5,5,5,5,5,5,5,5,5,5,5,5,5,5,5,5,5,5,5,5,5,5,5,5,5,5,5,5,5,5,5,5,5,5,5,5,5,5,5,5,5,5,5,5,5,5,5,5,5,5,5,5,5,5,5,5,5,5,5,5,5,5,5,5,5,5,5,5,5,5,5,5,5,5,5,5,5,5,5,5,5,5,5,5,5,5,5,5,5,5,5,5,5,5,5,5,5,5,5,5,5,5
kpi_q_audio,1,1,1,1,1,3,3,3,3,3,3,3,3,3,3,3,3,3,3,3,3,3,3,3,3,3,3,3,3,3,3,3,4,3,3,3,3,3,3,3,3,3,3,3,3,3,3,3,3,3,3,3,3,3,3,3,3,4,4,3,3,3,4,5,5,4,5,5,5,3,3,3,3,4,3,4,3,3,3,4,4,3,3,3,3,3,3,3,4,4,3,3,3,4,3,4,3,3,3,3,3,3,4,4,3,4,3,3,4,4,4,3,4,4,4,4
kpi_q_video,3.916,3.996,4.008,4.092,4.096,4.056,4.08,4.08,4.06,4.101999999999999,4.072,4.08,4.036,4.076,4.072,4.1,4.068,4.08,4.032,4.048,4.076,4.108,4.1,4.084,4.1,4.08,4.098,4.096,4.096,4.1,4.085999999999999,4.085999999999999,4.092,4.093999999999999,4.093999999999999,4.084,4.092,4.092,4.09,4.1,4.088,4.084,4.092,4.092,4.093999999999999,4.084,4.093999999999999,4.092,4.09,4.1,4.09,4.084,4.093999999999999,4.09,4.09,4.085999999999999,4.092,4.09,4.092,4.096,4.092,4.084,4.096,4.09,4.092,4.088,4.088,4.092,4.093999999999999,4.096,4.093999999999999,4.082,4.1,4.076,4.085999999999999,4.08,4.093999999999999,4.092,4.092,4.092,4.098,4.084,4.096,4.088,4.084,4.088,4.096,4.096,4.09,4.092,4.096,4.085999999999999,4.093999999999999,4.088,4.088,4.088,4.093999999999999,4.098,4.085999999999999,4.098,4.092,4.084,4.092,4.09,4.09,4.082,4.1,4.088,4.088,4.1,4.09
qoe_simple_normal,3.1772035964992646,3.190536929832598,3.269651833224398,3.2823735881657767,3.950985166557732,3.944318499891065,3.9483184998910645,3.9483184998910645,3.944859054428558,3.9518590544285583,3.946859054428558,3.9479892075667338,3.9406558742334012,3.9473225409000676,3.9466558742334006,3.9502809159793215,3.945989207566734,3.947912571222222,3.9399125712222225,3.9425792378888893,3.9474497303975604,3.951212656564174,3.95104035982715,3.9483736931604834,3.95104035982715,3.9477070264938163,3.9506036108374545,3.950270277504121,3.950270277504121,3.9509369441707882,3.9487328134453477,3.9487328134453477,3.9497328134453475,3.9500661467786813,3.950169026492644,3.948502359825977,3.94983569315931,3.94983569315931,3.9495023598259773,3.9509369441707882,3.947879323230841,3.9482702775041214,3.949681212749198,3.9486267852070114,3.948960118540345,3.9483478794158646,3.9500145460825316,3.949681212749198,3.949528012691107,3.951194679357774,3.949528012691107,3.948528012691107,3.950194679357774,3.950035422559481,3.9495023598259773,3.9488356931593103,3.94983569315931,3.9495023598259773,3.94983569315931,3.94910455938666,3.9500656019751177,3.9484766801274382,3.9504766801274385,3.949476680127438,3.9498100134607714,3.9491176402702224,3.9491176402702224,3.949784306936889,3.9506266647395556,3.950959998072889,3.9506266647395556,3.948877134222222,3.950859101411556,3.946859101411556,3.948525768078222,3.947525768078222,3.9508771342222224,3.9505438008888887,3.9505438008888887,3.950014699262072,3.9510146992620725,3.949185542240633,3.950114351355897,3.9487810180225638,3.948114351355897,3.949169026492644,3.950502359825977,3.950502359825977,3.9495023598259773,3.94983569315931,3.950502359825977,3.9488356931593103,3.950169026492644,3.9493989353084515,3.9493989353084515,3.9493989353084515,3.9503989353084514,3.951065601975118,3.949065601975118,3.951065601975118,3.9500656019751177,3.9487322686417845,3.9500656019751177,3.948667344099555,3.9497068307342222,3.948373497400889,3.951373497400889,3.9493734974008894,3.948334010766222,3.951373497400889,3.9496813659287393
qoe_simple_smooth,3.413203596499264,3.439870263165931,3.520985166557731,3.5477069214991097,4.216985166557731,4.203651833224399,4.211651833224399,4.211651833224399,4.204859054428558,4.218859054428559,4.208859054428558,4.211322540900068,4.196655874233401,4.209989207566735,4.208655874233401,4.216947582645988,4.207322540900067,4.211245904555556,4.195245904555556,4.200579237888889,4.210116397064227,4.219212656564174,4.217707026493817,4.212373693160483,4.217707026493817,4.21104035982715,4.216936944170787,4.216270277504122,4.216270277504122,4.217603610837455,4.21306614677868,4.21306614677868,4.215066146778681,4.215732813445348,4.215835693159311,4.212502359825977,4.215169026492643,4.215169026492643,4.214502359825977,4.217603610837455,4.2125459898975075,4.212270277504121,4.215014546082531,4.213960118540345,4.214626785207011,4.212347879415865,4.215681212749198,4.215014546082531,4.214528012691107,4.21786134602444,4.214528012691107,4.212528012691107,4.2158613460244405,4.215035422559481,4.214502359825977,4.213169026492643,4.215169026492643,4.214502359825977,4.215169026492643,4.21510455938666,4.215398935308451,4.2124766801274385,4.216476680127438,4.214476680127438,4.215143346794105,4.21378430693689,4.21378430693689,4.215117640270222,4.216293331406222,4.2169599980728885,4.216293331406222,4.212543800888889,4.2175257680782225,4.2095257680782225,4.2128591014115555,4.210859101411556,4.216543800888888,4.215877134222222,4.215877134222222,4.215348032595405,4.217348032595406,4.213185542240633,4.216114351355897,4.213447684689231,4.212114351355897,4.213835693159311,4.216502359825977,4.216502359825977,4.214502359825977,4.215169026492643,4.216502359825977,4.213169026492643,4.215835693159311,4.214065601975118,4.214065601975118,4.214065601975118,4.216065601975118,4.217398935308451,4.213398935308451,4.217398935308451,4.215398935308451,4.212732268641784,4.215398935308451,4.213667344099555,4.214706830734222,4.212040164067556,4.218040164067555,4.214040164067556,4.2130006774328885,4.218040164067555,4.214681365928739
