bweforvideo-googAvailableReceiveBandwidth,0.0,0.0,0.0,0.0,0.0,0.0,0.0,0.0,0.0,0.0,0.0,0.0,0.0,0.0,0.0,0.0,0.0,0.0,0.0,0.0,0.0,0.0,0.0,0.0,0.0,0.0,0.0,0.0,0.0,0.0,0.0,0.0,0.0,0.0,0.0,0.0,0.0,0.0,0.0,0.0,0.0,0.0,0.0,0.0,0.0,0.0,0.0,0.0,0.0,0.0,0.0,0.0,0.0,0.0,0.0,0.0,0.0,0.0,0.0,0.0,0.0
bweforvideo-googAvailableSendBandwidth,1161543.0,1254832.0,1047488.0,1081278.0,1117530.0,1154895.0,1185095.0,832419.0,899689.0,969630.0,1048200.0,1133056.0,1222426.0,1116497.0,1204963.0,1124625.0,1156027.0,1187397.0,1219717.0,1252737.0,1061023.0,1096955.0,825467.0,863904.0,893180.0,924231.0,954377.0,981688.0,1022210.0,1058014.0,1094341.0,1133856.0,1170079.0,1263060.0,1081761.0,1169302.0,1261622.0,979183.0,1014470.0,1050935.0,1089195.0,1129612.0,1167794.0,1202433.0,1236814.0,1061334.0,1139559.0,1229643.0,1055156.0,1090737.0,1127993.0,1164690.0,860804.0,892518.0,924192.0,956563.0,992413.0,1027357.0,1064374.0,1101920.0,1143493.0
bweforvideo-googBucketDelay,6.0,0.0,0.0,0.0,0.0,0.0,0.0,6.0,0.0,7.0,0.0,0.0,0.0,0.0,0.0,0.0,0.0,0.0,0.0,36.0,0.0,0.0,7.0,7.0,8.0,0.0,7.0,0.0,0.0,0.0,0.0,0.0,0.0,67.0,0.0,0.0,50.0,0.0,0.0,7.0,7.0,0.0,8.0,0.0,0.0,21.0,0.0,0.0,0.0,0.0,0.0,0.0,0.0,8.0,0.0,0.0,0.0,0.0,0.0,0.0,0.0
timestamp,1546028732,1546028733,1546028734,1546028735,1546028736,1546028737,1546028738,1546028739,1546028740,1546028741,1546028742,1546028743,1546028744,1546028745,1546028746,1546028747,1546028748,1546028749,1546028750,1546028751,1546028752,1546028753,1546028754,1546028755,1546028756,1546028757,1546028758,1546028759,1546028760,1546028761,1546028762,1546028763,1546028764,1546028765,1546028766,1546028767,1546028768,1546028769,1546028770,1546028771,1546028772,1546028773,1546028774,1546028775,1546028776,1546028777,1546028778,1546028779,1546028780,1546028781,1546028782,1546028783,1546028784,1546028785,1546028786,1546028787,1546028788,1546028789,1546028790,1546028791,1546028792
audio_bitsReceivedPerSecond,985616.0,1029600.0,990992.0,983632.0,1013520.0,1002106.1061061061,961174.8251748251,1026944.0,753376.0,872952.0,942816.0,1019960.0,1028744.0,913720.0,775680.0,935928.0,940600.0,1036680.0,1019776.0,734128.0,890552.0,1120248.0,1062536.0,905816.0,713504.0,908952.0,944976.0,820688.0,975904.0,802480.0,831280.0,963184.0,997944.0,1022704.0,754424.0,869016.0,906848.0,980912.0,977424.0,1064352.0,961352.0,1011224.0,1028224.0,937200.0,755240.0,949544.0,1084276.2762762762,1022401.5984015984,993704.0,1053640.0,831312.0,877512.0,998128.0,930970.9709709709,918873.1268731268,905640.0,865008.0,1007792.0,935992.0,1088336.0,900968.0
audio_bitsSentPerSecond,1164904.0,1234184.0,1149488.0,1060576.0,1137256.0,1178874.874874875,1199208.7912087913,1057296.0,960248.0,932216.0,974928.0,1130464.0,1221136.0,1351600.0,1043232.0,1335128.0,1090400.0,1218424.0,1234552.0,1367936.0,1069128.0,1068920.0,1009208.0,972272.0,914728.0,889424.0,948480.0,943464.0,1029032.0,1084816.0,1108920.0,1149784.0,1198408.0,1429232.0,920104.0,1179384.0,1417072.0,991456.0,923552.0,1075376.0,1098488.0,1149888.0,1191128.0,1218416.0,1254288.0,1334360.0,996868.8688688689,1230833.1668331667,1264640.0,1013000.0,1152376.0,1188696.0,1073264.0,987339.3393393393,917794.2057942058,877424.0,997224.0,1040544.0,1079304.0,1132856.0,1148768.0
audio_packetsSentPerSecond,331.0,367.0,267.0,313.0,345.0,356.35635635635634,341.65834165834167,296.0,247.0,243.0,263.0,331.0,354.0,316.0,308.0,348.0,331.0,380.0,339.0,371.0,261.0,339.0,289.0,249.0,241.0,236.0,240.0,247.0,274.0,304.0,313.0,338.0,348.0,360.0,241.0,372.0,384.0,260.0,265.0,316.0,296.0,328.0,340.0,345.0,357.0,333.0,303.3033033033033,370.6293706293706,302.0,330.0,328.0,337.0,304.0,249.24924924924926,243.75624375624375,237.0,267.0,292.0,290.0,327.0,322.0
audio_googLocalAddress,35.204.47.190:54634,35.204.47.190:54634,35.204.47.190:54634,35.204.47.190:54634,35.204.47.190:54634,35.204.47.190:54634,35.204.47.190:54634,35.204.47.190:54634,35.204.47.190:54634,35.204.47.190:54634,35.204.47.190:54634,35.204.47.190:54634,35.204.47.190:54634,35.204.47.190:54634,35.204.47.190:54634,35.204.47.190:54634,35.204.47.190:54634,35.204.47.190:54634,35.204.47.190:54634,35.204.47.190:54634,35.204.47.190:54634,35.204.47.190:54634,35.204.47.190:54634,35.204.47.190:54634,35.204.47.190:54634,35.204.47.190:54634,35.204.47.190:54634,35.204.47.190:54634,35.204.47.190:54634,35.204.47.190:54634,35.204.47.190:54634,35.204.47.190:54634,35.204.47.190:54634,35.204.47.190:54634,35.204.47.190:54634,35.204.47.190:54634,35.204.47.190:54634,35.204.47.190:54634,35.204.47.190:54634,35.204.47.190:54634,35.204.47.190:54634,35.204.47.190:54634,35.204.47.190:54634,35.204.47.190:54634,35.204.47.190:54634,35.204.47.190:54634,35.204.47.190:54634,35.204.47.190:54634,35.204.47.190:54634,35.204.47.190:54634,35.204.47.190:54634,35.204.47.190:54634,35.204.47.190:54634,35.204.47.190:54634,35.204.47.190:54634,35.204.47.190:54634,35.204.47.190:54634,35.204.47.190:54634,35.204.47.190:54634,35.204.47.190:54634,35.204.47.190:54634
audio_googRemoteAddress,35.159.17.120:10000,35.159.17.120:10000,35.159.17.120:10000,35.159.17.120:10000,35.159.17.120:10000,35.159.17.120:10000,35.159.17.120:10000,35.159.17.120:10000,35.159.17.120:10000,35.159.17.120:10000,35.159.17.120:10000,35.159.17.120:10000,35.159.17.120:10000,35.159.17.120:10000,35.159.17.120:10000,35.159.17.120:10000,35.159.17.120:10000,35.159.17.120:10000,35.159.17.120:10000,35.159.17.120:10000,35.159.17.120:10000,35.159.17.120:10000,35.159.17.120:10000,35.159.17.120:10000,35.159.17.120:10000,35.159.17.120:10000,35.159.17.120:10000,35.159.17.120:10000,35.159.17.120:10000,35.159.17.120:10000,35.159.17.120:10000,35.159.17.120:10000,35.159.17.120:10000,35.159.17.120:10000,35.159.17.120:10000,35.159.17.120:10000,35.159.17.120:10000,35.159.17.120:10000,35.159.17.120:10000,35.159.17.120:10000,35.159.17.120:10000,35.159.17.120:10000,35.159.17.120:10000,35.159.17.120:10000,35.159.17.120:10000,35.159.17.120:10000,35.159.17.120:10000,35.159.17.120:10000,35.159.17.120:10000,35.159.17.120:10000,35.159.17.120:10000,35.159.17.120:10000,35.159.17.120:10000,35.159.17.120:10000,35.159.17.120:10000,35.159.17.120:10000,35.159.17.120:10000,35.159.17.120:10000,35.159.17.120:10000,35.159.17.120:10000,35.159.17.120:10000
audio_googRtt,14.0,14.0,14.0,14.0,14.0,14.0,14.0,14.0,14.0,14.0,14.0,14.0,14.0,37.0,37.0,37.0,31.0,31.0,27.0,27.0,27.0,24.0,24.0,21.0,21.0,21.0,19.0,19.0,18.0,18.0,18.0,21.0,21.0,19.0,19.0,19.0,18.0,18.0,17.0,17.0,17.0,16.0,16.0,15.0,15.0,15.0,18.0,18.0,18.0,18.0,18.0,17.0,17.0,16.0,16.0,16.0,15.0,15.0,15.0,15.0,15.0
audio_send_bitsSentPerSecond_3566509126,23984.0,24240.0,24280.0,24232.0,24408.0,24240.24024024024,24239.76023976024,24360.0,24448.0,24592.0,24584.0,24656.0,24288.0,24136.0,24552.0,24448.0,24584.0,24648.0,24432.0,24680.0,24392.0,24280.0,24024.0,23888.0,24584.0,24280.0,24568.0,24656.0,24792.0,25080.0,24680.0,24720.0,24944.0,24728.0,25032.0,24488.0,25072.0,24896.0,25232.0,24648.0,24352.0,24944.0,25792.0,24648.0,25056.0,25080.0,24704.704704704705,24655.344655344656,24600.0,24568.0,24408.0,24776.0,24408.0,24608.608608608607,24807.19280719281,23864.0,24768.0,24544.0,24680.0,25344.0,24840.0
audio_send_packetsLost_3566509126,2.0,2.0,2.0,2.0,2.0,2.0,2.0,2.0,2.0,2.0,2.0,2.0,2.0,2.0,2.0,2.0,2.0,2.0,2.0,2.0,2.0,2.0,2.0,2.0,2.0,2.0,2.0,3.0,3.0,3.0,3.0,3.0,3.0,3.0,3.0,3.0,3.0,3.0,3.0,3.0,3.0,3.0,3.0,3.0,3.0,3.0,3.0,3.0,3.0,3.0,3.0,3.0,3.0,3.0,3.0,3.0,3.0,3.0,3.0,3.0,3.0
audio_send_packetsSentPerSecond_3566509126,50.0,50.0,50.0,50.0,50.0,50.050050050050054,49.95004995004995,50.0,50.0,50.0,50.0,50.0,50.0,50.0,50.0,50.0,50.0,50.0,50.0,50.0,50.0,50.0,50.0,50.0,50.0,50.0,50.0,50.0,50.0,50.0,50.0,50.0,50.0,50.0,50.0,50.0,50.0,50.0,50.0,50.0,50.0,50.0,50.0,50.0,50.0,50.0,50.050050050050054,49.95004995004995,50.0,50.0,50.0,50.0,50.0,50.050050050050054,49.95004995004995,50.0,50.0,50.0,50.0,50.0,50.0
audio_send_googJitterReceived_3566509126,4.0,1.0,1.0,1.0,1.0,1.0,1.0,1.0,10.0,10.0,10.0,10.0,10.0,10.0,10.0,21.0,21.0,21.0,53.0,53.0,53.0,53.0,1.0,1.0,1.0,1.0,1.0,1.0,1.0,1.0,1.0,1.0,1.0,1.0,4.0,4.0,4.0,4.0,4.0,4.0,4.0,1.0,1.0,1.0,1.0,7.0,7.0,7.0,7.0,7.0,14.0,14.0,14.0,14.0,14.0,14.0,1.0,1.0,1.0,2.0,2.0
audio_send_googRtt_3566509126,42.0,39.0,39.0,39.0,39.0,39.0,39.0,39.0,39.0,39.0,39.0,39.0,39.0,39.0,39.0,40.0,40.0,40.0,40.0,40.0,40.0,40.0,39.0,39.0,39.0,39.0,39.0,40.0,40.0,40.0,40.0,40.0,40.0,40.0,40.0,40.0,40.0,40.0,40.0,40.0,40.0,40.0,40.0,40.0,40.0,42.0,42.0,42.0,42.0,42.0,39.0,39.0,39.0,39.0,39.0,39.0,39.0,39.0,39.0,39.0,39.0
video_send_bitsSentPerSecond_1738159338,1116984.0,1183880.0,1103200.0,1014720.0,1090568.0,1130954.954954955,1153654.3456543456,1009952.0,917552.0,887824.0,928896.0,1079560.0,1172728.0,1304800.0,998896.0,1286640.0,1044720.0,1168216.0,1188688.0,1319040.0,1024488.0,1017208.0,964008.0,927176.0,873160.0,845088.0,906688.0,899472.0,984984.0,1037632.0,1061464.0,1099040.0,1149088.0,1380160.0,877448.0,1131256.0,1368760.0,945352.0,880232.0,1028048.0,1052352.0,1097688.0,1143024.0,1168992.0,1208984.0,1302600.0,934374.3743743744,1181746.2537462537,1219968.0,965000.0,1105000.0,1137928.0,1028848.0,939787.7877877877,874613.3866133866,832800.0,954560.0,993848.0,1035368.0,1085328.0,1101312.0
video_send_packetsLost_1738159338,1.0,1.0,1.0,1.0,1.0,1.0,1.0,1.0,1.0,1.0,1.0,1.0,1.0,1.0,1.0,1.0,1.0,1.0,1.0,1.0,1.0,1.0,1.0,1.0,1.0,1.0,1.0,1.0,1.0,1.0,1.0,1.0,1.0,1.0,1.0,1.0,1.0,1.0,1.0,1.0,1.0,1.0,1.0,1.0,1.0,1.0,1.0,1.0,1.0,1.0,1.0,1.0,1.0,1.0,1.0,1.0,1.0,1.0,1.0,1.0,1.0
video_send_packetsSentPerSecond_1738159338,251.0,287.0,184.0,237.0,264.0,277.2772772772773,263.7362637362637,215.0,168.0,165.0,181.0,251.0,271.0,239.0,229.0,269.0,252.0,300.0,259.0,293.0,182.0,257.0,210.0,169.0,163.0,158.0,163.0,172.0,194.0,226.0,232.0,258.0,265.0,280.0,163.0,296.0,303.0,182.0,188.0,238.0,215.0,247.0,262.0,264.0,281.0,253.0,223.22322322322321,293.7062937062937,223.0,251.0,247.0,257.0,224.0,170.17017017017017,163.83616383616385,157.0,190.0,213.0,212.0,252.0,241.0
video_send_googEncodeUsagePercent_1738159338,29.0,29.0,29.0,30.0,30.0,30.0,30.0,29.0,29.0,29.0,29.0,29.0,29.0,29.0,30.0,30.0,31.0,31.0,30.0,30.0,31.0,31.0,31.0,30.0,30.0,30.0,30.0,30.0,29.0,29.0,29.0,29.0,30.0,29.0,30.0,31.0,31.0,31.0,32.0,31.0,31.0,30.0,30.0,30.0,30.0,30.0,31.0,30.0,30.0,31.0,31.0,31.0,31.0,31.0,31.0,31.0,30.0,30.0,30.0,30.0,29.0
video_send_googFrameHeightSent_1738159338,360.0,360.0,720.0,720.0,720.0,720.0,720.0,360.0,360.0,360.0,360.0,360.0,360.0,720.0,720.0,720.0,720.0,720.0,720.0,720.0,720.0,720.0,720.0,720.0,720.0,360.0,360.0,360.0,360.0,360.0,360.0,360.0,360.0,720.0,720.0,720.0,720.0,720.0,720.0,720.0,720.0,720.0,360.0,360.0,360.0,720.0,720.0,720.0,720.0,720.0,720.0,720.0,720.0,360.0,360.0,360.0,360.0,360.0,360.0,360.0,360.0
video_send_googFrameRateSent_1738159338,61.0,59.0,61.0,61.0,61.0,61.0,61.0,61.0,61.0,61.0,61.0,61.0,61.0,61.0,61.0,61.0,61.0,61.0,61.0,61.0,61.0,61.0,61.0,61.0,61.0,61.0,61.0,61.0,61.0,61.0,60.0,61.0,61.0,61.0,61.0,61.0,61.0,61.0,60.0,61.0,60.0,60.0,60.0,61.0,60.0,60.0,60.0,60.0,60.0,61.0,60.0,61.0,61.0,61.0,60.0,60.0,60.0,60.0,60.0,60.0,60.0
video_send_googFrameWidthSent_1738159338,640.0,640.0,1280.0,1280.0,1280.0,1280.0,1280.0,640.0,640.0,640.0,640.0,640.0,640.0,1280.0,1280.0,1280.0,1280.0,1280.0,1280.0,1280.0,1280.0,1280.0,1280.0,1280.0,1280.0,640.0,640.0,640.0,640.0,640.0,640.0,640.0,640.0,1280.0,1280.0,1280.0,1280.0,1280.0,1280.0,1280.0,1280.0,1280.0,640.0,640.0,640.0,1280.0,1280.0,1280.0,1280.0,1280.0,1280.0,1280.0,1280.0,640.0,640.0,640.0,640.0,640.0,640.0,640.0,640.0
video_send_googRtt_1738159338,29.0,31.0,32.0,29.0,27.0,26.0,24.0,21.0,27.0,25.0,24.0,23.0,20.0,20.0,26.0,24.0,26.0,24.0,24.0,22.0,21.0,23.0,24.0,24.0,26.0,25.0,22.0,22.0,23.0,21.0,20.0,19.0,17.0,17.0,18.0,18.0,18.0,18.0,17.0,16.0,15.0,14.0,15.0,16.0,16.0,15.0,21.0,26.0,23.0,21.0,20.0,19.0,18.0,18.0,19.0,18.0,18.0,18.0,17.0,16.0,16.0
audio_recv_bitsReceivedPerSecond_566779898,27176.0,32360.0,35920.0,42000.0,42000.0,42042.04204204204,41958.041958041955,42000.0,42000.0,42000.0,42000.0,42000.0,42000.0,42000.0,42000.0,42000.0,42000.0,42000.0,42000.0,42000.0,42000.0,42000.0,38656.0,38240.0,36760.0,41312.0,26896.0,18456.0,20400.0,18480.0,15688.0,11984.0,12240.0,11888.0,11384.0,15456.0,16400.0,11680.0,26936.0,42000.0,42000.0,42000.0,38656.0,31520.0,42000.0,42000.0,39519.51951951952,44475.52447552448,42000.0,42000.0,42000.0,42000.0,42000.0,42042.04204204204,32727.272727272728,13040.0,9896.0,20456.0,32904.0,28416.0,42584.0
audio_recv_packetsReceivedPerSecond_566779898,31.0,37.0,42.0,50.0,50.0,50.050050050050054,49.95004995004995,50.0,50.0,50.0,50.0,50.0,50.0,50.0,50.0,50.0,50.0,50.0,50.0,50.0,50.0,50.0,46.0,44.0,43.0,49.0,31.0,21.0,23.0,21.0,18.0,12.0,12.0,12.0,11.0,16.0,18.0,12.0,30.0,50.0,50.0,50.0,46.0,36.0,50.0,50.0,47.047047047047045,52.947052947052946,50.0,50.0,50.0,50.0,50.0,50.050050050050054,38.96103896103896,14.0,11.0,23.0,39.0,32.0,51.0
audio_recv_googCurrentDelayMs_566779898,91.0,72.0,88.0,109.0,61.0,58.0,48.0,48.0,47.0,48.0,48.0,49.0,45.0,46.0,46.0,46.0,56.0,46.0,45.0,46.0,46.0,39.0,134.0,78.0,126.0,192.0,98.0,48.0,63.0,42.0,27.0,22.0,26.0,24.0,21.0,28.0,32.0,25.0,46.0,157.0,91.0,47.0,45.0,54.0,181.0,307.0,370.0,364.0,368.0,368.0,378.0,209.0,107.0,37.0,53.0,35.0,24.0,76.0,104.0,84.0,184.0
audio_recv_googJitterBufferMs_566779898,12.0,23.0,61.0,68.0,40.0,40.0,30.0,30.0,30.0,30.0,30.0,46.0,28.0,28.0,28.0,28.0,38.0,28.0,28.0,28.0,28.0,80.0,113.0,28.0,89.0,156.0,25.0,1.0,43.0,2.0,2.0,0.0,0.0,0.0,2.0,2.0,10.0,5.0,15.0,136.0,70.0,29.0,29.0,21.0,152.0,277.0,272.0,350.0,350.0,350.0,360.0,168.0,78.0,27.0,19.0,7.0,5.0,56.0,76.0,3.0,159.0
audio_recv_googJitterReceived_566779898,7.0,7.0,7.0,7.0,7.0,1.0,1.0,1.0,1.0,2.0,2.0,2.0,2.0,2.0,1.0,1.0,1.0,2.0,2.0,2.0,2.0,2.0,2.0,2.0,3.0,3.0,3.0,3.0,27.0,27.0,27.0,27.0,53.0,53.0,53.0,53.0,45.0,45.0,45.0,45.0,45.0,45.0,45.0,3.0,3.0,3.0,1.0,1.0,1.0,1.0,2.0,2.0,2.0,2.0,2.0,8.0,8.0,8.0,8.0,8.0,8.0
audio_recv_googPreferredJitterBufferMs_566779898,240.0,240.0,220.0,20.0,20.0,20.0,20.0,20.0,20.0,20.0,20.0,20.0,20.0,20.0,20.0,20.0,20.0,20.0,20.0,20.0,20.0,20.0,220.0,220.0,220.0,220.0,260.0,340.0,440.0,440.0,440.0,440.0,320.0,320.0,320.0,340.0,340.0,440.0,440.0,440.0,20.0,20.0,440.0,440.0,440.0,440.0,440.0,440.0,440.0,440.0,440.0,20.0,20.0,20.0,440.0,380.0,440.0,440.0,440.0,440.0,440.0
video_recv_bitsReceivedPerSecond_2362205683,148040.0,176312.0,166448.0,162952.0,150288.0,166910.9109109109,166633.36663336665,174200.0,184216.0,154264.0,156192.0,161536.0,170384.0,161272.0,154192.0,168168.0,160024.0,177664.0,175088.0,155616.0,162056.0,290096.0,216264.0,231000.0,131072.0,156824.0,161216.0,144360.0,199912.0,168528.0,160072.0,161432.0,172608.0,160464.0,153320.0,166784.0,159568.0,179664.0,159760.0,174128.0,158936.0,161448.0,170168.0,160256.0,155576.0,166704.0,295935.93593593594,164915.0849150849,149232.0,168208.0,162824.0,159368.0,174568.0,159855.85585585586,153830.16983016982,309288.0,140056.0,166616.0,159376.0,284768.0,168064.0
video_recv_packetsReceivedPerSecond_2362205683,56.0,65.0,59.0,61.0,59.0,60.06006006006006,59.94005994005994,61.0,63.0,60.0,60.0,60.0,60.0,60.0,60.0,60.0,59.0,61.0,62.0,59.0,61.0,74.0,64.0,71.0,60.0,60.0,60.0,47.0,74.0,60.0,60.0,60.0,60.0,60.0,60.0,60.0,59.0,61.0,59.0,63.0,60.0,60.0,60.0,60.0,60.0,60.0,68.06806806806807,69.93006993006993,60.0,60.0,60.0,60.0,60.0,60.06006006006006,59.94005994005994,75.0,62.0,60.0,60.0,71.0,65.0
video_recv_googCurrentDelayMs_2362205683,82.0,82.0,82.0,82.0,82.0,82.0,82.0,82.0,82.0,81.0,81.0,81.0,81.0,81.0,81.0,80.0,80.0,80.0,80.0,80.0,80.0,81.0,81.0,79.0,79.0,79.0,79.0,78.0,78.0,78.0,78.0,78.0,77.0,77.0,77.0,77.0,77.0,77.0,76.0,76.0,76.0,76.0,76.0,76.0,76.0,76.0,78.0,79.0,78.0,78.0,78.0,78.0,78.0,78.0,78.0,77.0,77.0,77.0,76.0,77.0,75.0
video_recv_googDecodeMs_2362205683,1.0,1.0,1.0,1.0,1.0,1.0,1.0,0.0,1.0,0.0,0.0,0.0,1.0,1.0,1.0,1.0,0.0,1.0,1.0,1.0,0.0,1.0,1.0,1.0,0.0,1.0,1.0,1.0,0.0,0.0,0.0,0.0,0.0,0.0,0.0,1.0,0.0,1.0,1.0,1.0,1.0,0.0,0.0,0.0,0.0,0.0,1.0,1.0,1.0,0.0,0.0,1.0,1.0,1.0,1.0,1.0,1.0,1.0,1.0,1.0,1.0
video_recv_googFrameHeightReceived_2362205683,180.0,180.0,180.0,180.0,180.0,180.0,180.0,180.0,180.0,180.0,180.0,180.0,180.0,180.0,180.0,180.0,180.0,180.0,180.0,180.0,180.0,180.0,180.0,180.0,180.0,180.0,180.0,180.0,180.0,180.0,180.0,180.0,180.0,180.0,180.0,180.0,180.0,180.0,180.0,180.0,180.0,180.0,180.0,180.0,180.0,180.0,180.0,180.0,180.0,180.0,180.0,180.0,180.0,180.0,180.0,180.0,180.0,180.0,180.0,180.0,180.0
video_recv_googFrameRateOutput_2362205683,60.0,61.0,60.0,61.0,60.0,60.0,60.0,60.0,61.0,60.0,60.0,60.0,60.0,60.0,61.0,60.0,60.0,60.0,60.0,60.0,60.0,53.0,61.0,55.0,61.0,62.0,59.0,52.0,62.0,61.0,60.0,60.0,60.0,61.0,59.0,60.0,60.0,60.0,60.0,61.0,60.0,60.0,60.0,60.0,60.0,60.0,54.0,62.0,60.0,61.0,60.0,60.0,60.0,61.0,60.0,56.0,61.0,60.0,61.0,60.0,56.0
video_recv_googFrameRateReceived_2362205683,56.0,65.0,58.0,61.0,60.0,60.0,60.0,61.0,61.0,60.0,60.0,60.0,60.0,60.0,60.0,60.0,59.0,61.0,60.0,59.0,61.0,59.0,57.0,62.0,60.0,60.0,60.0,47.0,62.0,60.0,60.0,59.0,60.0,60.0,60.0,60.0,59.0,61.0,58.0,62.0,60.0,60.0,60.0,60.0,60.0,60.0,52.0,68.0,60.0,60.0,59.0,60.0,60.0,60.0,60.0,59.0,62.0,60.0,60.0,57.0,63.0
video_recv_googFrameWidthReceived_2362205683,320.0,320.0,320.0,320.0,320.0,320.0,320.0,320.0,320.0,320.0,320.0,320.0,320.0,320.0,320.0,320.0,320.0,320.0,320.0,320.0,320.0,320.0,320.0,320.0,320.0,320.0,320.0,320.0,320.0,320.0,320.0,320.0,320.0,320.0,320.0,320.0,320.0,320.0,320.0,320.0,320.0,320.0,320.0,320.0,320.0,320.0,320.0,320.0,320.0,320.0,320.0,320.0,320.0,320.0,320.0,320.0,320.0,320.0,320.0,320.0,320.0
video_recv_googInterframeDelayMax_2362205683,19.0,25.0,19.0,18.0,18.0,18.0,18.0,18.0,18.0,20.0,19.0,38.0,19.0,18.0,18.0,18.0,18.0,18.0,35.0,18.0,18.0,70.0,18.0,48.0,18.0,18.0,21.0,18.0,197.0,18.0,18.0,18.0,19.0,18.0,35.0,18.0,26.0,18.0,18.0,18.0,18.0,18.0,18.0,18.0,18.0,18.0,59.0,134.0,18.0,18.0,24.0,18.0,18.0,18.0,19.0,43.0,18.0,18.0,18.0,18.0,42.0
video_recv_googJitterBufferMs_2362205683,71.0,71.0,71.0,71.0,71.0,71.0,71.0,71.0,71.0,70.0,70.0,70.0,70.0,70.0,70.0,69.0,69.0,69.0,69.0,69.0,69.0,70.0,70.0,68.0,68.0,68.0,68.0,67.0,67.0,67.0,67.0,67.0,66.0,66.0,66.0,66.0,66.0,66.0,66.0,65.0,65.0,65.0,65.0,65.0,65.0,65.0,67.0,68.0,67.0,67.0,67.0,67.0,67.0,67.0,67.0,66.0,66.0,66.0,65.0,66.0,64.0
video_recv_googPlisSent_2362205683,0.0,0.0,0.0,0.0,0.0,0.0,0.0,0.0,0.0,0.0,0.0,0.0,0.0,0.0,0.0,0.0,0.0,0.0,0.0,0.0,0.0,0.0,0.0,0.0,0.0,0.0,0.0,0.0,0.0,0.0,0.0,0.0,0.0,0.0,0.0,0.0,0.0,0.0,0.0,0.0,0.0,0.0,0.0,0.0,0.0,0.0,0.0,0.0,0.0,0.0,0.0,0.0,0.0,0.0,0.0,0.0,0.0,0.0,0.0,0.0,0.0
audio_recv_bitsReceivedPerSecond_2083588748,42016.0,41160.0,41968.0,41216.0,37240.0,40160.16016016016,41998.001998002,41960.0,41160.0,42976.0,42000.0,41160.0,41040.0,38640.0,44520.0,42000.0,42000.0,42000.0,42168.0,41832.0,40552.0,42000.0,42000.0,26480.0,35920.0,32560.0,42000.0,33600.0,43704.0,36136.0,31520.0,31520.0,30896.0,31520.0,24144.0,27000.0,41936.0,42000.0,42000.0,40336.0,39080.0,41256.0,42000.0,38640.0,45360.0,39920.0,41305.30530530531,40503.496503496506,40536.0,40448.0,40136.0,31736.0,40960.0,28068.068068068067,37034.96503496503,42840.0,42000.0,42000.0,32560.0,42000.0,42000.0
audio_recv_packetsReceivedPerSecond_2083588748,50.0,49.0,50.0,49.0,43.0,47.047047047047045,49.95004995004995,50.0,49.0,51.0,50.0,49.0,49.0,46.0,53.0,50.0,50.0,50.0,50.0,50.0,48.0,50.0,50.0,30.0,42.0,38.0,50.0,40.0,51.0,43.0,36.0,36.0,36.0,36.0,27.0,31.0,50.0,50.0,50.0,48.0,45.0,49.0,50.0,46.0,54.0,46.0,49.049049049049046,47.952047952047955,48.0,48.0,47.0,37.0,48.0,33.033033033033036,43.956043956043956,51.0,50.0,50.0,38.0,50.0,50.0
audio_recv_googCurrentDelayMs_2083588748,59.0,59.0,56.0,53.0,76.0,138.0,267.0,355.0,372.0,386.0,389.0,380.0,356.0,354.0,350.0,350.0,360.0,350.0,350.0,378.0,203.0,102.0,51.0,56.0,134.0,126.0,207.0,298.0,227.0,180.0,130.0,90.0,111.0,90.0,53.0,72.0,77.0,40.0,40.0,55.0,96.0,176.0,223.0,233.0,240.0,224.0,210.0,226.0,246.0,223.0,215.0,144.0,144.0,100.0,74.0,238.0,287.0,279.0,192.0,255.0,289.0
audio_recv_googJitterBufferMs_2083588748,54.0,33.0,35.0,35.0,34.0,128.0,242.0,346.0,373.0,383.0,383.0,363.0,343.0,270.0,344.0,344.0,354.0,344.0,344.0,370.0,152.0,89.0,50.0,67.0,126.0,80.0,190.0,114.0,175.0,91.0,52.0,47.0,47.0,45.0,3.0,50.0,67.0,30.0,30.0,35.0,63.0,152.0,214.0,132.0,242.0,178.0,204.0,195.0,201.0,192.0,196.0,54.0,118.0,31.0,96.0,231.0,271.0,281.0,136.0,232.0,271.0
audio_recv_googJitterReceived_2083588748,6.0,6.0,6.0,6.0,2.0,2.0,2.0,2.0,2.0,2.0,2.0,2.0,2.0,2.0,2.0,1.0,1.0,1.0,1.0,1.0,1.0,2.0,2.0,2.0,2.0,2.0,2.0,2.0,22.0,22.0,22.0,22.0,7.0,7.0,7.0,7.0,2.0,2.0,2.0,2.0,2.0,1.0,1.0,1.0,1.0,4.0,4.0,4.0,4.0,2.0,2.0,2.0,2.0,2.0,7.0,7.0,7.0,7.0,7.0,7.0,7.0
audio_recv_googPreferredJitterBufferMs_2083588748,40.0,40.0,40.0,40.0,440.0,440.0,440.0,440.0,440.0,440.0,440.0,440.0,440.0,440.0,440.0,440.0,440.0,440.0,440.0,440.0,20.0,20.0,20.0,440.0,440.0,440.0,440.0,440.0,260.0,260.0,260.0,260.0,220.0,160.0,200.0,260.0,20.0,20.0,20.0,260.0,260.0,260.0,260.0,260.0,260.0,260.0,260.0,260.0,260.0,260.0,260.0,200.0,200.0,340.0,340.0,340.0,340.0,340.0,340.0,340.0,340.0
video_recv_bitsReceivedPerSecond_3762060166,739816.0,750600.0,716728.0,713880.0,746800.0,725245.2452452453,678153.8461538461,761088.0,439224.0,608888.0,675328.0,740832.0,740832.0,654664.0,496376.0,656552.0,664080.0,747072.0,739640.0,455728.0,614912.0,715040.0,732088.0,588456.0,480824.0,655320.0,686272.0,606120.0,679536.0,556576.0,593752.0,730112.0,757416.0,784448.0,538008.0,634008.0,656320.0,725640.0,717240.0,781608.0,689136.0,737552.0,741088.0,680520.0,481024.0,674672.0,700772.7727727728,719128.8711288711,732080.0,775696.0,553240.0,614944.0,707072.0,678718.7187187187,665246.7532467532,518592.0,640976.0,755112.0,680768.0,706088.0,615512.0
video_recv_packetsReceivedPerSecond_3762060166,104.0,104.0,105.0,101.0,107.0,106.10610610610611,94.9050949050949,108.0,61.0,86.0,97.0,107.0,108.0,92.0,68.0,99.0,97.0,105.0,103.0,61.0,89.0,103.0,105.0,82.0,66.0,100.0,96.0,85.0,94.0,81.0,82.0,105.0,108.0,111.0,74.0,89.0,96.0,104.0,100.0,113.0,100.0,103.0,112.0,95.0,69.0,100.0,101.10110110110111,104.8951048951049,105.0,112.0,79.0,87.0,102.0,98.09809809809809,91.9080919080919,71.0,95.0,104.0,98.0,104.0,91.0
video_recv_googCurrentDelayMs_3762060166,49.0,49.0,48.0,48.0,47.0,47.0,47.0,47.0,63.0,61.0,59.0,57.0,55.0,55.0,62.0,61.0,59.0,57.0,55.0,66.0,64.0,62.0,59.0,59.0,77.0,74.0,72.0,70.0,77.0,76.0,74.0,73.0,70.0,68.0,80.0,78.0,76.0,73.0,71.0,69.0,66.0,64.0,62.0,68.0,93.0,90.0,88.0,85.0,83.0,80.0,80.0,90.0,87.0,85.0,83.0,95.0,93.0,90.0,88.0,86.0,84.0
video_recv_googDecodeMs_3762060166,1.0,3.0,2.0,2.0,1.0,2.0,2.0,2.0,2.0,2.0,1.0,2.0,2.0,5.0,2.0,2.0,2.0,2.0,1.0,2.0,3.0,2.0,2.0,4.0,3.0,3.0,2.0,2.0,4.0,4.0,4.0,3.0,4.0,4.0,2.0,2.0,2.0,1.0,2.0,1.0,2.0,3.0,2.0,11.0,1.0,3.0,2.0,2.0,2.0,2.0,3.0,2.0,2.0,2.0,3.0,3.0,2.0,2.0,2.0,1.0,2.0
video_recv_googFrameHeightReceived_3762060166,360.0,360.0,360.0,360.0,360.0,360.0,360.0,360.0,360.0,360.0,360.0,360.0,360.0,720.0,360.0,360.0,360.0,360.0,360.0,360.0,360.0,360.0,360.0,720.0,360.0,360.0,360.0,360.0,720.0,720.0,720.0,720.0,720.0,720.0,360.0,360.0,360.0,360.0,360.0,360.0,360.0,360.0,360.0,720.0,360.0,360.0,360.0,360.0,360.0,360.0,720.0,360.0,360.0,360.0,720.0,360.0,360.0,360.0,360.0,360.0,360.0
video_recv_googFrameRateOutput_3762060166,58.0,60.0,59.0,59.0,59.0,60.0,59.0,59.0,34.0,60.0,60.0,57.0,59.0,53.0,36.0,60.0,57.0,58.0,59.0,28.0,60.0,60.0,60.0,45.0,36.0,60.0,57.0,51.0,25.0,59.0,59.0,59.0,60.0,59.0,38.0,60.0,60.0,59.0,58.0,58.0,58.0,58.0,59.0,52.0,36.0,58.0,57.0,59.0,58.0,59.0,52.0,49.0,60.0,56.0,52.0,41.0,60.0,58.0,57.0,58.0,58.0
video_recv_googFrameRateReceived_3762060166,60.0,60.0,60.0,60.0,59.0,61.0,60.0,61.0,30.0,61.0,59.0,60.0,60.0,49.0,36.0,60.0,60.0,60.0,61.0,24.0,60.0,60.0,60.0,45.0,38.0,60.0,60.0,48.0,28.0,59.0,60.0,60.0,60.0,61.0,32.0,60.0,61.0,59.0,60.0,61.0,60.0,59.0,61.0,48.0,36.0,60.0,60.0,60.0,61.0,59.0,43.0,49.0,60.0,60.0,48.0,41.0,60.0,60.0,61.0,59.0,60.0
video_recv_googFrameWidthReceived_3762060166,640.0,640.0,640.0,640.0,640.0,640.0,640.0,640.0,640.0,640.0,640.0,640.0,640.0,1280.0,640.0,640.0,640.0,640.0,640.0,640.0,640.0,640.0,640.0,1280.0,640.0,640.0,640.0,640.0,1280.0,1280.0,1280.0,1280.0,1280.0,1280.0,640.0,640.0,640.0,640.0,640.0,640.0,640.0,640.0,640.0,1280.0,640.0,640.0,640.0,640.0,640.0,640.0,1280.0,640.0,640.0,640.0,1280.0,640.0,640.0,640.0,640.0,640.0,640.0
video_recv_googInterframeDelayMax_3762060166,20.0,19.0,19.0,19.0,19.0,20.0,19.0,19.0,366.0,41.0,26.0,60.0,19.0,78.0,322.0,27.0,55.0,20.0,19.0,314.0,29.0,29.0,27.0,129.0,409.0,23.0,69.0,19.0,185.0,34.0,20.0,19.0,20.0,19.0,334.0,27.0,23.0,23.0,27.0,20.0,19.0,20.0,21.0,48.0,389.0,21.0,19.0,19.0,19.0,19.0,43.0,237.0,33.0,89.0,49.0,349.0,23.0,22.0,20.0,19.0,19.0
video_recv_googJitterBufferMs_3762060166,36.0,36.0,35.0,35.0,35.0,34.0,34.0,34.0,50.0,48.0,46.0,44.0,42.0,42.0,49.0,48.0,46.0,44.0,42.0,53.0,51.0,49.0,46.0,46.0,64.0,61.0,59.0,57.0,64.0,62.0,60.0,58.0,55.0,53.0,65.0,63.0,61.0,58.0,56.0,54.0,52.0,50.0,48.0,54.0,80.0,77.0,75.0,72.0,70.0,67.0,67.0,77.0,74.0,72.0,70.0,82.0,80.0,77.0,75.0,73.0,71.0
video_recv_googPlisSent_3762060166,0.0,0.0,0.0,0.0,0.0,0.0,0.0,0.0,0.0,0.0,0.0,0.0,0.0,0.0,0.0,0.0,0.0,0.0,0.0,0.0,0.0,0.0,0.0,0.0,0.0,0.0,0.0,0.0,0.0,0.0,0.0,0.0,0.0,0.0,0.0,0.0,0.0,0.0,0.0,0.0,0.0,0.0,0.0,0.0,0.0,0.0,0.0,0.0,0.0,0.0,0.0,0.0,0.0,0.0,0.0,0.0,0.0,0.0,0.0,0.0,0.0
video_send_resolutionChangesSent_1738159338,5,5,6,6,6,6,6,7,7,7,7,7,7,8,8,8,8,8,8,8,8,8,8,8,8,9,9,9,9,9,9,9,9,10,10,10,10,10,10,10,10,10,11,11,11,12,12,12,12,12,12,12,12,13,13,13,13,13,13,13,13
video_recv_resolutionChangesReceived_2362205683,0,0,0,0,0,0,0,0,0,0,0,0,0,0,0,0,0,0,0,0,0,0,0,0,0,0,0,0,0,0,0,0,0,0,0,0,0,0,0,0,0,0,0,0,0,0,0,0,0,0,0,0,0,0,0,0,0,0,0,0,0
video_recv_resolutionChangesReceived_3762060166,2,2,2,2,2,2,2,2,2,2,2,2,2,3,4,4,4,4,4,4,4,4,4,5,6,6,6,6,7,7,7,7,7,7,8,8,8,8,8,8,8,8,8,9,10,10,10,10,10,10,11,12,12,12,13,14,14,14,14,14,14
1_way_delay_audio_send_1738159338_0,21.0,19.5,19.5,19.5,19.5,19.5,19.5,19.5,19.5,19.5,19.5,19.5,19.5,19.5,19.5,20.0,20.0,20.0,20.0,20.0,20.0,20.0,19.5,19.5,19.5,19.5,19.5,20.0,20.0,20.0,20.0,20.0,20.0,20.0,20.0,20.0,20.0,20.0,20.0,20.0,20.0,20.0,20.0,20.0,20.0,21.0,21.0,21.0,21.0,21.0,19.5,19.5,19.5,19.5,19.5,19.5,19.5,19.5,19.5,19.5,19.5
1_way_delay_video_send_1738159338_0,14.5,15.5,16.0,14.5,13.5,13.0,12.0,10.5,13.5,12.5,12.0,11.5,10.0,10.0,13.0,12.0,13.0,12.0,12.0,11.0,10.5,11.5,12.0,12.0,13.0,12.5,11.0,11.0,11.5,10.5,10.0,9.5,8.5,8.5,9.0,9.0,9.0,9.0,8.5,8.0,7.5,7.0,7.5,8.0,8.0,7.5,10.5,13.0,11.5,10.5,10.0,9.5,9.0,9.0,9.5,9.0,9.0,9.0,8.5,8.0,8.0
ear_ear_delay_audio_send_1738159338_0,407.0,405.5,405.5,405.5,218.5,173.5,29.5,48.5,25.5,24.5,21.5,19.5,122.5,27.5,20.5,21.0,20.0,23.0,115.0,77.0,77.0,89.0,69.5,69.5,69.5,69.5,20.5,363.0,371.0,391.0,391.0,391.0,391.0,391.0,391.0,391.0,391.0,391.0,391.0,391.0,391.0,391.0,391.0,391.0,351.0,372.0,372.0,375.0,375.0,30.0,21.5,22.5,103.5,231.5,349.5,392.5,165.5,86.5,204.5,342.5,385.5
audio_packet_loss_percentage_send_1738159338_0,0.0,0.0,0.0,0.0,0.0,0.0,0.0,0.0,0.0,0.0,0.0,0.0,0.0,0.0,0.0,0.0,0.0,0.0,0.0,0.0,0.0,0.0,0.0,0.0,0.0,0.0,0.0,2.0,0.0,0.0,0.0,0.0,0.0,0.0,0.0,0.0,0.0,0.0,0.0,0.0,0.0,0.0,0.0,0.0,0.0,0.0,0.0,0.0,0.0,0.0,0.0,0.0,0.0,0.0,0.0,0.0,0.0,0.0,0.0,0.0
e_model_audio_send_1738159338_0,59.165000000000006,59.366,59.366,59.366,84.424,90.036,93.492,93.036,93.58800000000001,93.61200000000001,93.684,93.732,91.26,93.54,93.708,93.696,93.72,93.648,91.44,92.352,92.352,92.06400000000001,92.532,92.532,92.532,92.532,93.708,64.46692118111461,63.989000000000004,61.309000000000005,61.309000000000005,61.309000000000005,61.309000000000005,61.309000000000005,61.309000000000005,61.309000000000005,61.309000000000005,61.309000000000005,61.309000000000005,61.309000000000005,61.309000000000005,61.309000000000005,61.309000000000005,61.309000000000005,66.66900000000001,63.855000000000004,63.855000000000004,63.453,63.453,93.48,93.684,93.66,91.71600000000001,82.682,66.87,61.108000000000004,90.22800000000001,92.12400000000001,86.30000000000001,67.80799999999999
kpi_audio_synchronization_1738159338_0,3.0566534637801253,3.0671043100407283,3.0671043100407283,3.0671043100407283,4.179660906680832,4.339881001753408,4.414866499019585,4.406088796105408,4.4166698801656965,4.417118292301504,4.418457679857473,4.419345725045825,4.3686335453680005,4.415770134952001,4.418902190823617,4.418680057397249,4.419124080064001,4.4177890832834565,4.372662426112,4.392273356652544,4.392273356652544,4.386226176212993,4.395983882530624,4.395983882530624,4.395983882530624,4.395983882530624,4.418902190823617,3.3279691319227926,3.303958188905318,3.1675506120335974,3.1675506120335974,3.1675506120335974,3.1675506120335974,3.1675506120335974,3.1675506120335974,3.1675506120335974,3.1675506120335974,3.1675506120335974,3.1675506120335974,3.1675506120335974,3.1675506120335974,3.1675506120335974,3.1675506120335974,3.1675506120335974,3.4371513688458375,3.2972074317403757,3.2972074317403757,3.276907954855261,3.276907954855261,4.414639982656,4.418457679857473,4.418012192728001,4.378739243672128,4.121216406850024,3.4469887350790005,3.1572130052780163,4.344545889353536,4.387497165341633,4.238163271,3.492587223433216
eye_eye_delay_video_send_1738159338_0,56.5,64.5,63.0,59.5,57.5,55.0,52.0,49.5,51.5,50.5,49.0,48.5,47.0,64.0,65.0,78.0,77.0,73.0,71.0,83.0,79.5,78.5,77.0,74.0,73.0,70.5,67.0,71.0,69.5,66.5,64.0,61.5,58.5,77.5,76.0,74.0,86.0,83.0,80.5,77.0,74.5,72.0,69.5,68.0,67.0,77.5,78.5,89.0,85.5,81.5,78.0,75.5,72.0,70.0,68.5,66.0,64.0,62.0,60.5,58.0,56.0
kpi_video_synchronization_1738159338_0,5,5,5,5,5,5,5,5,5,5,5,5,5,5,5,5,5,5,5,5,5,5,5,5,5,5,5,5,5,5,5,5,5,5,5,5,5,5,5,5,5,5,5,5,5,5,5,5,5,5,5,5,5,5,5,5,5,5,5,5,5
av_delay_send_1738159338_0,350.5,341.0,342.5,346.0,161.0,118.5,-22.5,-1.0,-26.0,-26.0,-27.5,-29.0,75.5,-36.5,-44.5,-57.0,-57.0,-50.0,44.0,-6.0,-2.5,10.5,-7.5,-4.5,-3.5,-1.0,-46.5,292.0,301.5,324.5,327.0,329.5,332.5,313.5,315.0,317.0,305.0,308.0,310.5,314.0,316.5,319.0,321.5,323.0,284.0,294.5,293.5,286.0,289.5,-51.5,-56.5,-53.0,31.5,161.5,281.0,326.5,101.5,24.5,144.0,284.5,329.5
kpi_av_synchronization_1738159338_0,1,1,1,1,1,1,5,5,5,5,5,5,2.56,5,5,5,5,5,5,5,5,5,5,5,5,5,5,1,1,1,1,1,1,1,1,1,1,1,1,1,1,1,1,1,1,1,1,1,1,5,5,5,5,1,1,1,1,5,1,1,1
1_way_delay_audio_send_1738159338_1,21.0,19.5,19.5,19.5,19.5,19.5,19.5,19.5,19.5,19.5,19.5,19.5,19.5,19.5,19.5,20.0,20.0,20.0,20.0,20.0,20.0,20.0,19.5,19.5,19.5,19.5,19.5,20.0,20.0,20.0,20.0,20.0,20.0,20.0,20.0,20.0,20.0,20.0,20.0,20.0,20.0,20.0,20.0,20.0,20.0,21.0,21.0,21.0,21.0,21.0,19.5,19.5,19.5,19.5,19.5,19.5,19.5,19.5,19.5,19.5,19.5
1_way_delay_video_send_1738159338_1,14.5,15.5,16.0,14.5,13.5,13.0,12.0,10.5,13.5,12.5,12.0,11.5,10.0,10.0,13.0,12.0,13.0,12.0,12.0,11.0,10.5,11.5,12.0,12.0,13.0,12.5,11.0,11.0,11.5,10.5,10.0,9.5,8.5,8.5,9.0,9.0,9.0,9.0,8.5,8.0,7.5,7.0,7.5,8.0,8.0,7.5,10.5,13.0,11.5,10.5,10.0,9.5,9.0,9.0,9.5,9.0,9.0,9.0,8.5,8.0,8.0
ear_ear_delay_audio_send_1738159338_1,389.0,402.5,402.5,402.5,402.5,258.5,24.5,44.5,21.5,24.5,19.5,24.5,23.5,20.5,22.5,20.0,22.0,21.0,72.0,143.0,93.0,82.0,79.5,79.5,79.5,72.5,72.5,287.0,393.0,393.0,393.0,393.0,393.0,393.0,393.0,393.0,393.0,393.0,393.0,393.0,393.0,393.0,393.0,393.0,373.0,363.0,363.0,363.0,381.0,207.0,20.5,28.5,27.5,154.5,283.5,392.5,173.5,21.5,134.5,257.5,386.5
audio_packet_loss_percentage_send_1738159338_1,0.0,0.0,0.0,0.0,0.0,0.0,0.0,0.0,0.0,0.0,0.0,0.0,0.0,0.0,0.0,0.0,0.0,0.0,0.0,0.0,0.0,0.0,0.0,0.0,0.0,0.0,0.0,2.0,0.0,0.0,0.0,0.0,0.0,0.0,0.0,0.0,0.0,0.0,0.0,0.0,0.0,0.0,0.0,0.0,0.0,0.0,0.0,0.0,0.0,0.0,0.0,0.0,0.0,0.0,0.0,0.0,0.0,0.0,0.0,0.0
e_model_audio_send_1738159338_1,61.577000000000005,59.768,59.768,59.768,59.768,79.06400000000001,93.61200000000001,93.132,93.684,93.61200000000001,93.732,93.61200000000001,93.636,93.708,93.66,93.72,93.672,93.696,92.47200000000001,90.768,91.968,92.232,92.292,92.292,92.292,92.46000000000001,92.46000000000001,74.65092118111461,61.041000000000004,61.041000000000004,61.041000000000004,61.041000000000004,61.041000000000004,61.041000000000004,61.041000000000004,61.041000000000004,61.041000000000004,61.041000000000004,61.041000000000004,61.041000000000004,61.041000000000004,61.041000000000004,61.041000000000004,61.041000000000004,63.721000000000004,65.061,65.061,65.061,62.649,85.965,93.708,93.516,93.54,90.492,75.714,61.108000000000004,90.036,93.684,90.97200000000001,79.19800000000001
kpi_audio_synchronization_1738159338_1,3.1813129767307693,3.087974952050176,3.087974952050176,3.087974952050176,3.087974952050176,3.9881343264209925,4.417118292301504,4.407965681708224,4.418457679857473,4.417118292301504,4.419345725045825,4.417118292301504,4.417565730015808,4.418902190823617,4.418012192728001,4.419124080064001,4.418235058276864,4.418680057397249,4.394752955313664,4.357358664626177,4.384180416741376,4.389770159501825,4.391024703352385,4.391024703352385,4.391024703352385,4.394506059448,4.394506059448,3.8068530989118656,3.1537641878765537,3.1537641878765537,3.1537641878765537,3.1537641878765537,3.1537641878765537,3.1537641878765537,3.1537641878765537,3.1537641878765537,3.1537641878765537,3.1537641878765537,3.1537641878765537,3.1537641878765537,3.1537641878765537,3.1537641878765537,3.1537641878765537,3.1537641878765537,3.2904487396394733,3.3576664617661334,3.3576664617661334,3.3576664617661334,3.236105671901857,4.228065819950125,4.418902190823617,4.415318803035329,4.415770134952001,4.350866777051584,3.8522532448595923,3.1572130052780163,4.339881001753408,4.418457679857473,4.362080088009664,3.993327816707257
eye_eye_delay_video_send_1738159338_1,69.5,70.5,71.0,69.5,68.5,68.0,67.0,65.5,68.5,67.5,67.0,66.5,65.0,63.0,66.0,65.0,64.0,63.0,63.0,62.0,60.5,61.5,61.0,61.0,62.0,61.5,60.0,60.0,60.5,59.5,59.0,58.5,57.5,60.5,61.0,62.0,61.0,60.0,59.5,58.0,57.5,57.0,57.5,58.0,58.0,55.5,58.5,61.0,58.5,57.5,57.0,56.5,56.0,56.0,56.5,55.0,55.0,55.0,54.5,54.0,54.0
kpi_video_synchronization_1738159338_1,5,5,5,5,5,5,5,5,5,5,5,5,5,5,5,5,5,5,5,5,5,5,5,5,5,5,5,5,5,5,5,5,5,5,5,5,5,5,5,5,5,5,5,5,5,5,5,5,5,5,5,5,5,5,5,5,5,5,5,5,5
av_delay_send_1738159338_1,319.5,332.0,331.5,333.0,334.0,190.5,-42.5,-21.0,-47.0,-43.0,-47.5,-42.0,-41.5,-42.5,-43.5,-45.0,-42.0,-42.0,9.0,81.0,32.5,20.5,18.5,18.5,17.5,11.0,12.5,227.0,332.5,333.5,334.0,334.5,335.5,332.5,332.0,331.0,332.0,333.0,333.5,335.0,335.5,336.0,335.5,335.0,315.0,307.5,304.5,302.0,322.5,149.5,-36.5,-28.0,-28.5,98.5,227.0,337.5,118.5,-33.5,80.0,203.5,332.5
kpi_av_synchronization_1738159338_1,1,1,1,1,1,1,5,5,5,5,5,5,5,5,5,5,5,5,5,2.12,5,5,5,5,5,5,5,1,1,1,1,1,1,1,1,1,1,1,1,1,1,1,1,1,1,1,1,1,1,1,5,5,5,1,1,1,1,5,2.2,1,1
audio_recv_kbitsReceivedPerSecond_566779898,26,31,35,41,41,41,40,41,41,41,41,41,41,41,41,41,41,41,41,41,41,41,37,37,35,40,26,18,19,18,15,11,11,11,11,15,16,11,26,41,41,41,37,30,41,41,38,43,41,41,41,41,41,41,31,12,9,19,32,27,41
kpi_q_audio_566779898,4,4,5,5,5,5,5,5,5,5,5,5,5,5,5,5,5,5,5,5,5,5,5,5,5,5,4,3,3,3,2,2,2,2,2,2,3,2,4,5,5,5,5,4,5,5,5,5,5,5,5,5,5,5,4,2,2,3,5,4,5
video_recv_kbitsReceivedPerSecond_2362205683,144,172,162,159,146,162,162,170,179,150,152,157,166,157,150,164,156,173,170,151,158,283,211,225,128,153,157,140,195,164,156,157,168,156,149,162,155,175,156,170,155,157,166,156,151,162,288,161,145,164,159,155,170,156,150,302,136,162,155,278,164
kpi_resolution_stability_2362205683,4.303535113616246,4.303535113616246,4.303535113616246,4.303535113616246,4.303535113616246,4.303535113616246,4.303535113616246,4.303535113616246,4.303535113616246,4.303535113616246,4.303535113616246,4.303535113616246,4.303535113616246,4.303535113616246,4.303535113616246,4.303535113616246,4.303535113616246,4.303535113616246,4.303535113616246,4.303535113616246,4.303535113616246,4.303535113616246,4.303535113616246,4.303535113616246,4.303535113616246,4.303535113616246,4.303535113616246,4.303535113616246,4.303535113616246,4.303535113616246,4.303535113616246,4.303535113616246,4.303535113616246,4.303535113616246,4.303535113616246,4.303535113616246,4.303535113616246,4.303535113616246,4.303535113616246,4.303535113616246,4.303535113616246,4.303535113616246,4.303535113616246,4.303535113616246,4.303535113616246,4.303535113616246,4.303535113616246,4.303535113616246,4.303535113616246,4.303535113616246,4.303535113616246,4.303535113616246,4.303535113616246,4.303535113616246,4.303535113616246,4.303535113616246,4.303535113616246,4.303535113616246,4.303535113616246,4.303535113616246,4.303535113616246
max_resolution_percentage_2362205683,100.0,100.0,100.0,100.0,100.0,100.0,100.0,100.0,100.0,100.0,100.0,100.0,100.0,100.0,100.0,100.0,100.0,100.0,100.0,100.0,100.0,100.0,100.0,100.0,100.0,100.0,100.0,100.0,100.0,100.0,100.0,100.0,100.0,100.0,100.0,100.0,100.0,100.0,100.0,100.0,100.0,100.0,100.0,100.0,100.0,100.0,100.0,100.0,100.0,100.0,100.0,100.0,100.0,100.0,100.0,100.0,100.0,100.0,100.0,100.0,100.0
kpi_resolution_stability_norm_2362205683,kpi_resolution_stability_2362205683,4.303535113616246,4.303535113616246,4.303535113616246,4.303535113616246,4.303535113616246,4.303535113616246,4.303535113616246,4.303535113616246,4.303535113616246,4.303535113616246,4.303535113616246,4.303535113616246,4.303535113616246,4.303535113616246,4.303535113616246,4.303535113616246,4.303535113616246,4.303535113616246,4.303535113616246,4.303535113616246,4.303535113616246,4.303535113616246,4.303535113616246,4.303535113616246,4.303535113616246,4.303535113616246,4.303535113616246,4.303535113616246,4.303535113616246,4.303535113616246,4.303535113616246,4.303535113616246,4.303535113616246,4.303535113616246,4.303535113616246,4.303535113616246,4.303535113616246,4.303535113616246,4.303535113616246,4.303535113616246,4.303535113616246,4.303535113616246,4.303535113616246,4.303535113616246,4.303535113616246,4.303535113616246,4.303535113616246,4.303535113616246,4.303535113616246,4.303535113616246,4.303535113616246,4.303535113616246,4.303535113616246,4.303535113616246,4.303535113616246,4.303535113616246,4.303535113616246,4.303535113616246,4.303535113616246,4.303535113616246,4.303535113616246
max_resolution_percentage_norm_2362205683,max_resolution_percentage_2362205683,100.0,100.0,100.0,100.0,100.0,100.0,100.0,100.0,100.0,100.0,100.0,100.0,100.0,100.0,100.0,100.0,100.0,100.0,100.0,100.0,100.0,100.0,100.0,100.0,100.0,100.0,100.0,100.0,100.0,100.0,100.0,100.0,100.0,100.0,100.0,100.0,100.0,100.0,100.0,100.0,100.0,100.0,100.0,100.0,100.0,100.0,100.0,100.0,100.0,100.0,100.0,100.0,100.0,100.0,100.0,100.0,100.0,100.0,100.0,100.0,100.0
kpi_fps_stability_2362205683,5,5,5,5,5,5,5,5,5,5,5,5,5,5,5,5,5,5,5,5,5,5,5,5,5,5,5,5,5,5,5,5,5,5,5,5,5,5,5,5,5,5,5,5,5,5,5,5,5,5,5,5,5,5,5,5,5,5,5,5,5
kpi_q_video_2362205683,1.457142857142857,1.6285714285714286,1.5714285714285714,1.5714285714285714,1.457142857142857,1.5714285714285714,1.5714285714285714,1.6285714285714286,1.6285714285714286,1.5142857142857142,1.5142857142857142,1.5142857142857142,1.5714285714285714,1.5142857142857142,1.5142857142857142,1.5714285714285714,1.5142857142857142,1.6285714285714286,1.6285714285714286,1.5142857142857142,1.5142857142857142,2.2,1.8499999999999999,1.9,1.5142857142857142,1.5142857142857142,1.457142857142857,1.7428571428571429,1.5714285714285714,1.5142857142857142,1.5142857142857142,1.5714285714285714,1.5142857142857142,1.5142857142857142,1.5714285714285714,1.5142857142857142,1.6285714285714286,1.5142857142857142,1.6285714285714286,1.5142857142857142,1.5142857142857142,1.5714285714285714,1.5142857142857142,1.5142857142857142,1.5714285714285714,2.2,1.5714285714285714,1.457142857142857,1.5714285714285714,1.5714285714285714,1.5142857142857142,1.6285714285714286,1.5142857142857142,1.5142857142857142,2.25,1.4,1.5714285714285714,1.5142857142857142,2.15,1.5714285714285714
audio_recv_kbitsReceivedPerSecond_2083588748,41,40,40,40,36,39,41,40,40,41,41,40,40,37,43,41,41,41,41,40,39,41,41,25,35,31,41,32,42,35,30,30,30,30,23,26,40,41,41,39,38,40,41,37,44,38,40,39,39,39,39,30,40,27,36,41,41,41,31,41,41
kpi_q_audio_2083588748,5,5,5,5,5,5,5,5,5,5,5,5,5,5,5,5,5,5,5,5,5,5,5,4,5,4,5,5,5,5,4,4,4,4,3,4,5,5,5,5,5,5,5,5,5,5,5,5,5,5,5,4,5,4,5,5,5,5,4,5,5
video_recv_kbitsReceivedPerSecond_3762060166,722,733,699,697,729,708,662,743,428,594,659,723,723,639,484,641,648,729,722,445,600,698,714,574,469,639,670,591,663,543,579,713,739,766,525,619,640,708,700,763,672,720,723,664,469,658,684,702,714,757,540,600,690,662,649,506,625,737,664,689,601
kpi_resolution_stability_3762060166,2.507513488648742,2.507513488648742,2.507513488648742,2.507513488648742,2.507513488648742,2.507513488648742,2.507513488648742,2.507513488648742,2.507513488648742,2.507513488648742,2.507513488648742,2.507513488648742,2.507513488648742,2.507513488648742,2.507513488648742,2.507513488648742,2.507513488648742,2.507513488648742,2.507513488648742,2.507513488648742,2.507513488648742,2.507513488648742,2.507513488648742,2.507513488648742,2.507513488648742,2.507513488648742,2.507513488648742,2.507513488648742,2.507513488648742,2.507513488648742,2.507513488648742,2.507513488648742,2.507513488648742,2.507513488648742,2.507513488648742,2.507513488648742,2.507513488648742,2.507513488648742,2.507513488648742,2.507513488648742,2.507513488648742,2.507513488648742,2.507513488648742,2.507513488648742,2.507513488648742,2.507513488648742,2.507513488648742,2.507513488648742,2.507513488648742,2.507513488648742,2.507513488648742,2.507513488648742,2.507513488648742,2.507513488648742,2.507513488648742,2.507513488648742,2.507513488648742,2.507513488648742,2.507513488648742,2.507513488648742,2.507513488648742
max_resolution_percentage_3762060166,18.0327868852459,18.0327868852459,18.0327868852459,18.0327868852459,18.0327868852459,18.0327868852459,18.0327868852459,18.0327868852459,18.0327868852459,18.0327868852459,18.0327868852459,18.0327868852459,18.0327868852459,18.0327868852459,18.0327868852459,18.0327868852459,18.0327868852459,18.0327868852459,18.0327868852459,18.0327868852459,18.0327868852459,18.0327868852459,18.0327868852459,18.0327868852459,18.0327868852459,18.0327868852459,18.0327868852459,18.0327868852459,18.0327868852459,18.0327868852459,18.0327868852459,18.0327868852459,18.0327868852459,18.0327868852459,18.0327868852459,18.0327868852459,18.0327868852459,18.0327868852459,18.0327868852459,18.0327868852459,18.0327868852459,18.0327868852459,18.0327868852459,18.0327868852459,18.0327868852459,18.0327868852459,18.0327868852459,18.0327868852459,18.0327868852459,18.0327868852459,18.0327868852459,18.0327868852459,18.0327868852459,18.0327868852459,18.0327868852459,18.0327868852459,18.0327868852459,18.0327868852459,18.0327868852459,18.0327868852459,18.0327868852459
kpi_resolution_stability_norm_3762060166,kpi_resolution_stability_3762060166,2.507513488648742,2.507513488648742,2.507513488648742,2.507513488648742,2.507513488648742,2.507513488648742,2.507513488648742,2.507513488648742,2.507513488648742,2.507513488648742,2.507513488648742,2.507513488648742,2.507513488648742,2.507513488648742,2.507513488648742,2.507513488648742,2.507513488648742,2.507513488648742,2.507513488648742,2.507513488648742,2.507513488648742,2.507513488648742,2.507513488648742,2.507513488648742,2.507513488648742,2.507513488648742,2.507513488648742,2.507513488648742,2.507513488648742,2.507513488648742,2.507513488648742,2.507513488648742,2.507513488648742,2.507513488648742,2.507513488648742,2.507513488648742,2.507513488648742,2.507513488648742,2.507513488648742,2.507513488648742,2.507513488648742,2.507513488648742,2.507513488648742,2.507513488648742,2.507513488648742,2.507513488648742,2.507513488648742,2.507513488648742,2.507513488648742,2.507513488648742,2.507513488648742,2.507513488648742,2.507513488648742,2.507513488648742,2.507513488648742,2.507513488648742,2.507513488648742,2.507513488648742,2.507513488648742,2.507513488648742,2.507513488648742
max_resolution_percentage_norm_3762060166,max_resolution_percentage_3762060166,18.0327868852459,18.0327868852459,18.0327868852459,18.0327868852459,18.0327868852459,18.0327868852459,18.0327868852459,18.0327868852459,18.0327868852459,18.0327868852459,18.0327868852459,18.0327868852459,18.0327868852459,18.0327868852459,18.0327868852459,18.0327868852459,18.0327868852459,18.0327868852459,18.0327868852459,18.0327868852459,18.0327868852459,18.0327868852459,18.0327868852459,18.0327868852459,18.0327868852459,18.0327868852459,18.0327868852459,18.0327868852459,18.0327868852459,18.0327868852459,18.0327868852459,18.0327868852459,18.0327868852459,18.0327868852459,18.0327868852459,18.0327868852459,18.0327868852459,18.0327868852459,18.0327868852459,18.0327868852459,18.0327868852459,18.0327868852459,18.0327868852459,18.0327868852459,18.0327868852459,18.0327868852459,18.0327868852459,18.0327868852459,18.0327868852459,18.0327868852459,18.0327868852459,18.0327868852459,18.0327868852459,18.0327868852459,18.0327868852459,18.0327868852459,18.0327868852459,18.0327868852459,18.0327868852459,18.0327868852459,18.0327868852459
kpi_fps_stability_3762060166,5,5,5,5,5,5,5,5,5,5,5,5,5,5,5,5,5,5,5,4.904703300310673,5,5,5,5,5,5,5,5,4.782870430458232,5,5,5,5,5,5,5,5,5,5,5,5,5,5,5,5,5,5,5,5,5,5,5,5,5,5,5,5,5,5,5,5
kpi_q_video_3762060166,3.58,3.5933333333333333,3.54,3.54,3.58,3.5533333333333332,3.5,3.6066666666666665,2.8999999999999995,3.4066666666666667,3.486666666666667,3.58,3.58,3.1499999999999995,3.473333333333333,3.473333333333333,3.58,3.58,2.9499999999999997,3.42,3.54,3.5666666666666664,3.0999999999999996,3.46,3.5,3.4066666666666667,3.313333333333333,3.433333333333333,3.46,3.5533333333333332,3.54,3.6333333333333333,3.513333333333333,3.5666666666666664,3.58,3.0999999999999996,3.486666666666667,3.526666666666667,3.5533333333333332,3.5666666666666664,3.62,3.42,3.526666666666667,3.5,3.25,3.4466666666666668,3.5933333333333333,3.5,3.526666666666667,3.42
