bweforvideo-googAvailableReceiveBandwidth,0.0,0.0,0.0,0.0,0.0,0.0,0.0,0.0,0.0,0.0,0.0,0.0,0.0,0.0,0.0,0.0,0.0,0.0,0.0,0.0,0.0,0.0,0.0,0.0,0.0,0.0,0.0,0.0,0.0,0.0,0.0,0.0,0.0,0.0,0.0,0.0,0.0,0.0,0.0,0.0,0.0,0.0,0.0,0.0,0.0,0.0,0.0,0.0,0.0,0.0,0.0,0.0,0.0,0.0,0.0,0.0,0.0,0.0,0.0,0.0,0.0,0.0,0.0,0.0,0.0,0.0,0.0,0.0,0.0,0.0,0.0,0.0,0.0,0.0,0.0,0.0,0.0,0.0,0.0,0.0,0.0,0.0,0.0,0.0,0.0,0.0,0.0,0.0,0.0,0.0,0.0,0.0,0.0,0.0,0.0,0.0,0.0,0.0,0.0,0.0,0.0,0.0,0.0,0.0,0.0,0.0,0.0,0.0,0.0,0.0,0.0,0.0,0.0,0.0,0.0,0.0,0.0,0.0,0.0,0.0,0.0,0.0,0.0,0.0,0.0,0.0,0.0,0.0,0.0,0.0,0.0,0.0,0.0,0.0,0.0,0.0,0.0,0.0,0.0,0.0,0.0,0.0,0.0,0.0,0.0,0.0
bweforvideo-googAvailableSendBandwidth,300000.0,300000.0,300000.0,301428.0,122594.0,122594.0,123118.0,123118.0,123118.0,124974.0,105326.0,106242.0,110094.0,114014.0,117970.0,100745.0,102797.0,106931.0,66875.0,70301.0,45291.0,45895.0,46395.0,48590.0,29563.0,30995.0,31675.0,32191.0,35766.0,39627.0,43797.0,48301.0,53165.0,58418.0,64091.0,43290.0,43290.0,47649.0,51914.0,56311.0,61816.0,67761.0,74182.0,81117.0,88606.0,96694.0,105430.0,114864.0,125053.0,136057.0,71148.0,76653.0,83785.0,91488.0,99807.0,108792.0,118495.0,128975.0,140293.0,152516.0,165717.0,178488.0,193767.0,210268.0,108554.0,108554.0,110565.0,118721.0,128233.0,139492.0,151651.0,300000.0,300000.0,300000.0,300000.0,300000.0,300000.0,300000.0,244139.0,210055.0,187890.0,187890.0,191611.0,191611.0,195423.0,195835.0,197105.0,197105.0,200470.0,206446.0,115097.0,118097.0,128390.0,138339.0,149783.0,162536.0,174876.0,108476.0,115990.0,126269.0,99459.0,90173.0,92707.0,95600.0,101977.0,109755.0,117993.0,128432.0,102303.0,102303.0,71206.0,71206.0,77902.0,85134.0,92945.0,101381.0,110491.0,120330.0,130956.0,142432.0,154827.0,168213.0,182670.0,198284.0,104968.0,108295.0,117959.0,128396.0,139668.0,151841.0,164988.0,179187.0,194522.0,104313.0,104313.0,113437.0,122252.0,133032.0,144675.0,157249.0,170829.0,185495.0,201335.0,218442.0,236917.0,198834.0
bweforvideo-googBucketDelay,0.0,0.0,0.0,7.0,72.0,0.0,18.0,0.0,0.0,0.0,0.0,0.0,0.0,0.0,0.0,17.0,0.0,0.0,0.0,0.0,0.0,16.0,17.0,0.0,0.0,0.0,16.0,0.0,17.0,0.0,0.0,0.0,0.0,0.0,0.0,0.0,0.0,0.0,0.0,0.0,0.0,0.0,0.0,0.0,0.0,0.0,0.0,0.0,0.0,0.0,0.0,0.0,0.0,0.0,0.0,0.0,0.0,0.0,0.0,0.0,0.0,0.0,0.0,0.0,0.0,0.0,0.0,0.0,0.0,0.0,0.0,0.0,0.0,0.0,0.0,0.0,0.0,8.0,7.0,1.0,2.0,2.0,0.0,1.0,0.0,1.0,0.0,3.0,2.0,2.0,4.0,0.0,0.0,0.0,1.0,0.0,3.0,5.0,3.0,1.0,1.0,2.0,0.0,3.0,2.0,0.0,1.0,2.0,0.0,3.0,4.0,0.0,2.0,4.0,0.0,1.0,0.0,2.0,5.0,0.0,5.0,0.0,4.0,5.0,3.0,0.0,2.0,0.0,4.0,2.0,1.0,2.0,0.0,2.0,0.0,0.0,5.0,0.0,0.0,2.0,0.0,3.0,1.0,0.0,2.0,2.0
timestamp,1546010331,1546010332,1546010333,1546010334,1546010335,1546010336,1546010337,1546010338,1546010339,1546010340,1546010341,1546010342,1546010343,1546010344,1546010345,1546010346,1546010347,1546010348,1546010349,1546010350,1546010351,1546010352,1546010353,1546010354,1546010355,1546010356,1546010357,1546010358,1546010359,1546010360,1546010361,1546010362,1546010363,1546010364,1546010365,1546010366,1546010367,1546010368,1546010369,1546010370,1546010371,1546010372,1546010373,1546010374,1546010375,1546010376,1546010377,1546010378,1546010379,1546010380,1546010381,1546010382,1546010383,1546010384,1546010385,1546010386,1546010387,1546010388,1546010389,1546010390,1546010391,1546010392,1546010393,1546010394,1546010395,1546010396,1546010397,1546010398,1546010399,1546010400,1546010401,1546010327,1546010328,1546010329,1546010330,1546010331,1546010332,1546010333,1546010334,1546010335,1546010336,1546010337,1546010338,1546010339,1546010340,1546010341,1546010342,1546010343,1546010344,1546010345,1546010346,1546010347,1546010348,1546010349,1546010350,1546010351,1546010352,1546010353,1546010354,1546010355,1546010356,1546010357,1546010358,1546010359,1546010360,1546010361,1546010362,1546010363,1546010364,1546010365,1546010366,1546010367,1546010368,1546010369,1546010370,1546010371,1546010372,1546010373,1546010374,1546010375,1546010376,1546010377,1546010378,1546010379,1546010380,1546010381,1546010382,1546010383,1546010384,1546010385,1546010386,1546010387,1546010388,1546010389,1546010390,1546010391,1546010392,1546010393,1546010394,1546010395,1546010396,1546010397,1546010398,1546010399,1546010400,1546010401
audio_bitsReceivedPerSecond,-1,-1,0.0,0.0,0.0,0.0,0.0,0.0,0.0,0.0,0.0,0.0,0.0,0.0,0.0,0.0,0.0,0.0,0.0,0.0,0.0,0.0,0.0,0.0,0.0,0.0,0.0,0.0,0.0,0.0,0.0,0.0,0.0,0.0,0.0,0.0,0.0,0.0,0.0,0.0,0.0,0.0,0.0,0.0,0.0,0.0,0.0,0.0,0.0,0.0,0.0,0.0,0.0,0.0,0.0,0.0,0.0,0.0,0.0,0.0,0.0,0.0,0.0,0.0,0.0,0.0,0.0,0.0,0.0,0.0,0.0,-1,-1,-1,-1,-1,0.0,102328.0,240808.8088088088,276923.07692307694,228344.0,210408.0,185416.0,155472.0,172520.0,131808.0,133530.46953046953,172424.0,164568.0,122034.03403403403,162005.994005994,121512.0,143288.0,127672.32767232768,67358.71743486974,94768.0,70336.0,82624.0,68488.0,58576.0,51096.0,52200.0,55856.0,56216.0,62128.0,65360.0,77272.0,67408.0,94232.0,64120.0,104592.0,73984.0,81368.0,88336.0,84696.0,100560.0,98960.0,99712.0,108264.0,117600.0,125160.0,123168.0,145312.0,108240.0,180744.0,125648.0,115024.0,115968.0,128352.0,132920.0,138792.0,137304.0,159912.0,171304.0,175936.0,208432.0,203312.0,216344.0,177112.0,223024.0,193064.0,145429.14171656687,154853.70741482967,159640.0,168640.0,191944.0
audio_bitsSentPerSecond,-1,-1,0.0,0.0,0.0,0.0,0.0,0.0,0.0,0.0,0.0,0.0,0.0,0.0,0.0,0.0,0.0,0.0,0.0,0.0,0.0,0.0,0.0,0.0,0.0,0.0,0.0,0.0,0.0,0.0,0.0,0.0,0.0,0.0,0.0,0.0,0.0,0.0,0.0,0.0,0.0,0.0,0.0,0.0,0.0,0.0,0.0,0.0,0.0,0.0,0.0,0.0,0.0,0.0,0.0,0.0,0.0,0.0,0.0,0.0,0.0,0.0,0.0,0.0,0.0,0.0,0.0,0.0,0.0,0.0,0.0,-1,-1,-1,-1,-1,0.0,307496.0,284148.14814814815,265398.6013986014,227904.0,311496.0,232424.0,231296.0,226856.0,233256.0,327968.03196803195,227224.0,243392.0,238502.5025025025,246225.77422577422,189008.0,153912.0,175944.05594405593,169667.33466933868,188776.0,193632.0,175752.0,147288.0,168160.0,183104.0,130936.0,123392.0,127608.0,139992.0,151144.0,154256.0,155816.0,165840.0,142280.0,150504.0,110632.0,104424.0,113608.0,127168.0,131056.0,142040.0,146152.0,153696.0,170312.0,176344.0,194720.0,183144.0,208232.0,165048.0,172976.0,157032.0,158472.0,183816.0,204320.0,213152.0,225560.0,204312.0,213576.0,170360.0,192272.0,178944.0,177704.0,192704.0,197600.0,212888.0,226403.19361277446,232040.08016032065,241736.0,263792.0,305896.0
audio_packetsSentPerSecond,-1,-1,0.0,0.0,0.0,0.0,0.0,0.0,0.0,0.0,0.0,0.0,0.0,0.0,0.0,0.0,0.0,0.0,0.0,0.0,0.0,0.0,0.0,0.0,0.0,0.0,0.0,0.0,0.0,0.0,0.0,0.0,0.0,0.0,0.0,0.0,0.0,0.0,0.0,0.0,0.0,0.0,0.0,0.0,0.0,0.0,0.0,0.0,0.0,0.0,0.0,0.0,0.0,0.0,0.0,0.0,0.0,0.0,0.0,0.0,0.0,0.0,0.0,0.0,0.0,0.0,0.0,0.0,0.0,0.0,0.0,-1,-1,-1,-1,-1,0.0,72.0,104.10410410410411,104.8951048951049,93.0,104.0,94.0,92.0,94.0,96.0,110.8891108891109,103.0,119.0,116.11611611611612,112.88711288711289,97.0,109.0,124.87512487512487,119.23847695390782,124.0,130.0,124.0,120.0,120.0,124.0,110.0,119.0,122.0,122.0,121.0,124.0,122.0,125.0,118.0,123.0,105.0,120.0,117.0,123.0,120.0,123.0,122.0,124.0,126.0,124.0,129.0,126.0,128.0,123.0,124.0,121.0,124.0,123.0,128.0,126.0,128.0,130.0,129.0,125.0,120.0,122.0,125.0,124.0,125.0,128.0,126.74650698602794,130.26052104208418,131.0,131.0,135.0
audio_googLocalAddress,-1,-1,10.164.0.11:44509,10.164.0.11:44509,10.164.0.11:44509,3.122.28.43:61608,3.122.28.43:60342,3.122.28.43:60342,3.122.28.43:60342,10.164.0.11:44509,10.164.0.11:44509,10.164.0.11:44509,3.122.28.43:60342,3.122.28.43:60342,10.164.0.11:44509,10.164.0.11:44509,10.164.0.11:44509,3.122.28.43:61608,3.122.28.43:61608,3.122.28.43:60342,3.122.28.43:60342,3.122.28.43:60342,3.122.28.43:61608,3.122.28.43:60342,3.122.28.43:60342,3.122.28.43:60342,3.122.28.43:60342,3.122.28.43:60342,3.122.28.43:60342,3.122.28.43:60342,3.122.28.43:60342,3.122.28.43:60342,3.122.28.43:60342,3.122.28.43:60342,3.122.28.43:60342,3.122.28.43:60342,3.122.28.43:60342,3.122.28.43:60342,3.122.28.43:60342,3.122.28.43:60342,3.122.28.43:60342,3.122.28.43:60342,3.122.28.43:60342,3.122.28.43:60342,3.122.28.43:60342,3.122.28.43:60342,3.122.28.43:60342,3.122.28.43:60342,3.122.28.43:60342,3.122.28.43:60342,3.122.28.43:60342,3.122.28.43:60342,3.122.28.43:60342,3.122.28.43:60342,3.122.28.43:60342,3.122.28.43:60342,3.122.28.43:60342,3.122.28.43:60342,3.122.28.43:60342,3.122.28.43:60342,3.122.28.43:60342,3.122.28.43:60342,3.122.28.43:60342,3.122.28.43:60342,3.122.28.43:60342,3.122.28.43:60342,3.122.28.43:60342,3.122.28.43:60342,3.122.28.43:60342,3.122.28.43:60342,3.122.28.43:60342,-1,-1,-1,-1,-1,10.164.0.12:48447,10.164.0.12:48447,10.164.0.12:48447,10.164.0.12:48447,10.164.0.12:48447,10.164.0.12:48447,10.164.0.12:48447,10.164.0.12:48447,10.164.0.12:48447,10.164.0.12:48447,10.164.0.12:48447,10.164.0.12:48447,10.164.0.12:48447,10.164.0.12:48447,10.164.0.12:48447,10.164.0.12:48447,10.164.0.12:48447,10.164.0.12:48447,10.164.0.12:48447,10.164.0.12:48447,10.164.0.12:48447,10.164.0.12:48447,10.164.0.12:48447,10.164.0.12:48447,10.164.0.12:48447,10.164.0.12:48447,10.164.0.12:48447,10.164.0.12:48447,10.164.0.12:48447,10.164.0.12:48447,10.164.0.12:48447,10.164.0.12:48447,10.164.0.12:48447,10.164.0.12:48447,10.164.0.12:48447,10.164.0.12:48447,10.164.0.12:48447,10.164.0.12:48447,10.164.0.12:48447,10.164.0.12:48447,10.164.0.12:48447,10.164.0.12:48447,10.164.0.12:48447,10.164.0.12:48447,10.164.0.12:48447,10.164.0.12:48447,10.164.0.12:48447,10.164.0.12:48447,10.164.0.12:48447,10.164.0.12:48447,10.164.0.12:48447,10.164.0.12:48447,10.164.0.12:48447,10.164.0.12:48447,10.164.0.12:48447,10.164.0.12:48447,10.164.0.12:48447,10.164.0.12:48447,10.164.0.12:48447,10.164.0.12:48447,10.164.0.12:48447,10.164.0.12:48447,10.164.0.12:48447,10.164.0.12:48447,10.164.0.12:48447,10.164.0.12:48447,10.164.0.12:48447,10.164.0.12:48447,10.164.0.12:48447,10.164.0.12:48447
audio_googRemoteAddress,-1,-1,10.164.0.12:48447,10.164.0.12:44062,10.164.0.12:44062,3.122.28.43:56638,3.122.28.43:56638,3.122.28.43:56638,3.122.28.43:56638,10.164.0.12:44062,10.164.0.12:44062,10.164.0.12:44062,3.122.28.43:56638,3.122.28.43:56638,10.164.0.12:44062,10.164.0.12:44062,10.164.0.12:44062,3.122.28.43:56638,3.122.28.43:56638,3.122.28.43:54707,3.122.28.43:56638,3.122.28.43:56638,3.122.28.43:56638,3.122.28.43:56638,3.122.28.43:56638,3.122.28.43:56638,3.122.28.43:56638,3.122.28.43:56638,3.122.28.43:56638,3.122.28.43:56638,3.122.28.43:56638,3.122.28.43:56638,3.122.28.43:56638,3.122.28.43:56638,3.122.28.43:56638,3.122.28.43:56638,3.122.28.43:56638,3.122.28.43:56638,3.122.28.43:56638,3.122.28.43:56638,3.122.28.43:56638,3.122.28.43:56638,3.122.28.43:56638,3.122.28.43:56638,3.122.28.43:56638,3.122.28.43:56638,3.122.28.43:56638,3.122.28.43:56638,3.122.28.43:56638,3.122.28.43:56638,3.122.28.43:56638,3.122.28.43:56638,3.122.28.43:56638,3.122.28.43:56638,3.122.28.43:56638,3.122.28.43:56638,3.122.28.43:56638,3.122.28.43:56638,3.122.28.43:56638,3.122.28.43:56638,3.122.28.43:56638,3.122.28.43:56638,3.122.28.43:56638,3.122.28.43:56638,3.122.28.43:56638,3.122.28.43:56638,3.122.28.43:56638,3.122.28.43:56638,3.122.28.43:56638,3.122.28.43:56638,3.122.28.43:56638,-1,-1,-1,-1,-1,10.164.0.11:44509,10.164.0.11:44509,10.164.0.11:44509,10.164.0.11:44509,10.164.0.11:44509,10.164.0.11:44509,10.164.0.11:44509,10.164.0.11:44509,10.164.0.11:44509,10.164.0.11:44509,10.164.0.11:44509,10.164.0.11:44509,10.164.0.11:44509,10.164.0.11:44509,10.164.0.11:44509,10.164.0.11:44509,10.164.0.11:44509,10.164.0.11:44509,10.164.0.11:44509,10.164.0.11:44509,10.164.0.11:44509,10.164.0.11:44509,10.164.0.11:44509,10.164.0.11:44509,10.164.0.11:44509,10.164.0.11:44509,10.164.0.11:44509,10.164.0.11:44509,10.164.0.11:44509,10.164.0.11:44509,10.164.0.11:44509,10.164.0.11:44509,10.164.0.11:44509,10.164.0.11:44509,10.164.0.11:44509,10.164.0.11:44509,10.164.0.11:44509,10.164.0.11:44509,10.164.0.11:44509,10.164.0.11:44509,10.164.0.11:44509,10.164.0.11:44509,10.164.0.11:44509,10.164.0.11:44509,10.164.0.11:44509,10.164.0.11:44509,10.164.0.11:44509,10.164.0.11:44509,10.164.0.11:44509,10.164.0.11:44509,10.164.0.11:44509,10.164.0.11:44509,10.164.0.11:44509,10.164.0.11:44509,10.164.0.11:44509,10.164.0.11:44509,10.164.0.11:44509,10.164.0.11:44509,10.164.0.11:44509,10.164.0.11:44509,10.164.0.11:44509,10.164.0.11:44509,10.164.0.11:44509,10.164.0.11:44509,10.164.0.11:44509,10.164.0.11:44509,10.164.0.11:44509,10.164.0.11:44509,10.164.0.11:44509,10.164.0.11:44509
audio_googRtt,-1,-1,71.0,74.0,74.0,1754.0,1760.0,1760.0,1760.0,74.0,74.0,74.0,1338.0,1338.0,74.0,74.0,74.0,1288.0,1288.0,1194.0,1013.0,1013.0,1025.0,773.0,773.0,773.0,590.0,590.0,452.0,452.0,452.0,349.0,349.0,271.0,271.0,271.0,213.0,213.0,170.0,170.0,170.0,137.0,137.0,112.0,112.0,112.0,94.0,94.0,80.0,80.0,80.0,69.0,69.0,61.0,61.0,61.0,55.0,55.0,51.0,51.0,51.0,48.0,48.0,46.0,46.0,46.0,45.0,45.0,43.0,43.0,43.0,-1,-1,-1,-1,-1,3000.0,26.0,140.0,140.0,693.0,701.0,701.0,629.0,629.0,516.0,516.0,516.0,389.0,389.0,328.0,328.0,328.0,254.0,254.0,199.0,199.0,199.0,149.0,149.0,185.0,185.0,185.0,139.0,139.0,104.0,104.0,104.0,78.0,78.0,132.0,132.0,132.0,99.0,99.0,74.0,74.0,74.0,55.0,55.0,41.0,41.0,41.0,31.0,31.0,23.0,23.0,23.0,17.0,17.0,13.0,13.0,13.0,10.0,10.0,7.0,7.0,7.0,5.0,5.0,4.0,4.0,4.0,3.0,3.0,14.0
audio_recv_bitsReceivedPerSecond,0.0,0.0,0.0,7345.995045417011,19856.315179606027,24457.883369330455,29072.0,26416.0,27840.0,24864.0,29144.0,31352.0,23312.0,28464.0,16720.0,16720.0,24208.0,20196.196196196197,19664.0,19612.38761238761,18152.0,18112.0,21072.0,18120.0,18704.0,18184.0,11304.0,18917.082917082917,24000.0,16272.0,26161.515453639084,29255.76730190572,18424.0,18098.098098098097,18237.76223776224,17017.017017017017,12099.9000999001,22472.0,17144.0,25024.0,19112.0,18640.0,18648.0,18600.0,18600.0,18624.0,18632.0,18520.0,16592.0,9432.0,24376.0,19120.0,18920.0,20019.98001998002,40392.392392392394,40359.64035964036,40440.44044044044,38024.0,20592.0,13160.0,44027.916251246264,40440.44044044044,40359.64035964036,40359.64035964036,39543.08617234469,34232.0,36075.92407592408,40521.56469408225,40599.01477832512,39871.09768378651,40603.01507537688,-1,-1,-1,-1,-1,-1,0.0,13069.06906906907,18341.65834165834,46344.0,29568.0,25168.0,19544.0,21216.0,16720.0,16703.296703296703,16720.0,16320.0,12700.700700700701,17182.817182817183,16720.0,15984.0,17022.977022977022,9987.975951903807,21768.0,15840.0,15672.0,13728.0,18104.0,15816.0,16296.0,14304.0,14264.0,15472.0,16064.0,15952.0,15872.0,15824.0,9920.0,21664.0,15536.0,14936.0,15792.0,16072.0,15952.0,15784.0,15776.0,15768.0,15720.0,15784.0,15968.0,15000.0,8688.0,20368.0,15576.0,15664.0,15744.0,15736.0,15760.0,15648.0,15648.0,14968.0,14784.0,15680.0,15616.0,15720.0,15696.0,9864.0,18512.0,19424.0,15504.99001996008,15182.364729458917,15344.0,15704.0,15288.0
audio_recv_packetsReceivedPerSecond,0.0,0.0,0.0,14.037985136251033,41.71494785631518,48.59611231101512,58.0,53.0,56.0,50.0,59.0,61.0,46.0,57.0,50.0,50.0,50.0,50.050050050050054,50.0,49.95004995004995,50.0,50.0,50.0,50.0,50.0,50.0,34.0,50.94905094905095,65.06506506506507,50.0,49.85044865403788,50.150451354062184,50.0,50.050050050050054,49.95004995004995,50.050050050050054,39.96003996003996,60.0,50.0,50.0,50.0,50.0,50.0,50.0,50.0,50.0,50.0,50.0,50.0,33.0,67.0,50.0,50.0,49.95004995004995,50.050050050050054,49.95004995004995,50.050050050050054,50.0,50.0,32.0,67.79661016949153,50.050050050050054,49.95004995004995,49.95004995004995,50.100200400801604,50.0,49.95004995004995,50.150451354062184,50.24630541871921,49.34541792547835,50.25125628140704,-1,-1,-1,-1,-1,-1,0.0,26.026026026026027,35.964035964035965,94.0,61.0,51.0,38.0,63.0,50.0,49.95004995004995,50.0,50.0,44.04404404404404,55.94405594405595,50.0,46.0,53.946053946053944,36.07214428857716,64.0,50.0,49.0,41.0,60.0,50.0,50.0,49.0,51.0,50.0,50.0,50.0,50.0,50.0,36.0,64.0,50.0,50.0,50.0,50.0,50.0,50.0,50.0,50.0,50.0,50.0,50.0,50.0,36.0,64.0,50.0,50.0,50.0,50.0,50.0,50.0,50.0,50.0,50.0,50.0,50.0,50.0,50.0,36.0,53.0,61.0,49.9001996007984,50.100200400801604,50.0,50.0,50.0
audio_recv_googCurrentDelayMs,0.0,0.0,0.0,16.0,87.0,87.0,135.0,208.0,186.0,244.0,228.0,308.0,303.0,336.0,347.0,330.0,241.0,239.0,230.0,210.0,151.0,121.0,97.0,121.0,135.0,107.0,79.0,104.0,233.0,303.0,286.0,273.0,230.0,191.0,159.0,187.0,116.0,285.0,302.0,311.0,276.0,231.0,196.0,193.0,193.0,193.0,193.0,193.0,193.0,116.0,308.0,358.0,335.0,338.0,272.0,190.0,190.0,190.0,190.0,102.0,283.0,325.0,297.0,262.0,214.0,215.0,215.0,215.0,225.0,225.0,215.0,-1,-1,-1,-1,-1,-1,10.0,31.0,65.0,491.0,122.0,120.0,75.0,175.0,157.0,139.0,94.0,66.0,57.0,248.0,230.0,163.0,210.0,120.0,230.0,281.0,291.0,159.0,249.0,256.0,217.0,194.0,195.0,195.0,171.0,146.0,155.0,155.0,101.0,255.0,286.0,274.0,229.0,213.0,213.0,212.0,212.0,212.0,212.0,212.0,212.0,212.0,137.0,246.0,350.0,303.0,286.0,266.0,221.0,164.0,120.0,118.0,55.0,58.0,57.0,57.0,57.0,38.0,134.0,280.0,168.0,139.0,120.0,95.0,46.0
audio_recv_googJitterBufferMs,0.0,0.0,0.0,26.0,71.0,92.0,220.0,202.0,285.0,223.0,314.0,462.0,306.0,409.0,358.0,320.0,288.0,253.0,220.0,188.0,148.0,112.0,90.0,160.0,127.0,97.0,67.0,77.0,352.0,322.0,290.0,249.0,216.0,186.0,204.0,171.0,151.0,338.0,308.0,276.0,248.0,216.0,188.0,188.0,188.0,188.0,188.0,188.0,188.0,62.0,404.0,372.0,340.0,308.0,235.0,185.0,185.0,185.0,185.0,57.0,396.0,337.0,292.0,242.0,209.0,209.0,209.0,209.0,219.0,199.0,209.0,-1,-1,-1,-1,-1,-1,0.0,47.0,119.0,967.0,114.0,86.0,21.0,203.0,153.0,121.0,88.0,54.0,127.0,250.0,217.0,117.0,200.0,2.0,320.0,290.0,240.0,32.0,261.0,229.0,199.0,169.0,189.0,189.0,146.0,134.0,149.0,149.0,1.0,306.0,276.0,246.0,214.0,206.0,206.0,206.0,206.0,206.0,206.0,206.0,206.0,206.0,1.0,364.0,331.0,301.0,271.0,241.0,209.0,141.0,109.0,76.0,46.0,39.0,39.0,39.0,39.0,4.0,256.0,324.0,159.0,129.0,99.0,66.0,41.0
audio_recv_googJitterReceived,0.0,0.0,0.0,0.0,23.0,23.0,23.0,23.0,23.0,13.0,13.0,13.0,13.0,13.0,13.0,13.0,8.0,8.0,8.0,8.0,8.0,8.0,8.0,8.0,3.0,3.0,3.0,16.0,16.0,16.0,1.0,1.0,1.0,1.0,1.0,1.0,1.0,10.0,10.0,10.0,10.0,1.0,1.0,1.0,1.0,1.0,1.0,1.0,1.0,1.0,8.0,8.0,8.0,8.0,1.0,1.0,1.0,1.0,1.0,14.0,14.0,14.0,14.0,2.0,2.0,2.0,2.0,1.0,1.0,1.0,1.0,-1,-1,-1,-1,-1,-1,0.0,0.0,20.0,20.0,20.0,20.0,7.0,7.0,7.0,7.0,7.0,7.0,7.0,7.0,4.0,4.0,4.0,4.0,4.0,9.0,9.0,9.0,9.0,9.0,9.0,9.0,5.0,5.0,5.0,6.0,6.0,6.0,6.0,6.0,5.0,5.0,5.0,5.0,5.0,5.0,1.0,1.0,1.0,1.0,1.0,1.0,1.0,1.0,1.0,1.0,1.0,1.0,1.0,1.0,1.0,1.0,1.0,1.0,1.0,1.0,1.0,1.0,1.0,1.0,2.0,2.0,2.0,2.0,2.0
audio_recv_googPreferredJitterBufferMs,0.0,0.0,0.0,80.0,80.0,80.0,80.0,80.0,80.0,80.0,80.0,80.0,80.0,80.0,80.0,80.0,80.0,80.0,80.0,80.0,80.0,80.0,80.0,80.0,80.0,80.0,80.0,80.0,80.0,80.0,80.0,80.0,80.0,80.0,80.0,60.0,180.0,180.0,180.0,180.0,180.0,180.0,180.0,180.0,180.0,180.0,180.0,180.0,180.0,180.0,180.0,180.0,180.0,180.0,180.0,180.0,180.0,180.0,180.0,200.0,200.0,200.0,200.0,200.0,200.0,200.0,200.0,200.0,200.0,200.0,200.0,-1,-1,-1,-1,-1,-1,80.0,100.0,100.0,100.0,20.0,20.0,80.0,20.0,20.0,20.0,20.0,20.0,180.0,180.0,180.0,180.0,180.0,180.0,180.0,180.0,180.0,180.0,180.0,180.0,180.0,180.0,180.0,180.0,20.0,180.0,180.0,180.0,200.0,200.0,200.0,200.0,200.0,200.0,200.0,200.0,200.0,200.0,200.0,200.0,200.0,200.0,200.0,200.0,200.0,200.0,200.0,200.0,200.0,20.0,20.0,20.0,20.0,20.0,20.0,20.0,20.0,100.0,20.0,20.0,20.0,20.0,20.0,20.0,20.0
audio_send_bitsSentPerSecond,0.0,0.0,0.0,19877.786952931463,24871.378910776362,25321.81425485961,24144.0,24696.0,24688.0,21904.0,16720.0,16720.0,16720.0,16432.0,15624.0,13160.0,17712.0,16736.736736736737,16720.0,15280.71928071928,15864.0,14976.0,15856.0,16728.0,15832.0,15800.0,14992.0,16951.04895104895,13061.06106106106,15992.0,15298.105682951147,15991.975927783351,15968.0,15823.823823823825,15800.1998001998,15799.799799799799,15760.23976023976,15368.0,15368.0,15672.0,16024.0,15872.0,15784.0,15776.0,15744.0,15736.0,15776.0,16112.0,14824.0,13400.0,15592.0,15608.0,15736.0,15720.279720279721,15751.751751751752,15744.255744255745,15991.991991991992,15488.0,14768.0,14816.0,15529.411764705883,15735.735735735736,16607.39260739261,14761.238761238761,15743.486973947896,16072.0,15992.007992007992,15783.350050150451,15668.965517241379,15532.729103726082,14753.768844221106,0.0,0.0,0.0,0.0,0.0,0.0,11600.0,24768.76876876877,24263.736263736264,24808.0,24952.0,25592.0,24600.0,25432.0,24600.0,25630.36963036963,24752.0,18504.0,16552.55255255255,21874.125874125875,21904.0,19672.0,18989.01098901099,19390.781563126253,18296.0,20280.0,18728.0,18888.0,18000.0,18008.0,18752.0,17640.0,16536.0,22064.0,31848.0,18696.0,18104.0,18416.0,18024.0,17280.0,17432.0,17000.0,21504.0,22128.0,18448.0,18824.0,18400.0,18672.0,18792.0,18632.0,18568.0,17208.0,15904.0,17000.0,18720.0,18392.0,19552.0,36472.0,40400.0,40400.0,40400.0,21152.0,22896.0,32296.0,40400.0,39592.0,41208.0,40400.0,33960.0,35736.0,39225.54890219561,40480.961923847695,41208.0,39592.0,41208.0
audio_send_packetsSentPerSecond,0.0,0.0,0.0,40.46242774566474,48.66743916570104,50.75593952483801,50.0,50.0,50.0,50.0,50.0,50.0,50.0,50.0,50.0,49.0,51.0,50.050050050050054,50.0,49.95004995004995,50.0,49.0,50.0,51.0,50.0,50.0,49.0,50.94905094905095,49.049049049049046,51.0,49.85044865403788,50.150451354062184,50.0,50.050050050050054,49.95004995004995,50.050050050050054,49.95004995004995,50.0,50.0,50.0,50.0,50.0,50.0,50.0,50.0,50.0,50.0,50.0,50.0,50.0,50.0,50.0,50.0,49.95004995004995,50.050050050050054,49.95004995004995,50.050050050050054,50.0,50.0,50.0,49.85044865403788,50.050050050050054,50.94905094905095,48.95104895104895,50.100200400801604,50.0,49.95004995004995,50.150451354062184,50.24630541871921,50.35246727089628,49.246231155778894,0.0,0.0,0.0,0.0,0.0,0.0,23.0,50.050050050050054,49.95004995004995,50.0,50.0,51.0,49.0,51.0,49.0,50.94905094905095,49.0,51.0,49.049049049049046,50.94905094905095,50.0,50.0,49.95004995004995,49.098196392785574,51.0,49.0,50.0,51.0,49.0,50.0,50.0,51.0,49.0,50.0,51.0,49.0,50.0,51.0,49.0,50.0,51.0,49.0,50.0,51.0,49.0,51.0,49.0,50.0,51.0,50.0,50.0,50.0,50.0,49.0,51.0,49.0,51.0,49.0,50.0,50.0,50.0,51.0,49.0,51.0,50.0,49.0,51.0,50.0,49.0,51.0,48.902195608782435,50.100200400801604,51.0,49.0,51.0
video_recv_bitsReceivedPerSecond,0.0,0.0,0.0,190896.77952105697,240852.83893395134,231654.42764578832,236168.0,253048.0,258704.0,199896.0,234360.0,245632.0,268736.0,231752.0,211192.0,209584.0,192920.0,164652.65265265264,129168.0,152135.86413586413,147360.0,157752.0,167240.0,135960.0,127928.0,148736.0,104592.0,110697.3026973027,129369.36936936936,104864.0,110995.0149551346,113315.9478435306,128352.0,130522.52252252253,133698.3016983017,122290.29029029029,105046.95304695304,93000.0,79904.0,90792.0,99240.0,103880.0,118960.0,119272.0,131432.0,147616.0,153920.0,165128.0,157320.0,128696.0,183512.0,141576.0,134056.0,130349.65034965034,143711.71171171172,157338.66133866133,167591.5915915916,177928.0,167488.0,125552.0,176127.61714855433,141213.21321321322,132715.2847152847,131068.93106893107,144625.250501002,161328.0,169678.3216783217,182812.43731193582,167905.41871921183,210126.88821752265,223694.47236180905,-1,-1,-1,-1,-1,-1,0.0,221845.84584584585,250941.05894105893,169744.0,171464.0,153752.0,129000.0,142760.0,108464.0,109810.18981018981,149048.0,141288.0,103391.39139139139,136719.2807192807,98200.0,121976.0,104591.40859140859,52929.85971943888,66088.0,49296.0,62312.0,50936.0,26440.0,0.0,0.0,0.0,0.0,0.0,0.0,20792.0,46400.0,71048.0,49656.0,76144.0,52784.0,59424.0,65760.0,62832.0,77488.0,76648.0,76352.0,84800.0,95048.0,101712.0,99360.0,121608.0,93744.0,149688.0,102488.0,91968.0,93200.0,104296.0,109560.0,115304.0,113512.0,136464.0,148104.0,151344.0,182960.0,177768.0,189416.0,158160.0,194944.0,164616.0,121205.58882235529,131511.02204408817,135224.0,144120.0,166912.0
video_recv_packetsReceivedPerSecond,0.0,0.0,0.0,25.59867877786953,31.286210892236383,32.39740820734341,31.0,31.0,41.0,27.0,32.0,37.0,44.0,49.0,47.0,49.0,38.0,40.04004004004004,51.0,59.94005994005994,60.0,60.0,63.0,60.0,60.0,60.0,41.0,49.95004995004995,77.07707707707708,60.0,59.82053838484546,60.18054162487462,60.0,60.06006006006006,59.94005994005994,60.06006006006006,47.952047952047955,57.0,60.0,60.0,60.0,60.0,60.0,60.0,60.0,60.0,60.0,60.0,60.0,40.0,80.0,60.0,61.0,59.94005994005994,60.06006006006006,59.94005994005994,60.06006006006006,60.0,61.0,39.0,80.75772681954138,60.06006006006006,60.93906093906094,59.94005994005994,60.120240480961925,60.0,59.94005994005994,60.18054162487462,61.083743842364534,59.4159113796576,60.301507537688444,-1,-1,-1,-1,-1,-1,0.0,27.027027027027028,31.96803196803197,21.0,22.0,20.0,21.0,20.0,16.0,17.982017982017982,24.0,23.0,18.01801801801802,24.975024975024976,22.0,26.0,27.972027972027973,16.03206412825651,21.0,13.0,16.0,16.0,9.0,0.0,0.0,0.0,0.0,0.0,0.0,4.0,19.0,50.0,28.0,47.0,45.0,55.0,59.0,51.0,60.0,56.0,60.0,60.0,60.0,60.0,60.0,60.0,44.0,76.0,60.0,60.0,60.0,60.0,60.0,60.0,60.0,60.0,60.0,60.0,61.0,60.0,60.0,44.0,63.0,73.0,59.880239520958085,60.120240480961925,60.0,60.0,61.0
video_recv_googCurrentDelayMs,0.0,0.0,0.0,22.0,22.0,24.0,24.0,25.0,81.0,81.0,86.0,83.0,93.0,99.0,96.0,94.0,93.0,96.0,95.0,92.0,90.0,88.0,99.0,98.0,96.0,94.0,96.0,98.0,97.0,95.0,93.0,91.0,87.0,85.0,86.0,84.0,85.0,84.0,82.0,81.0,79.0,77.0,73.0,72.0,71.0,71.0,70.0,69.0,68.0,68.0,66.0,66.0,66.0,66.0,65.0,64.0,64.0,63.0,63.0,62.0,62.0,62.0,61.0,61.0,60.0,60.0,59.0,59.0,60.0,59.0,58.0,-1,-1,-1,-1,-1,-1,21.0,40.0,179.0,179.0,204.0,150.0,247.0,234.0,218.0,201.0,190.0,182.0,190.0,184.0,178.0,172.0,170.0,174.0,175.0,175.0,171.0,176.0,176.0,176.0,176.0,176.0,176.0,176.0,176.0,12.0,11.0,152.0,155.0,154.0,152.0,150.0,148.0,145.0,142.0,140.0,138.0,135.0,133.0,130.0,128.0,125.0,128.0,127.0,124.0,122.0,120.0,118.0,116.0,114.0,113.0,112.0,110.0,109.0,103.0,103.0,101.0,100.0,100.0,100.0,99.0,98.0,97.0,96.0,89.0
video_recv_googDecodeMs,0.0,0.0,0.0,4.0,4.0,4.0,4.0,2.0,2.0,3.0,2.0,2.0,2.0,2.0,2.0,2.0,2.0,1.0,1.0,1.0,1.0,1.0,0.0,0.0,0.0,0.0,1.0,0.0,0.0,1.0,1.0,0.0,0.0,1.0,1.0,0.0,0.0,0.0,1.0,1.0,0.0,0.0,1.0,0.0,1.0,1.0,1.0,1.0,0.0,0.0,1.0,1.0,0.0,1.0,1.0,0.0,1.0,1.0,0.0,0.0,0.0,1.0,1.0,0.0,1.0,1.0,0.0,1.0,0.0,1.0,0.0,-1,-1,-1,-1,-1,-1,11.0,5.0,5.0,4.0,4.0,4.0,2.0,2.0,2.0,2.0,3.0,2.0,2.0,3.0,2.0,1.0,1.0,1.0,1.0,1.0,1.0,1.0,0.0,0.0,0.0,0.0,0.0,0.0,0.0,1.0,1.0,1.0,1.0,1.0,0.0,0.0,0.0,1.0,1.0,1.0,0.0,1.0,1.0,1.0,0.0,1.0,0.0,0.0,1.0,1.0,0.0,1.0,0.0,1.0,1.0,0.0,0.0,0.0,1.0,1.0,1.0,1.0,0.0,0.0,0.0,1.0,0.0,1.0,1.0
video_recv_googFrameHeightReceived,0.0,0.0,0.0,720.0,720.0,720.0,720.0,540.0,540.0,540.0,540.0,540.0,360.0,360.0,360.0,360.0,360.0,270.0,270.0,270.0,270.0,270.0,180.0,180.0,180.0,180.0,180.0,180.0,180.0,180.0,180.0,180.0,180.0,180.0,180.0,180.0,180.0,180.0,180.0,180.0,180.0,180.0,180.0,180.0,180.0,180.0,180.0,180.0,180.0,180.0,180.0,180.0,180.0,180.0,180.0,180.0,180.0,180.0,180.0,180.0,180.0,180.0,180.0,180.0,180.0,180.0,180.0,180.0,180.0,180.0,180.0,-1,-1,-1,-1,-1,-1,720.0,720.0,720.0,720.0,720.0,540.0,540.0,540.0,540.0,540.0,360.0,360.0,360.0,360.0,360.0,270.0,270.0,270.0,270.0,270.0,180.0,180.0,180.0,180.0,180.0,180.0,180.0,180.0,180.0,180.0,180.0,180.0,180.0,180.0,180.0,180.0,180.0,180.0,180.0,180.0,180.0,180.0,180.0,180.0,180.0,180.0,180.0,180.0,180.0,180.0,180.0,180.0,180.0,180.0,180.0,180.0,180.0,180.0,180.0,180.0,180.0,180.0,180.0,180.0,180.0,180.0,180.0,180.0,180.0
video_recv_googFrameRateOutput,0.0,0.0,0.0,11.0,13.0,17.0,14.0,16.0,20.0,29.0,26.0,27.0,42.0,49.0,48.0,51.0,39.0,38.0,47.0,60.0,62.0,62.0,60.0,57.0,59.0,62.0,43.0,49.0,73.0,62.0,62.0,61.0,60.0,56.0,58.0,62.0,51.0,54.0,62.0,61.0,60.0,60.0,57.0,61.0,61.0,61.0,60.0,60.0,60.0,35.0,73.0,65.0,62.0,62.0,62.0,61.0,60.0,60.0,60.0,39.0,71.0,64.0,62.0,62.0,61.0,61.0,60.0,60.0,60.0,60.0,60.0,-1,-1,-1,-1,-1,-1,0.0,10.0,15.0,3.0,9.0,12.0,10.0,14.0,9.0,11.0,14.0,22.0,19.0,24.0,22.0,25.0,24.0,20.0,19.0,13.0,17.0,16.0,9.0,0.0,0.0,0.0,0.0,0.0,0.0,3.0,19.0,49.0,29.0,44.0,42.0,55.0,60.0,51.0,61.0,56.0,60.0,60.0,60.0,61.0,60.0,60.0,48.0,70.0,60.0,60.0,60.0,61.0,60.0,60.0,60.0,60.0,60.0,60.0,61.0,60.0,60.0,48.0,63.0,66.0,61.0,61.0,60.0,60.0,61.0
video_recv_googFrameRateReceived,0.0,0.0,0.0,8.0,14.0,16.0,15.0,14.0,25.0,26.0,30.0,28.0,39.0,49.0,47.0,49.0,38.0,38.0,51.0,60.0,60.0,60.0,58.0,60.0,60.0,60.0,41.0,50.0,78.0,60.0,60.0,60.0,60.0,60.0,60.0,60.0,48.0,57.0,60.0,60.0,60.0,60.0,59.0,60.0,60.0,60.0,60.0,60.0,60.0,40.0,80.0,60.0,59.0,60.0,60.0,60.0,60.0,60.0,60.0,39.0,81.0,60.0,60.0,60.0,60.0,60.0,60.0,60.0,59.0,60.0,60.0,-1,-1,-1,-1,-1,-1,2.0,12.0,13.0,6.0,9.0,8.0,10.0,14.0,10.0,10.0,14.0,23.0,18.0,25.0,22.0,24.0,28.0,16.0,21.0,13.0,15.0,16.0,9.0,0.0,0.0,0.0,0.0,0.0,0.0,3.0,19.0,50.0,28.0,47.0,45.0,55.0,59.0,51.0,60.0,56.0,60.0,60.0,60.0,60.0,60.0,60.0,44.0,76.0,60.0,60.0,60.0,60.0,60.0,60.0,60.0,60.0,60.0,60.0,58.0,60.0,60.0,44.0,63.0,73.0,60.0,60.0,60.0,60.0,59.0
video_recv_googFrameWidthReceived,0.0,0.0,0.0,1280.0,1280.0,1280.0,1280.0,960.0,960.0,960.0,960.0,960.0,640.0,640.0,640.0,640.0,640.0,480.0,480.0,480.0,480.0,480.0,320.0,320.0,320.0,320.0,320.0,320.0,320.0,320.0,320.0,320.0,320.0,320.0,320.0,320.0,320.0,320.0,320.0,320.0,320.0,320.0,320.0,320.0,320.0,320.0,320.0,320.0,320.0,320.0,320.0,320.0,320.0,320.0,320.0,320.0,320.0,320.0,320.0,320.0,320.0,320.0,320.0,320.0,320.0,320.0,320.0,320.0,320.0,320.0,320.0,-1,-1,-1,-1,-1,-1,1280.0,1280.0,1280.0,1280.0,1280.0,960.0,960.0,960.0,960.0,960.0,640.0,640.0,640.0,640.0,640.0,480.0,480.0,480.0,480.0,480.0,320.0,320.0,320.0,320.0,320.0,320.0,320.0,320.0,320.0,320.0,320.0,320.0,320.0,320.0,320.0,320.0,320.0,320.0,320.0,320.0,320.0,320.0,320.0,320.0,320.0,320.0,320.0,320.0,320.0,320.0,320.0,320.0,320.0,320.0,320.0,320.0,320.0,320.0,320.0,320.0,320.0,320.0,320.0,320.0,320.0,320.0,320.0,320.0,320.0
video_recv_googInterframeDelayMax,-1.0,-1.0,-1.0,125.0,145.0,93.0,129.0,137.0,68.0,59.0,49.0,47.0,32.0,32.0,33.0,37.0,134.0,103.0,38.0,98.0,19.0,22.0,74.0,123.0,102.0,18.0,163.0,152.0,73.0,18.0,18.0,22.0,26.0,96.0,127.0,18.0,138.0,47.0,18.0,21.0,22.0,21.0,81.0,18.0,18.0,18.0,22.0,21.0,22.0,195.0,17.0,18.0,17.0,18.0,18.0,19.0,30.0,21.0,30.0,189.0,60.0,18.0,18.0,18.0,18.0,18.0,22.0,22.0,36.0,38.0,22.0,-1,-1,-1,-1,-1,-1,-1.0,144.0,179.0,597.0,267.0,171.0,243.0,132.0,224.0,144.0,140.0,65.0,185.0,66.0,66.0,116.0,172.0,122.0,206.0,127.0,128.0,129.0,91.0,-1.0,-1.0,-1.0,-1.0,-1.0,-1.0,151.0,69.0,37.0,177.0,75.0,35.0,34.0,19.0,35.0,18.0,35.0,19.0,18.0,18.0,18.0,18.0,18.0,129.0,85.0,18.0,18.0,18.0,18.0,18.0,25.0,18.0,18.0,18.0,18.0,18.0,20.0,18.0,124.0,83.0,33.0,18.0,18.0,18.0,18.0,18.0
video_recv_googJitterBufferMs,0.0,0.0,0.0,38.0,46.0,27.0,24.0,75.0,70.0,72.0,72.0,69.0,87.0,85.0,82.0,80.0,80.0,83.0,82.0,80.0,78.0,76.0,87.0,86.0,84.0,82.0,85.0,87.0,86.0,84.0,82.0,80.0,76.0,74.0,75.0,73.0,74.0,73.0,71.0,70.0,68.0,66.0,62.0,61.0,60.0,60.0,59.0,58.0,57.0,57.0,55.0,55.0,55.0,55.0,54.0,53.0,53.0,52.0,52.0,51.0,51.0,51.0,50.0,50.0,49.0,49.0,48.0,48.0,49.0,48.0,47.0,-1,-1,-1,-1,-1,-1,50.0,84.0,226.0,305.0,202.0,154.0,243.0,219.0,203.0,186.0,175.0,167.0,175.0,169.0,164.0,159.0,157.0,161.0,165.0,162.0,158.0,163.0,163.0,163.0,163.0,163.0,163.0,163.0,163.0,0.0,0.0,141.0,144.0,143.0,141.0,139.0,137.0,134.0,131.0,129.0,127.0,124.0,122.0,119.0,117.0,114.0,117.0,116.0,113.0,111.0,109.0,107.0,105.0,103.0,102.0,101.0,99.0,98.0,92.0,92.0,90.0,89.0,89.0,89.0,88.0,87.0,86.0,85.0,78.0
video_recv_googPlisSent,0.0,0.0,0.0,0.0,0.0,0.0,0.0,0.0,0.0,0.0,0.0,0.0,0.0,0.0,0.0,0.0,0.0,0.0,0.0,0.0,0.0,0.0,0.0,0.0,0.0,0.0,0.0,0.0,0.0,0.0,0.0,0.0,0.0,0.0,0.0,0.0,0.0,0.0,0.0,0.0,0.0,0.0,0.0,0.0,0.0,0.0,0.0,0.0,0.0,0.0,0.0,0.0,0.0,0.0,0.0,0.0,0.0,0.0,0.0,0.0,0.0,0.0,0.0,0.0,0.0,0.0,0.0,0.0,0.0,0.0,0.0,-1,-1,-1,-1,-1,-1,1.0,1.0,1.0,1.0,1.0,1.0,1.0,1.0,1.0,1.0,1.0,1.0,1.0,1.0,1.0,1.0,1.0,1.0,1.0,1.0,1.0,1.0,1.0,1.0,1.0,2.0,2.0,2.0,2.0,2.0,2.0,2.0,2.0,2.0,2.0,2.0,2.0,2.0,2.0,2.0,2.0,2.0,2.0,2.0,2.0,2.0,2.0,2.0,2.0,2.0,2.0,2.0,2.0,2.0,2.0,2.0,2.0,2.0,2.0,2.0,2.0,2.0,2.0,2.0,2.0,2.0,2.0,2.0,2.0
video_send_bitsSentPerSecond,0.0,0.0,0.0,364597.853014038,168222.47972190034,108345.57235421166,120320.0,129120.0,196528.0,113664.0,114944.0,108856.0,118256.0,161168.0,119632.0,131304.0,97536.0,114698.6986986987,146952.0,60643.356643356645,77072.0,40600.0,49504.0,71200.0,52352.0,17568.0,31232.0,31200.7992007992,35171.17117117117,39040.0,40869.39182452642,46988.96690070211,56584.0,50930.93093093093,69114.88511488511,75635.63563563564,48071.92807192807,53912.0,60280.0,62432.0,66360.0,79240.0,81352.0,75440.0,90128.0,95632.0,102904.0,103744.0,121864.0,140960.0,93864.0,102568.0,93536.0,95024.97502497502,107227.22722722722,108947.05294705294,115707.70770770771,119456.0,133600.0,159280.0,149455.63310069792,184456.45645645645,197082.9170829171,183232.76723276722,221811.623246493,146256.0,123660.33966033965,125745.23570712136,127487.68472906404,146014.09869083585,141483.41708542712,0.0,0.0,0.0,0.0,0.0,0.0,285480.0,249033.03303303305,231224.77522477522,194152.0,278880.0,199936.0,198312.0,193232.0,200448.0,294409.5904095904,195336.0,214728.0,213557.55755755756,220147.85214785216,155296.0,126736.0,148179.82017982018,143398.79759519038,164952.0,164976.0,145184.0,123792.0,141120.0,156520.0,104632.0,101088.0,100792.0,110424.0,113536.0,125080.0,130192.0,138752.0,117024.0,124600.0,87056.0,79152.0,85480.0,96928.0,104912.0,115312.0,119608.0,126016.0,143168.0,150872.0,164128.0,158368.0,183384.0,136816.0,145760.0,131392.0,130744.0,138592.0,153952.0,163600.0,175528.0,173304.0,180024.0,129232.0,145400.0,130736.0,130824.0,140840.0,154552.0,167568.0,177405.1896207585,181346.69338677355,190224.0,213128.0,252840.0
video_send_packetsLost,0.0,0.0,0.0,0.0,0.0,0.0,0.0,0.0,0.0,0.0,0.0,0.0,0.0,0.0,0.0,0.0,0.0,0.0,0.0,0.0,0.0,0.0,0.0,0.0,0.0,0.0,0.0,0.0,0.0,0.0,0.0,0.0,0.0,0.0,0.0,0.0,0.0,0.0,0.0,0.0,0.0,0.0,0.0,0.0,0.0,0.0,0.0,0.0,0.0,0.0,0.0,0.0,0.0,0.0,0.0,0.0,0.0,0.0,0.0,0.0,0.0,0.0,0.0,0.0,0.0,0.0,0.0,0.0,0.0,0.0,0.0,0.0,0.0,0.0,0.0,0.0,0.0,0.0,0.0,0.0,0.0,0.0,0.0,0.0,0.0,0.0,0.0,0.0,0.0,0.0,0.0,0.0,0.0,0.0,0.0,0.0,0.0,0.0,0.0,0.0,0.0,0.0,0.0,0.0,0.0,0.0,0.0,0.0,0.0,0.0,0.0,0.0,0.0,0.0,0.0,0.0,0.0,0.0,0.0,0.0,0.0,0.0,0.0,0.0,0.0,0.0,0.0,0.0,0.0,0.0,0.0,0.0,0.0,0.0,0.0,0.0,0.0,0.0,0.0,0.0,0.0,0.0,0.0,0.0,0.0,0.0
video_send_packetsSentPerSecond,0.0,0.0,0.0,46.24277456647399,19.69872537659328,12.958963282937365,16.0,16.0,28.0,18.0,16.0,17.0,19.0,25.0,20.0,23.0,19.0,26.026026026026027,34.0,16.983016983016984,26.0,10.0,13.0,19.0,18.0,9.0,16.0,15.984015984015985,18.01801801801802,20.0,20.937188434695912,24.072216649949848,19.0,27.027027027027028,45.95404595404595,45.04504504504504,31.96803196803197,49.0,58.0,50.0,60.0,56.0,60.0,60.0,60.0,60.0,60.0,60.0,60.0,60.0,60.0,60.0,60.0,59.94005994005994,60.06006006006006,59.94005994005994,60.06006006006006,60.0,60.0,60.0,59.82053838484546,61.06106106106106,60.93906093906094,59.94005994005994,59.11823647294589,60.0,59.94005994005994,60.18054162487462,60.09852216748769,60.42296072507553,60.301507537688444,0.0,0.0,0.0,0.0,0.0,0.0,39.0,32.032032032032035,32.967032967032964,24.0,39.0,30.0,27.0,26.0,31.0,45.95404595404595,40.0,47.0,51.051051051051054,44.955044955044954,33.0,46.0,59.94005994005994,59.11823647294589,61.0,63.0,59.0,61.0,60.0,60.0,48.0,60.0,59.0,61.0,60.0,60.0,60.0,60.0,59.0,60.0,46.0,60.0,59.0,61.0,60.0,60.0,60.0,59.0,61.0,60.0,60.0,60.0,60.0,60.0,60.0,61.0,60.0,59.0,61.0,60.0,60.0,61.0,60.0,60.0,60.0,60.0,61.0,60.0,60.0,60.0,59.880239520958085,61.122244488977955,60.0,60.0,60.0
video_send_googEncodeUsagePercent,0.0,0.0,0.0,0.0,64.0,64.0,64.0,64.0,64.0,64.0,64.0,64.0,64.0,64.0,64.0,64.0,64.0,64.0,64.0,64.0,64.0,64.0,64.0,64.0,64.0,64.0,64.0,64.0,64.0,64.0,64.0,64.0,64.0,64.0,64.0,64.0,46.0,41.0,37.0,34.0,31.0,28.0,26.0,24.0,22.0,20.0,18.0,17.0,16.0,15.0,14.0,13.0,13.0,12.0,12.0,11.0,11.0,11.0,10.0,10.0,10.0,10.0,10.0,10.0,10.0,10.0,10.0,10.0,10.0,10.0,10.0,0.0,0.0,0.0,0.0,0.0,0.0,0.0,64.0,64.0,64.0,64.0,64.0,64.0,64.0,64.0,64.0,64.0,64.0,64.0,48.0,47.0,64.0,64.0,52.0,47.0,45.0,64.0,64.0,51.0,47.0,42.0,38.0,35.0,32.0,29.0,26.0,24.0,22.0,21.0,19.0,18.0,17.0,16.0,15.0,14.0,13.0,13.0,12.0,12.0,11.0,11.0,11.0,11.0,11.0,10.0,10.0,10.0,10.0,10.0,10.0,10.0,10.0,10.0,10.0,10.0,10.0,10.0,10.0,10.0,10.0,10.0,10.0,10.0,10.0,10.0
video_send_googFrameHeightSent,0.0,0.0,0.0,720.0,720.0,720.0,720.0,720.0,540.0,540.0,540.0,540.0,540.0,360.0,360.0,360.0,360.0,360.0,270.0,270.0,270.0,270.0,270.0,180.0,180.0,180.0,180.0,180.0,180.0,0.0,0.0,0.0,180.0,180.0,180.0,180.0,180.0,180.0,180.0,180.0,180.0,180.0,180.0,180.0,180.0,180.0,180.0,180.0,180.0,180.0,180.0,180.0,180.0,180.0,180.0,180.0,180.0,180.0,180.0,180.0,180.0,180.0,180.0,180.0,180.0,180.0,180.0,180.0,180.0,180.0,180.0,0.0,0.0,0.0,0.0,0.0,0.0,720.0,720.0,720.0,720.0,540.0,540.0,540.0,540.0,540.0,360.0,360.0,360.0,360.0,360.0,270.0,270.0,270.0,270.0,270.0,180.0,180.0,180.0,180.0,180.0,180.0,180.0,180.0,180.0,180.0,180.0,180.0,180.0,180.0,180.0,180.0,180.0,180.0,180.0,180.0,180.0,180.0,180.0,180.0,180.0,180.0,180.0,180.0,180.0,180.0,180.0,180.0,180.0,180.0,180.0,180.0,180.0,180.0,180.0,180.0,180.0,180.0,180.0,180.0,180.0,180.0,180.0,180.0,180.0,180.0
video_send_googFrameRateSent,0.0,0.0,0.0,24.0,7.0,4.0,6.0,7.0,12.0,9.0,12.0,10.0,11.0,19.0,21.0,24.0,19.0,26.0,32.0,17.0,26.0,10.0,13.0,18.0,18.0,0.0,0.0,0.0,0.0,0.0,0.0,0.0,7.0,27.0,46.0,44.0,32.0,50.0,58.0,50.0,59.0,56.0,60.0,60.0,60.0,60.0,60.0,60.0,60.0,60.0,60.0,60.0,60.0,60.0,60.0,60.0,60.0,60.0,60.0,60.0,61.0,61.0,61.0,61.0,61.0,60.0,61.0,60.0,59.0,61.0,61.0,0.0,0.0,0.0,0.0,0.0,0.0,23.0,16.0,17.0,11.0,18.0,22.0,24.0,25.0,21.0,40.0,41.0,48.0,51.0,45.0,31.0,46.0,61.0,61.0,61.0,61.0,61.0,61.0,61.0,61.0,49.0,61.0,61.0,61.0,61.0,61.0,61.0,61.0,61.0,61.0,46.0,61.0,61.0,61.0,61.0,61.0,61.0,61.0,61.0,61.0,61.0,61.0,61.0,61.0,61.0,61.0,61.0,61.0,61.0,61.0,60.0,61.0,60.0,61.0,60.0,60.0,61.0,61.0,61.0,60.0,60.0,61.0,60.0,60.0,60.0
video_send_googFrameWidthSent,0.0,0.0,0.0,1280.0,1280.0,1280.0,1280.0,1280.0,960.0,960.0,960.0,960.0,960.0,640.0,640.0,640.0,640.0,640.0,480.0,480.0,480.0,480.0,480.0,320.0,320.0,320.0,320.0,320.0,320.0,0.0,0.0,0.0,320.0,320.0,320.0,320.0,320.0,320.0,320.0,320.0,320.0,320.0,320.0,320.0,320.0,320.0,320.0,320.0,320.0,320.0,320.0,320.0,320.0,320.0,320.0,320.0,320.0,320.0,320.0,320.0,320.0,320.0,320.0,320.0,320.0,320.0,320.0,320.0,320.0,320.0,320.0,0.0,0.0,0.0,0.0,0.0,0.0,1280.0,1280.0,1280.0,1280.0,960.0,960.0,960.0,960.0,960.0,640.0,640.0,640.0,640.0,640.0,480.0,480.0,480.0,480.0,480.0,320.0,320.0,320.0,320.0,320.0,320.0,320.0,320.0,320.0,320.0,320.0,320.0,320.0,320.0,320.0,320.0,320.0,320.0,320.0,320.0,320.0,320.0,320.0,320.0,320.0,320.0,320.0,320.0,320.0,320.0,320.0,320.0,320.0,320.0,320.0,320.0,320.0,320.0,320.0,320.0,320.0,320.0,320.0,320.0,320.0,320.0,320.0,320.0,320.0,320.0
video_send_googRtt,0.0,0.0,0.0,0.0,0.0,0.0,0.0,1857.0,1665.0,1337.0,1130.0,990.0,782.0,599.0,464.0,327.0,229.0,208.0,153.0,107.0,99.0,69.0,133.0,93.0,65.0,46.0,32.0,84.0,151.0,168.0,117.0,0.0,1.0,1.0,1.0,1.0,1.0,84.0,111.0,78.0,54.0,38.0,26.0,18.0,12.0,9.0,6.0,4.0,3.0,2.0,82.0,0.0,20.0,14.0,10.0,7.0,5.0,3.0,2.0,0.0,2.0,62.0,43.0,30.0,21.0,15.0,129.0,0.0,112.0,79.0,55.0,0.0,0.0,0.0,0.0,0.0,0.0,0.0,0.0,0.0,0.0,0.0,969.0,843.0,755.0,780.0,690.0,561.0,456.0,0.0,2.0,0.0,80.0,96.0,83.0,58.0,0.0,2.0,2.0,1.0,72.0,50.0,121.0,169.0,145.0,101.0,112.0,79.0,55.0,38.0,26.0,0.0,3.0,2.0,1.0,1.0,1.0,1.0,1.0,1.0,0.0,1.0,1.0,1.0,1.0,60.0,57.0,40.0,28.0,20.0,14.0,10.0,7.0,0.0,1.0,1.0,22.0,37.0,63.0,44.0,0.0,259.0,181.0,127.0,89.0,0.0
audio_send_packetsLost,-1,-1,-1,-1,-1,-1,0.0,0.0,0.0,0.0,0.0,0.0,0.0,0.0,0.0,0.0,0.0,0.0,0.0,0.0,0.0,0.0,0.0,0.0,0.0,0.0,0.0,0.0,0.0,0.0,0.0,0.0,0.0,0.0,0.0,0.0,0.0,0.0,0.0,0.0,0.0,0.0,0.0,0.0,0.0,0.0,0.0,0.0,0.0,0.0,0.0,0.0,0.0,0.0,0.0,0.0,0.0,0.0,0.0,0.0,0.0,0.0,0.0,0.0,0.0,0.0,0.0,0.0,0.0,0.0,0.0,-1,-1,-1,-1,-1,-1,-1,-1,0.0,0.0,0.0,0.0,0.0,0.0,0.0,0.0,0.0,0.0,0.0,0.0,0.0,0.0,0.0,0.0,0.0,0.0,0.0,0.0,0.0,0.0,0.0,0.0,0.0,0.0,0.0,0.0,0.0,0.0,0.0,0.0,0.0,0.0,0.0,0.0,0.0,0.0,0.0,0.0,0.0,0.0,0.0,0.0,0.0,0.0,0.0,0.0,0.0,0.0,0.0,0.0,0.0,0.0,0.0,0.0,0.0,0.0,0.0,0.0,0.0,0.0,0.0,0.0,0.0,0.0,0.0
audio_send_googJitterReceived,-1,-1,-1,-1,-1,-1,20.0,20.0,20.0,7.0,7.0,7.0,7.0,7.0,7.0,7.0,7.0,4.0,4.0,4.0,4.0,4.0,9.0,9.0,9.0,9.0,9.0,9.0,9.0,5.0,5.0,6.0,6.0,6.0,6.0,6.0,6.0,5.0,5.0,5.0,5.0,5.0,5.0,1.0,1.0,1.0,1.0,1.0,1.0,1.0,1.0,1.0,1.0,1.0,1.0,1.0,1.0,1.0,1.0,1.0,1.0,1.0,1.0,1.0,1.0,1.0,2.0,2.0,2.0,2.0,2.0,-1,-1,-1,-1,-1,-1,-1,-1,23.0,23.0,23.0,23.0,13.0,13.0,13.0,13.0,13.0,13.0,13.0,13.0,8.0,8.0,8.0,8.0,8.0,8.0,8.0,3.0,3.0,3.0,3.0,16.0,16.0,1.0,1.0,1.0,1.0,1.0,1.0,1.0,10.0,10.0,10.0,10.0,1.0,1.0,1.0,1.0,1.0,1.0,1.0,1.0,1.0,8.0,8.0,8.0,8.0,8.0,1.0,1.0,1.0,1.0,14.0,14.0,14.0,14.0,2.0,2.0,2.0,2.0,1.0,1.0,1.0,1.0,4.0
audio_send_googRtt,-1,-1,-1,-1,-1,-1,-1,-1,-1,944.0,944.0,944.0,944.0,11.0,11.0,11.0,11.0,2.0,2.0,2.0,2.0,2.0,1.0,1.0,1.0,1.0,1.0,1.0,1.0,2.0,2.0,1.0,1.0,1.0,1.0,1.0,1.0,175.0,175.0,175.0,175.0,175.0,175.0,2.0,2.0,2.0,1.0,1.0,1.0,1.0,1.0,1.0,1.0,1.0,1.0,1.0,1.0,1.0,1.0,1.0,245.0,245.0,245.0,245.0,245.0,245.0,2.0,2.0,2.0,2.0,2.0,-1,-1,-1,-1,-1,-1,-1,-1,-1,-1,-1,-1,1016.0,1016.0,1016.0,1016.0,1016.0,1016.0,1016.0,1016.0,158.0,158.0,158.0,158.0,158.0,158.0,158.0,1.0,1.0,1.0,1.0,277.0,277.0,277.0,277.0,277.0,277.0,277.0,277.0,277.0,1.0,1.0,1.0,1.0,1.0,1.0,1.0,1.0,1.0,2.0,2.0,2.0,2.0,41.0,41.0,41.0,41.0,41.0,1.0,1.0,1.0,1.0,2.0,2.0,2.0,2.0,246.0,246.0,246.0,246.0,2.0,2.0,2.0,2.0,2.0
video_recv_resolutionChangesReceived,0,0,0,1,1,1,1,2,2,2,2,2,3,3,3,3,3,4,4,4,4,4,5,5,5,5,5,5,5,5,5,5,5,5,5,5,5,5,5,5,5,5,5,5,5,5,5,5,5,5,5,5,5,5,5,5,5,5,5,5,5,5,5,5,5,5,5,5,5,5,5,0,0,0,0,0,0,1,1,1,1,1,2,2,2,2,2,3,3,3,3,3,4,4,4,4,4,5,5,5,5,5,5,5,5,5,5,5,5,5,5,5,5,5,5,5,5,5,5,5,5,5,5,5,5,5,5,5,5,5,5,5,5,5,5,5,5,5,5,5,5,5,5,5,5,5
video_send_resolutionChangesSent,0,0,0,1,1,1,1,1,2,2,2,2,2,3,3,3,3,3,4,4,4,4,4,5,5,5,5,5,5,6,6,6,7,7,7,7,7,7,7,7,7,7,7,7,7,7,7,7,7,7,7,7,7,7,7,7,7,7,7,7,7,7,7,7,7,7,7,7,7,7,7,0,0,0,0,0,0,1,1,1,1,2,2,2,2,2,3,3,3,3,3,4,4,4,4,4,5,5,5,5,5,5,5,5,5,5,5,5,5,5,5,5,5,5,5,5,5,5,5,5,5,5,5,5,5,5,5,5,5,5,5,5,5,5,5,5,5,5,5,5,5,5,5,5,5,5
1_way_delay_audio_send,-0.5,-0.5,-0.5,-0.5,-0.5,-0.5,-0.5,-0.5,-0.5,472.0,472.0,472.0,472.0,5.5,5.5,5.5,5.5,1.0,1.0,1.0,1.0,1.0,0.5,0.5,0.5,0.5,0.5,0.5,0.5,1.0,1.0,0.5,0.5,0.5,0.5,0.5,0.5,87.5,87.5,87.5,87.5,87.5,87.5,1.0,1.0,1.0,0.5,0.5,0.5,0.5,0.5,0.5,0.5,0.5,0.5,0.5,0.5,0.5,0.5,0.5,122.5,122.5,122.5,122.5,122.5,122.5,1.0,1.0,1.0,1.0,1.0,-0.5,-0.5,-0.5,-0.5,-0.5,-0.5,-0.5,-0.5,-0.5,-0.5,-0.5,-0.5,508.0,508.0,508.0,508.0,508.0,508.0,508.0,508.0,79.0,79.0,79.0,79.0,79.0,79.0,79.0,0.5,0.5,0.5,0.5,138.5,138.5,138.5,138.5,138.5,138.5,138.5,138.5,138.5,0.5,0.5,0.5,0.5,0.5,0.5,0.5,0.5,0.5,1.0,1.0,1.0,1.0,20.5,20.5,20.5,20.5,20.5,0.5,0.5,0.5,0.5,1.0,1.0,1.0,1.0,123.0,123.0,123.0,123.0,1.0,1.0,1.0,1.0,1.0
1_way_delay_video_send,0.0,0.0,0.0,0.0,0.0,0.0,0.0,928.5,832.5,668.5,565.0,495.0,391.0,299.5,232.0,163.5,114.5,104.0,76.5,53.5,49.5,34.5,66.5,46.5,32.5,23.0,16.0,42.0,75.5,84.0,58.5,0.0,0.5,0.5,0.5,0.5,0.5,42.0,55.5,39.0,27.0,19.0,13.0,9.0,6.0,4.5,3.0,2.0,1.5,1.0,41.0,0.0,10.0,7.0,5.0,3.5,2.5,1.5,1.0,0.0,1.0,31.0,21.5,15.0,10.5,7.5,64.5,0.0,56.0,39.5,27.5,0.0,0.0,0.0,0.0,0.0,0.0,0.0,0.0,0.0,0.0,0.0,484.5,421.5,377.5,390.0,345.0,280.5,228.0,0.0,1.0,0.0,40.0,48.0,41.5,29.0,0.0,1.0,1.0,0.5,36.0,25.0,60.5,84.5,72.5,50.5,56.0,39.5,27.5,19.0,13.0,0.0,1.5,1.0,0.5,0.5,0.5,0.5,0.5,0.5,0.0,0.5,0.5,0.5,0.5,30.0,28.5,20.0,14.0,10.0,7.0,5.0,3.5,0.0,0.5,0.5,11.0,18.5,31.5,22.0,0.0,129.5,90.5,63.5,44.5,0.0
ear_ear_delay_audio_send,-1.5,-1.5,-1.5,-1.5,-1.5,-1.5,-0.5,46.5,118.5,1439.0,586.0,558.0,493.0,208.5,158.5,126.5,93.5,55.0,128.0,251.0,218.0,118.0,200.5,2.5,320.5,290.5,240.5,32.5,261.5,230.0,200.0,169.5,189.5,189.5,146.5,134.5,149.5,236.5,88.5,393.5,363.5,333.5,301.5,207.0,207.0,207.0,206.5,206.5,206.5,206.5,206.5,206.5,1.5,364.5,331.5,301.5,271.5,241.5,209.5,141.5,231.5,198.5,168.5,161.5,161.5,161.5,40.0,5.0,257.0,325.0,160.0,-0.5,-0.5,-0.5,25.5,70.5,91.5,219.5,201.5,284.5,222.5,313.5,461.5,814.0,917.0,866.0,828.0,796.0,761.0,728.0,696.0,227.0,191.0,169.0,239.0,206.0,176.0,146.0,77.5,352.5,322.5,290.5,387.5,354.5,324.5,342.5,309.5,289.5,476.5,446.5,414.5,248.5,216.5,188.5,188.5,188.5,188.5,188.5,188.5,188.5,63.0,405.0,373.0,341.0,328.5,255.5,205.5,205.5,205.5,185.5,57.5,396.5,337.5,293.0,243.0,210.0,210.0,332.0,332.0,342.0,322.0,210.0
audio_recv_kbitsReceivedPerSecond,0,0,0,7,19,23,28,25,27,24,28,30,22,27,16,16,23,19,19,19,17,17,20,17,18,17,11,18,23,15,25,28,17,17,17,16,11,21,16,24,18,18,18,18,18,18,18,18,16,9,23,18,18,19,39,39,39,37,20,12,42,39,39,39,38,33,35,39,39,38,39,0,0,0,0,0,0,0,12,17,45,28,24,19,20,16,16,16,15,12,16,16,15,16,9,21,15,15,13,17,15,15,13,13,15,15,15,15,15,9,21,15,14,15,15,15,15,15,15,15,15,15,14,8,19,15,15,15,15,15,15,15,14,14,15,15,15,15,9,18,18,15,14,14,15,14
video_recv_kbitsReceivedPerSecond,0,0,0,186,235,226,230,247,252,195,228,239,262,226,206,204,188,160,126,148,143,154,163,132,124,145,102,108,126,102,108,110,125,127,130,119,102,90,78,88,96,101,116,116,128,144,150,161,153,125,179,138,130,127,140,153,163,173,163,122,171,137,129,127,141,157,165,178,163,205,218,0,0,0,0,0,0,0,216,245,165,167,150,125,139,105,107,145,137,100,133,95,119,102,51,64,48,60,49,25,0,0,0,0,0,0,20,45,69,48,74,51,58,64,61,75,74,74,82,92,99,97,118,91,146,100,89,91,101,106,112,110,133,144,147,178,173,184,154,190,160,118,128,132,140,163
audio_packet_loss_percentage_send,0.0,0.0,0.0,2.0,0.0,0.0,0.0,0.0,0.0,0.0,0.0,0.0,0.0,0.0,0.0,0.0,0.0,0.0,0.0,0.0,0.0,0.0,0.0,0.0,0.0,0.0,0.0,0.0,0.0,0.0,0.0,0.0,0.0,0.0,0.0,0.0,0.0,0.0,0.0,0.0,0.0,0.0,0.0,0.0,0.0,0.0,0.0,0.0,0.0,0.0,0.0,0.0,0.0,0.0,0.0,0.0,0.0,0.0,0.0,0.0,0.0,0.0,0.0,0.0,0.0,0.0,0.0,0.0,0.0,2.002,0.0,0.0,0.0,0.0,0.0,0.0,0.0,0.0,0.0,0.0,0.0,0.0,0.0,0.0,0.0,0.0,0.0,0.0,0.0,0.0,0.0,0.0,0.0,0.0,0.0,0.0,0.0,0.0,0.0,0.0,0.0,0.0,0.0,0.0,0.0,0.0,0.0,0.0,0.0,0.0,0.0,0.0,0.0,0.0,0.0,0.0,0.0,0.0,0.0,0.0,0.0,0.0,0.0,0.0,0.0,0.0,0.0,0.0,0.0,0.0,0.0,0.0,0.0,0.0,0.0
e_model_audio_send,93.084,91.35600000000001,0,35.179,38.931,47.641000000000005,85.76400000000001,90.396,91.164,91.956,92.88000000000001,91.128,80.069,84.491,91.36800000000001,86.836,94.14,70.756,74.77600000000001,81.476,93.42,78.662,82.88300000000001,86.903,90.132,88.31,88.31,90.684,90.97200000000001,90.61200000000001,82.012,92.07600000000001,60.974000000000004,64.994,69.01400000000001,73.302,85.965,85.965,85.965,86.03200000000001,86.03200000000001,86.03200000000001,86.03200000000001,86.03200000000001,86.03200000000001,94.164,64.86000000000001,69.28200000000001,73.302,77.322,81.342,85.63,90.804,82.682,87.104,90.156,90.324,90.324,90.324,93.24000000000001,94.08,79.265,70.153,72.79358458320165,71.71358458320165,71.20958458320165,84.29,86.702,74.98533295158744,83.888,71.694,51.862,4.626999999999995,0,0,2.7509999999999906,7.0390000000000015,11.729,16.150999999999996,20.439000000000007,83.285,88.10900000000001,90.144,81.677,86.099,89.976,90.696,92.34,66.468,70.488,74.77600000000001,61.778000000000006,66.2,70.22,67.80799999999999,72.23,74.91,49.852000000000004,53.872,58.160000000000004,80.404,84.69200000000001,88.444,88.444,88.444,88.444,88.444,88.444,88.444,92.688,59.433,63.721000000000004,68.009,69.684,79.46600000000001,86.166,86.166,86.166,88.846,92.82000000000001,60.572,68.47800000000001,74.441,81.141,85.563,85.563,69.215,69.215,67.875,70.555,85.563
kpi_audio_synchronization,4.407029162203073,4.370788719997888,1.0,1.8350631206376276,2.011947524360563,2.451633934549953,4.221933420553793,4.348580816986048,4.366463690387392,4.383923644564288,4.403006096896001,4.365646217575936,4.026605531540437,4.181831059240603,4.371057082763777,4.253995331404608,4.426735802392,3.6322533378314885,3.8122482485959686,4.078550288392768,4.413503760184001,3.9724378307853043,4.128155115964292,4.255946047225711,4.342220567420225,4.295429590663001,4.295429590663001,4.355395510785472,4.362080088009664,4.353703996573505,4.0977296252999045,4.386480842815169,3.1503139172870327,3.3543257411815124,3.5504230414967926,3.7477956619427446,4.228065819950125,4.228065819950125,4.228065819950125,4.230097665306624,4.230097665306624,4.230097665306624,4.230097665306624,4.230097665306624,4.230097665306624,4.4271616559393925,3.3476377172080007,3.5631479576236247,3.7477956619427446,3.918889897348264,4.073702141904184,4.217814561171,4.358196621650753,4.121216406850024,4.261760169213953,4.342803234705088,4.346856930394432,4.346856930394432,4.346856930394432,4.4100587624320005,4.4256668508159995,3.995917253457625,3.6041674817789615,3.7251350665799365,3.6763041646548196,3.653205045590848,4.175303028877001,4.250074962817145,3.821246052440747,4.162089723498497,3.6754101992563126,2.6729525036285042,0.9908958042008189,1.0,1.0,0.9890734241247431,1.003778868517767,1.060679910105577,1.149608915883343,1.2650409124683673,4.141881769781125,4.289964405566797,4.342512012378112,4.085782681829869,4.232123345721907,4.3384115565767685,4.355676639605248,4.392024097672,3.4272913740933766,3.6198030361000963,3.8122482485959686,3.191618474899337,3.414110104,3.607300985464,3.492587223433216,3.699768858031,3.8180125696030003,2.5672315559725445,2.778923113304064,3.0042576225280007,4.039179337465152,4.188306219966784,4.299040096293312,4.299040096293312,4.299040096293312,4.299040096293312,4.299040096293312,4.299040096293312,4.299040096293312,4.399156533047297,3.070585667529841,3.2904487396394733,3.5022899190468975,3.5821448712814723,4.003656178553128,4.234142848563928,4.234142848563928,4.234142848563928,4.309712336281848,4.401809671624,3.1295824841952644,3.5248321104205367,3.7977669188831533,4.066390348516453,4.215745991440171,4.215745991440171,3.559971207406375,3.559971207406375,3.4958242011718754,3.6229204945728757,4.215745991440171
eye_eye_delay_video_send,-1.0,-1.0,-1.0,-1.0,-1.0,-1.0,50.0,1012.5,1058.5,973.5,767.0,649.0,634.0,518.5,435.0,349.5,289.5,271.0,251.5,222.5,213.5,193.5,223.5,207.5,197.5,185.0,174.0,205.0,238.5,247.0,221.5,163.0,163.5,163.5,163.5,0.5,0.5,183.0,199.5,182.0,168.0,158.0,150.0,143.0,137.0,133.5,130.0,126.0,123.5,120.0,158.0,114.0,127.0,123.0,118.0,114.5,111.5,108.5,106.0,103.0,103.0,132.0,120.5,113.0,102.5,99.5,154.5,89.0,145.0,128.5,115.5,0.0,0.0,0.0,38.0,46.0,27.0,24.0,75.0,70.0,72.0,72.0,553.5,508.5,462.5,472.0,425.0,360.5,311.0,82.0,81.0,78.0,116.0,135.0,127.5,113.0,82.0,86.0,88.0,86.5,120.0,107.0,140.5,160.5,146.5,125.5,129.0,113.5,100.5,90.0,83.0,68.0,67.5,63.0,61.5,60.5,60.5,59.5,58.5,57.5,57.0,55.5,55.5,55.5,55.5,84.0,81.5,73.0,66.0,62.0,58.0,56.0,54.5,50.0,50.5,49.5,60.0,66.5,79.5,71.0,48.0,176.5
kpi_video_synchronization,5,5,5,5,5,5,5,1,1,1,1,1,1,1,1,1.6733333333333333,2.4733333333333336,2.72,2.9800000000000004,3.3666666666666667,3.486666666666667,3.7533333333333334,3.3533333333333335,3.566666666666667,3.7,3.8666666666666667,4.013333333333334,3.6,3.1533333333333333,3.04,3.38,4.16,4.153333333333333,4.153333333333333,4.153333333333333,5,5,3.8933333333333335,3.6733333333333333,3.9066666666666667,4.093333333333334,4.226666666666667,4.333333333333333,4.426666666666667,4.506666666666667,4.553333333333334,4.6,4.653333333333333,4.6866666666666665,4.733333333333333,4.226666666666667,4.8133333333333335,4.64,4.693333333333333,4.76,4.806666666666667,4.846666666666667,4.886666666666667,4.92,4.96,4.96,4.573333333333333,4.726666666666667,4.826666666666666,4.966666666666667,5,4.273333333333333,5,4.4,4.62,4.793333333333333,5,5,5,5,5,5,5,5,5,5,5,1,1,1,1,1,1.5266666666666668,2.186666666666667,5,5,5,4.786666666666667,4.533333333333333,4.633333333333333,4.826666666666666,5,5,5,5,4.733333333333333,4.906666666666666,4.46,4.193333333333333,4.38,4.66,4.613333333333333,4.82,4.993333333333333,5,5,5,5,5,5,5,5,5,5,5,5,5,5,5,5,5,5,5,5,5,5,5,5,5,5,5,5,5,5,5,5,3.98
av_delay_send,-0.5,-0.5,-0.5,-0.5,-0.5,-0.5,-50.5,-966.0,-940.0,465.5,-181.0,-91.0,-141.0,-310.0,-276.5,-223.0,-196.0,-216.0,-123.5,28.5,4.5,-75.5,-23.0,-205.0,123.0,105.5,66.5,-172.5,23.0,-17.0,-21.5,6.5,26.0,26.0,-17.0,134.0,149.0,53.5,-111.0,211.5,195.5,175.5,151.5,64.0,70.0,73.5,76.5,80.5,83.0,86.5,48.5,92.5,-125.5,241.5,213.5,187.0,160.0,133.0,103.5,38.5,128.5,66.5,48.0,48.5,59.0,62.0,-114.5,-84.0,112.0,196.5,44.5,-0.5,-0.5,-0.5,-12.5,24.5,64.5,195.5,126.5,214.5,150.5,241.5,-92.0,305.5,454.5,394.0,403.0,435.5,450.0,646.0,615.0,149.0,75.0,34.0,111.5,93.0,94.0,60.0,-10.5,266.0,202.5,183.5,247.0,194.0,178.0,217.0,180.5,176.0,376.0,356.5,331.5,180.5,149.0,125.5,127.0,128.0,128.0,129.0,130.0,131.0,6.0,349.5,317.5,285.5,273.0,171.5,124.0,132.5,139.5,123.5,-0.5,340.5,283.0,243.0,192.5,160.5,150.0,265.5,252.5,271.0,274.0,33.5
kpi_av_synchronization,5,5,5,5,5,5,5,1,1,1,1.2666666666666666,5,3.9333333333333336,1,1,1,1,1,5,5,5,5,5,1,1,1,3.2800000000000002,1.8333333333333335,5,5,5,5,5,5,5,1,1,4.32,5,1,1,1,1,3.48,3.0,2.72,2.48,2.16,1.96,1.6800000000000002,4.72,1,4.966666666666667,1,1,1,1,1,1,5,1,3.2800000000000002,4.76,4.72,3.88,3.6399999999999997,5,5,1,1,5,5,5,5,5,5,3.44,1,1,1,1,1,5,1,1,1,1,1,1,1,1,1,2.6,5,1,1,1,3.8,5,1,1,1,1,1,1,1,1,1,1,1,1,1,1,1,1,1,1,1,1,1,5,1,1,1,1,1,1,1,1,1,5,1,1,1,1,1,1,1,1,1,1,5
kpi_resolution_stability,2.5023024114548,2.5023024114548,2.5023024114548,2.5023024114548,2.5023024114548,2.5023024114548,2.5023024114548,2.5023024114548,2.5023024114548,2.5023024114548,2.5023024114548,2.5023024114548,2.5023024114548,2.5023024114548,2.5023024114548,2.5023024114548,2.5023024114548,2.5023024114548,2.5023024114548,2.5023024114548,2.5023024114548,2.5023024114548,2.5023024114548,2.5023024114548,2.5023024114548,2.5023024114548,2.5023024114548,2.5023024114548,2.5023024114548,2.5023024114548,2.5023024114548,2.5023024114548,2.5023024114548,2.5023024114548,2.5023024114548,2.5023024114548,2.5023024114548,2.5023024114548,2.5023024114548,2.5023024114548,2.5023024114548,2.5023024114548,2.5023024114548,2.5023024114548,2.5023024114548,2.5023024114548,2.5023024114548,2.5023024114548,2.5023024114548,2.5023024114548,2.5023024114548,2.5023024114548,2.5023024114548,2.5023024114548,2.5023024114548,2.5023024114548,2.5023024114548,2.5023024114548,2.5023024114548,2.5023024114548,2.5023024114548,2.5023024114548,2.5023024114548,2.5023024114548,2.5023024114548,2.5023024114548,2.5023024114548,2.5023024114548,2.5023024114548,2.5023024114548,2.5023024114548,2.5025964255879245,2.5025964255879245,2.5025964255879245,2.5025964255879245,2.5025964255879245,2.5025964255879245,2.5025964255879245,2.5025964255879245,2.5025964255879245,2.5025964255879245,2.5025964255879245,2.5025964255879245,2.5025964255879245,2.5025964255879245,2.5025964255879245,2.5025964255879245,2.5025964255879245,2.5025964255879245,2.5025964255879245,2.5025964255879245,2.5025964255879245,2.5025964255879245,2.5025964255879245,2.5025964255879245,2.5025964255879245,2.5025964255879245,2.5025964255879245,2.5025964255879245,2.5025964255879245,2.5025964255879245,2.5025964255879245,2.5025964255879245,2.5025964255879245,2.5025964255879245,2.5025964255879245,2.5025964255879245,2.5025964255879245,2.5025964255879245,2.5025964255879245,2.5025964255879245,2.5025964255879245,2.5025964255879245,2.5025964255879245,2.5025964255879245,2.5025964255879245,2.5025964255879245,2.5025964255879245,2.5025964255879245,2.5025964255879245,2.5025964255879245,2.5025964255879245,2.5025964255879245,2.5025964255879245,2.5025964255879245,2.5025964255879245,2.5025964255879245,2.5025964255879245,2.5025964255879245,2.5025964255879245,2.5025964255879245,2.5025964255879245,2.5025964255879245,2.5025964255879245,2.5025964255879245,2.5025964255879245,2.5025964255879245,2.5025964255879245,2.5025964255879245,2.5025964255879245,2.5025964255879245,2.5025964255879245,2.5025964255879245,2.5025964255879245,2.5025964255879245,2.5025964255879245
max_resolution_percentage,5.633802816901409,5.633802816901409,5.633802816901409,5.633802816901409,5.633802816901409,5.633802816901409,5.633802816901409,5.633802816901409,5.633802816901409,5.633802816901409,5.633802816901409,5.633802816901409,5.633802816901409,5.633802816901409,5.633802816901409,5.633802816901409,5.633802816901409,5.633802816901409,5.633802816901409,5.633802816901409,5.633802816901409,5.633802816901409,5.633802816901409,5.633802816901409,5.633802816901409,5.633802816901409,5.633802816901409,5.633802816901409,5.633802816901409,5.633802816901409,5.633802816901409,5.633802816901409,5.633802816901409,5.633802816901409,5.633802816901409,5.633802816901409,5.633802816901409,5.633802816901409,5.633802816901409,5.633802816901409,5.633802816901409,5.633802816901409,5.633802816901409,5.633802816901409,5.633802816901409,5.633802816901409,5.633802816901409,5.633802816901409,5.633802816901409,5.633802816901409,5.633802816901409,5.633802816901409,5.633802816901409,5.633802816901409,5.633802816901409,5.633802816901409,5.633802816901409,5.633802816901409,5.633802816901409,5.633802816901409,5.633802816901409,5.633802816901409,5.633802816901409,5.633802816901409,5.633802816901409,5.633802816901409,5.633802816901409,5.633802816901409,5.633802816901409,5.633802816901409,5.633802816901409,6.666666666666667,6.666666666666667,6.666666666666667,6.666666666666667,6.666666666666667,6.666666666666667,6.666666666666667,6.666666666666667,6.666666666666667,6.666666666666667,6.666666666666667,6.666666666666667,6.666666666666667,6.666666666666667,6.666666666666667,6.666666666666667,6.666666666666667,6.666666666666667,6.666666666666667,6.666666666666667,6.666666666666667,6.666666666666667,6.666666666666667,6.666666666666667,6.666666666666667,6.666666666666667,6.666666666666667,6.666666666666667,6.666666666666667,6.666666666666667,6.666666666666667,6.666666666666667,6.666666666666667,6.666666666666667,6.666666666666667,6.666666666666667,6.666666666666667,6.666666666666667,6.666666666666667,6.666666666666667,6.666666666666667,6.666666666666667,6.666666666666667,6.666666666666667,6.666666666666667,6.666666666666667,6.666666666666667,6.666666666666667,6.666666666666667,6.666666666666667,6.666666666666667,6.666666666666667,6.666666666666667,6.666666666666667,6.666666666666667,6.666666666666667,6.666666666666667,6.666666666666667,6.666666666666667,6.666666666666667,6.666666666666667,6.666666666666667,6.666666666666667,6.666666666666667,6.666666666666667,6.666666666666667,6.666666666666667,6.666666666666667,6.666666666666667,6.666666666666667,6.666666666666667,6.666666666666667,6.666666666666667,6.666666666666667,6.666666666666667
kpi_resolution_stability_norm,2.504752277762793,2.504752277762793,2.504752277762793,2.504752277762793,2.504752277762793,2.504752277762793,2.504752277762793,2.504752277762793,2.504752277762793,2.504752277762793,2.504752277762793,2.504752277762793,2.504752277762793,2.504752277762793,2.504752277762793,2.504752277762793,2.504752277762793,2.504752277762793,2.504752277762793,2.504752277762793,2.504752277762793,2.504752277762793,2.504752277762793,2.504752277762793,2.504752277762793,2.504752277762793,2.504752277762793,2.504752277762793,2.504752277762793,2.504752277762793,2.504752277762793,2.504752277762793,2.504752277762793,2.504752277762793,2.504752277762793,2.504752277762793,2.504752277762793,2.504752277762793,2.504752277762793,2.504752277762793,2.504752277762793,2.504752277762793,2.504752277762793,2.504752277762793,2.504752277762793,2.504752277762793,2.504752277762793,2.504752277762793,2.504752277762793,2.504752277762793,2.504752277762793,2.504752277762793,2.504752277762793,2.504752277762793,2.504752277762793,2.504752277762793,2.504752277762793,2.504752277762793,2.504752277762793,2.504752277762793,2.504752277762793,2.504752277762793,2.504752277762793,2.504752277762793,2.504752277762793,2.504752277762793,2.504752277762793,2.504752277762793,2.504752277762793,2.504752277762793,2.504752277762793,2.5050423760617746,2.5050423760617746,2.5050423760617746,2.5050423760617746,2.5050423760617746,2.5050423760617746,2.5050423760617746,2.5050423760617746,2.5050423760617746,2.5050423760617746,2.5050423760617746,2.5050423760617746,2.5050423760617746,2.5050423760617746,2.5050423760617746,2.5050423760617746,2.5050423760617746,2.5050423760617746,2.5050423760617746,2.5050423760617746,2.5050423760617746,2.5050423760617746,2.5050423760617746,2.5050423760617746,2.5050423760617746,2.5050423760617746,2.5050423760617746,2.5050423760617746,2.5050423760617746,2.5050423760617746,2.5050423760617746,2.5050423760617746,2.5050423760617746,2.5050423760617746,2.5050423760617746,2.5050423760617746,2.5050423760617746,2.5050423760617746,2.5050423760617746,2.5050423760617746,2.5050423760617746,2.5050423760617746,2.5050423760617746,2.5050423760617746,2.5050423760617746,2.5050423760617746,2.5050423760617746,2.5050423760617746,2.5050423760617746,2.5050423760617746,2.5050423760617746,2.5050423760617746,2.5050423760617746,2.5050423760617746,2.5050423760617746,2.5050423760617746,2.5050423760617746,2.5050423760617746,2.5050423760617746,2.5050423760617746,2.5050423760617746,2.5050423760617746,2.5050423760617746,2.5050423760617746,2.5050423760617746,2.5050423760617746,2.5050423760617746,2.5050423760617746,2.5050423760617746,2.5050423760617746,2.5050423760617746,2.5050423760617746,2.5050423760617746,2.5050423760617746,2.5050423760617746
max_resolution_percentage_norm,12.676056338028168,12.676056338028168,12.676056338028168,12.676056338028168,12.676056338028168,12.676056338028168,12.676056338028168,12.676056338028168,12.676056338028168,12.676056338028168,12.676056338028168,12.676056338028168,12.676056338028168,12.676056338028168,12.676056338028168,12.676056338028168,12.676056338028168,12.676056338028168,12.676056338028168,12.676056338028168,12.676056338028168,12.676056338028168,12.676056338028168,12.676056338028168,12.676056338028168,12.676056338028168,12.676056338028168,12.676056338028168,12.676056338028168,12.676056338028168,12.676056338028168,12.676056338028168,12.676056338028168,12.676056338028168,12.676056338028168,12.676056338028168,12.676056338028168,12.676056338028168,12.676056338028168,12.676056338028168,12.676056338028168,12.676056338028168,12.676056338028168,12.676056338028168,12.676056338028168,12.676056338028168,12.676056338028168,12.676056338028168,12.676056338028168,12.676056338028168,12.676056338028168,12.676056338028168,12.676056338028168,12.676056338028168,12.676056338028168,12.676056338028168,12.676056338028168,12.676056338028168,12.676056338028168,12.676056338028168,12.676056338028168,12.676056338028168,12.676056338028168,12.676056338028168,12.676056338028168,12.676056338028168,12.676056338028168,12.676056338028168,12.676056338028168,12.676056338028168,12.676056338028168,13.333333333333334,13.333333333333334,13.333333333333334,13.333333333333334,13.333333333333334,13.333333333333334,13.333333333333334,13.333333333333334,13.333333333333334,13.333333333333334,13.333333333333334,13.333333333333334,13.333333333333334,13.333333333333334,13.333333333333334,13.333333333333334,13.333333333333334,13.333333333333334,13.333333333333334,13.333333333333334,13.333333333333334,13.333333333333334,13.333333333333334,13.333333333333334,13.333333333333334,13.333333333333334,13.333333333333334,13.333333333333334,13.333333333333334,13.333333333333334,13.333333333333334,13.333333333333334,13.333333333333334,13.333333333333334,13.333333333333334,13.333333333333334,13.333333333333334,13.333333333333334,13.333333333333334,13.333333333333334,13.333333333333334,13.333333333333334,13.333333333333334,13.333333333333334,13.333333333333334,13.333333333333334,13.333333333333334,13.333333333333334,13.333333333333334,13.333333333333334,13.333333333333334,13.333333333333334,13.333333333333334,13.333333333333334,13.333333333333334,13.333333333333334,13.333333333333334,13.333333333333334,13.333333333333334,13.333333333333334,13.333333333333334,13.333333333333334,13.333333333333334,13.333333333333334,13.333333333333334,13.333333333333334,13.333333333333334,13.333333333333334,13.333333333333334,13.333333333333334,13.333333333333334,13.333333333333334,13.333333333333334,13.333333333333334,13.333333333333334
kpi_fps_stability,1,1,1,3.900283497761082,4.079873320937373,4.368267837086116,4.159542355321509,4.303093943648576,4.542982187053405,4.942427872760581,4.8250342659265355,4.865606628121216,5,5,5,5,5,5,5,5,5,5,5,5,5,5,5,5,5,5,5,5,5,5,5,5,5,5,5,5,5,5,5,5,5,5,5,5,5,5,5,5,5,5,5,5,5,5,5,5,5,5,5,5,5,5,5,5,5,5,5,1,1,1,1,1,1,1,3.7978212420642405,4.233712451884842,2.5035023185016865,3.6845544733114513,3.9938242084800133,3.7978212420642405,4.159542355321509,3.6845544733114513,3.900283497761082,4.159542355321509,4.645444442750246,4.487839843855012,4.738985153469177,4.645444442750246,4.782870430458232,4.738985153469177,4.542982187053405,4.487839843855012,4.079873320937373,4.368267837086116,4.303093943648576,3.6845544733114513,1,1,1,1,1,1,2.5035023185016865,4.487839843855012,5,4.942427872760581,5,5,5,5,5,5,5,5,5,5,5,5,5,5,5,5,5,5,5,5,5,5,5,5,5,5,5,5,5,5,5,5,5,5,5,5
kpi_q_audio,1,1,1,1,3,3,4,4,4,4,4,4,3,4,3,3,3,3,3,3,3,3,3,3,3,3,2,3,3,2,4,4,3,3,3,3,2,3,3,4,3,3,3,3,3,3,3,3,3,1,3,3,3,3,5,5,5,5,3,2,5,5,5,5,5,5,5,5,5,5,5,1,1,1,1,1,1,1,2,3,5,4,4,3,3,3,3,3,2,2,3,3,2,3,2,3,2,2,2,3,2,2,2,2,2,2,2,2,2,2,3,2,2,2,2,2,2,2,2,2,2,2,2,1,3,2,2,2,2,2,2,2,2,2,2,2,2,2,2,3,3,2,2,2,2,2
kpi_q_video,2.1,1.9,1.8,1.8,1.6857142857142855,1.5714285714285714,1.457142857142857,1.457142857142857,1.5142857142857142,1.5714285714285714,1.4,1.457142857142857,1.4,1.457142857142857,1.5142857142857142,1.5714285714285714,1.5142857142857142,1.6285714285714286,1.4,1.4,1.457142857142857,1.5142857142857142,1.5714285714285714,1.6285714285714286,1.5714285714285714,1.6285714285714286,1.4,1.4,1.457142857142857,1.5142857142857142,1.5714285714285714,1.6285714285714286,1.5714285714285714,1.8,1.8499999999999999,1.457142857142857,1.4,1.4,1.457142857142857,1.4,1.457142857142857,1.457142857142857,1.6285714285714286,1.6285714285714286,1.6857142857142855,1.5142857142857142,1.7428571428571429,1.5714285714285714,1.4,1.457142857142857,1.5714285714285714
qoe_simple_normal,2.950781018022564,2.9134209688886545,2.522222222222222,3.0983875963643612,3.128925437148672,3.20679761636911,3.3496623599167044,2.498770668685911,2.550262838044008,2.6283009234275574,2.6119137958280523,3.0388633828302276,2.895548762763752,2.59639392721721,2.626942850465816,2.6982746135423112,2.796833078572656,2.7550122756320703,3.210249805399552,3.282801883895493,3.342876079173884,3.3330221928385786,3.315403478493387,2.918385539638835,2.9332626027292314,2.9561059333540896,3.187640324888481,2.9876365382354226,3.3001253007841425,3.2961258408891196,3.314985831382529,3.443259776185812,3.2956433453070244,3.3564065638349825,3.3865284860922364,2.7678721502549135,2.7529226849616464,2.7503561161767607,2.817890812732365,2.816674995868572,2.605217815350559,2.3719782232458644,2.8127776894677567,2.7740420360347677,2.30830230116942,2.4775844757106387,2.5672246696673042,2.060327571595996,2.0936769335000034,2.0303584339763376,2.0952418910742026
qoe_simple_smooth,2.884114351355897,2.813420968888654,2.4055555555555554,2.9817209296976945,2.993211151434386,3.0520357116072048,3.1758528361071807,2.324961144876387,2.3859771237582934,2.4735390186656527,2.4285804624947187,2.8650538590207035,2.712215429430419,2.422584403407686,2.462657136180102,2.543512708780406,2.632547364286942,2.6097741803939747,3.026916472066219,3.0994685505621593,3.16906655536436,3.1687364785528644,3.1606415737314824,2.77314744440074,2.7785006979673263,2.8108678381159944,3.0043069915551484,2.8043032049020895,3.1263157769746184,3.131840126603405,3.1602239266206245,3.2980216809477167,3.14088144054512,3.2397398971683162,3.278195152758903,2.59406262644539,2.5695893516283133,2.5670227828434276,2.6440812889228416,2.6333416625352384,2.4314082915410355,2.1981686994363407,2.667539594229662,2.6288039407966726,2.172588015455134,2.3132987614249245,2.441034193476828,1.905565666834091,1.91034360016667,1.856548910166814,1.9404799863122977
