bweforvideo-googAvailableReceiveBandwidth,0.0,0.0,0.0,0.0,0.0,0.0,0.0,0.0,0.0,0.0,0.0,0.0,0.0,0.0,0.0,0.0,0.0,0.0,0.0,0.0,0.0,0.0,0.0,0.0,0.0,0.0,0.0,0.0,0.0,0.0,0.0,0.0,0.0,0.0,0.0,0.0,0.0,0.0,0.0,0.0,0.0,0.0,0.0,0.0,0.0,0.0,0.0,0.0,0.0,0.0,0.0,0.0,0.0,0.0,0.0,0.0,0.0,0.0,0.0,0.0,0.0,0.0,0.0,0.0,0.0,0.0
bweforvideo-googAvailableSendBandwidth,79236.0,79236.0,81435.0,87136.0,94351.0,102899.0,111695.0,121631.0,132361.0,143950.0,85449.0,75987.0,75987.0,82524.0,90126.0,98336.0,107203.0,116779.0,127121.0,137672.0,150354.0,163382.0,177453.0,191808.0,208153.0,225805.0,243932.0,158449.0,159182.0,127416.0,133245.0,111263.0,81265.0,90170.0,80068.0,84691.0,91711.0,100048.0,109052.0,118776.0,128804.0,140108.0,152317.0,165502.0,82967.0,82967.0,84949.0,92540.0,100943.0,110018.0,119819.0,130405.0,141411.0,153724.0,95793.0,95793.0,103362.0,111961.0,121918.0,132671.0,144285.0,89331.0,90080.0,90902.0,60136.0,65465.0
bweforvideo-googBucketDelay,2.0,0.0,0.0,0.0,0.0,0.0,0.0,0.0,1.0,0.0,0.0,0.0,0.0,0.0,0.0,0.0,0.0,0.0,1.0,1.0,3.0,0.0,0.0,1.0,1.0,1.0,1.0,1.0,0.0,1.0,0.0,1.0,0.0,2.0,0.0,0.0,0.0,3.0,0.0,3.0,3.0,3.0,3.0,0.0,0.0,0.0,0.0,0.0,0.0,3.0,3.0,0.0,0.0,3.0,0.0,0.0,0.0,0.0,5.0,0.0,0.0,0.0,3.0,0.0,0.0,0.0
timestamp,1546010719,1546010720,1546010721,1546010722,1546010723,1546010724,1546010725,1546010726,1546010727,1546010728,1546010729,1546010730,1546010731,1546010732,1546010733,1546010734,1546010735,1546010736,1546010737,1546010738,1546010739,1546010740,1546010741,1546010742,1546010743,1546010744,1546010745,1546010746,1546010747,1546010748,1546010749,1546010750,1546010751,1546010719,1546010720,1546010721,1546010722,1546010723,1546010724,1546010725,1546010726,1546010727,1546010728,1546010729,1546010730,1546010731,1546010732,1546010733,1546010734,1546010735,1546010736,1546010737,1546010738,1546010739,1546010740,1546010741,1546010742,1546010743,1546010744,1546010745,1546010746,1546010747,1546010748,1546010749,1546010750,1546010751
audio_bitsReceivedPerSecond,107968.61377506539,201463.07151230949,95480.0,115384.0,109048.0,124128.0,142936.0,138224.0,180779.22077922078,175495.4954954955,151984.0,148472.0,143248.0,106184.0,103736.0,117144.0,133856.0,140152.0,164424.0,160255.74425574427,137318.3520599251,161498.9816700611,166711.4624505929,132636.07257203842,114824.0,135168.83116883118,154058.05805805806,129590.40959040959,171883.8838838839,138232.0,113526.47352647352,114509.96015936256,72987.95180722892,0.0,151805.05415162456,124346.24145785876,135072.0,146408.0,169472.0,158848.0,190728.0,187712.0,195376.0,214488.0,111192.0,147192.0,116803.1968031968,143679.67967967968,161632.0,162613.38661338662,189501.5015015015,182168.0,185480.0,205416.0,203712.0,218944.0,224967.03296703298,254984.0,282576.0,254992.0,214008.0,292368.0,216528.52852852852,214992.0,193928.0,156179.82017982018
audio_bitsSentPerSecond,166102.877070619,126640.0937866354,118920.0,130456.0,138000.0,166584.0,152568.0,183856.0,183320.6793206793,188844.84484484483,207216.0,128784.0,123040.0,121024.0,133856.0,160832.0,150360.0,180424.0,180664.0,177422.57742257742,207805.24344569287,196668.02443991855,220640.3162055336,221908.21771611526,247120.0,283188.8111888112,263607.6076076076,275244.75524475524,229597.5975975976,212616.0,212995.004995005,184414.34262948207,146923.69477911646,0.0,152173.28519855597,100473.80410022779,121560.0,109000.0,130416.0,143744.0,150400.0,179208.0,178168.0,186832.0,182640.0,105240.0,111904.0959040959,105817.81781781782,122368.0,133106.8931068931,144760.76076076075,171864.0,165240.0,169192.0,182984.0,139456.0,127680.31968031968,119024.0,139088.0,157776.0,163712.0,171280.0,133997.997997998,119616.0,103168.0,80983.01698301698
audio_packetsSentPerSecond,108.10810810810811,87.92497069167644,88.0,118.0,129.0,127.0,128.0,128.0,131.86813186813185,133.13313313313313,128.0,93.0,92.0,117.0,129.0,127.0,127.0,127.0,133.0,132.86713286713288,130.1498127340824,127.29124236252545,134.38735177865613,131.27001067235858,132.0,135.86413586413587,148.14814814814815,134.86513486513488,128.12812812812814,132.0,127.87212787212788,112.54980079681275,92.36947791164658,0.0,122.74368231046931,87.6993166287016,106.0,121.0,131.0,127.0,129.0,133.0,136.0,134.0,123.0,90.0,96.90309690309691,119.11911911911912,129.0,124.87512487512487,129.12912912912913,133.0,137.0,129.0,130.0,106.0,108.89110889110889,123.0,125.0,127.0,128.0,124.0,115.11511511511512,109.0,99.0,70.92907092907093
audio_googLocalAddress,35.204.92.114:51914,35.204.92.114:51914,35.204.92.114:51914,35.204.92.114:51914,35.204.92.114:51914,35.204.92.114:51914,35.204.92.114:51914,35.204.92.114:51914,35.204.92.114:51914,35.204.92.114:51914,35.204.92.114:51914,35.204.92.114:51914,35.204.92.114:51914,35.204.92.114:51914,35.204.92.114:51914,35.204.92.114:51914,35.204.92.114:51914,35.204.92.114:51914,35.204.92.114:51914,35.204.92.114:51914,35.204.92.114:51914,35.204.92.114:51914,35.204.92.114:51914,35.204.92.114:51914,35.204.92.114:51914,35.204.92.114:51914,35.204.92.114:51914,35.204.92.114:51914,35.204.92.114:51914,35.204.92.114:51914,35.204.92.114:51914,35.204.92.114:51914,35.204.92.114:51914,35.204.47.190:50801,35.204.47.190:50801,35.204.47.190:50801,35.204.47.190:50801,35.204.47.190:50801,35.204.47.190:50801,35.204.47.190:50801,35.204.47.190:50801,35.204.47.190:50801,35.204.47.190:50801,35.204.47.190:50801,35.204.47.190:50801,35.204.47.190:50801,35.204.47.190:50801,35.204.47.190:50801,35.204.47.190:50801,35.204.47.190:50801,35.204.47.190:50801,35.204.47.190:50801,35.204.47.190:50801,35.204.47.190:50801,35.204.47.190:50801,35.204.47.190:50801,35.204.47.190:50801,35.204.47.190:50801,35.204.47.190:50801,35.204.47.190:50801,35.204.47.190:50801,35.204.47.190:50801,35.204.47.190:50801,35.204.47.190:50801,35.204.47.190:50801,35.204.47.190:50801
audio_googRemoteAddress,54.93.122.52:10000,54.93.122.52:10000,54.93.122.52:10000,54.93.122.52:10000,54.93.122.52:10000,54.93.122.52:10000,54.93.122.52:10000,54.93.122.52:10000,54.93.122.52:10000,54.93.122.52:10000,54.93.122.52:10000,54.93.122.52:10000,54.93.122.52:10000,54.93.122.52:10000,54.93.122.52:10000,54.93.122.52:10000,54.93.122.52:10000,54.93.122.52:10000,54.93.122.52:10000,54.93.122.52:10000,54.93.122.52:10000,54.93.122.52:10000,54.93.122.52:10000,54.93.122.52:10000,54.93.122.52:10000,54.93.122.52:10000,54.93.122.52:10000,54.93.122.52:10000,54.93.122.52:10000,54.93.122.52:10000,54.93.122.52:10000,54.93.122.52:10000,54.93.122.52:10000,54.93.122.52:10000,54.93.122.52:10000,54.93.122.52:10000,54.93.122.52:10000,54.93.122.52:10000,54.93.122.52:10000,54.93.122.52:10000,54.93.122.52:10000,54.93.122.52:10000,54.93.122.52:10000,54.93.122.52:10000,54.93.122.52:10000,54.93.122.52:10000,54.93.122.52:10000,54.93.122.52:10000,54.93.122.52:10000,54.93.122.52:10000,54.93.122.52:10000,54.93.122.52:10000,54.93.122.52:10000,54.93.122.52:10000,54.93.122.52:10000,54.93.122.52:10000,54.93.122.52:10000,54.93.122.52:10000,54.93.122.52:10000,54.93.122.52:10000,54.93.122.52:10000,54.93.122.52:10000,54.93.122.52:10000,54.93.122.52:10000,54.93.122.52:10000,54.93.122.52:10000
audio_googRtt,107.0,84.0,84.0,84.0,66.0,66.0,53.0,53.0,53.0,43.0,43.0,78.0,78.0,78.0,62.0,62.0,50.0,50.0,50.0,41.0,41.0,34.0,34.0,34.0,29.0,29.0,25.0,25.0,25.0,71.0,71.0,57.0,57.0,135.0,105.0,105.0,105.0,82.0,82.0,65.0,65.0,65.0,52.0,52.0,52.0,108.0,108.0,84.0,84.0,66.0,66.0,66.0,53.0,53.0,53.0,99.0,99.0,78.0,78.0,62.0,62.0,62.0,62.0,62.0,50.0,50.0
audio_send_bitsSentPerSecond,36861.377506538796,34269.63657678781,40136.0,40720.0,40328.0,40408.0,40232.0,40488.0,40407.592407592405,40432.43243243243,40496.0,35632.0,33552.0,31248.0,40496.0,40272.0,40224.0,40544.0,40360.0,40503.496503496506,40621.722846441946,34623.21792260693,39304.34782608696,40657.41728922092,40368.0,40351.64835164835,40360.36036036036,40527.47252747253,38014.014014014014,38368.0,40351.64835164835,39593.62549800797,40562.24899598394,0.0,18014.440433212996,13503.416856492027,16384.0,15800.0,16272.0,16272.0,16248.0,17144.0,15584.0,16256.0,16248.0,13824.0,16207.792207792209,16360.36036036036,16208.0,16191.808191808192,16200.200200200201,16144.0,16128.0,16144.0,16144.0,16416.0,15808.191808191808,16128.0,16104.0,16072.0,16032.0,16096.0,16144.144144144144,16040.0,16016.0,16000.0
audio_send_packetsLost,0.0,0.0,0.0,0.0,0.0,0.0,0.0,0.0,0.0,0.0,0.0,0.0,0.0,0.0,0.0,0.0,0.0,0.0,0.0,0.0,0.0,0.0,0.0,0.0,0.0,0.0,0.0,0.0,0.0,0.0,0.0,0.0,0.0,0.0,0.0,0.0,0.0,0.0,0.0,0.0,0.0,0.0,0.0,0.0,0.0,0.0,0.0,0.0,0.0,0.0,0.0,0.0,0.0,0.0,0.0,0.0,0.0,0.0,0.0,0.0,0.0,0.0,0.0,0.0,0.0,0.0
audio_send_packetsSentPerSecond,50.56669572798605,49.2379835873388,50.0,50.0,50.0,50.0,50.0,50.0,49.95004995004995,50.050050050050054,50.0,50.0,50.0,50.0,50.0,50.0,50.0,50.0,50.0,49.95004995004995,50.561797752808985,49.89816700610998,49.40711462450593,50.16008537886873,50.0,49.95004995004995,50.050050050050054,49.95004995004995,50.050050050050054,50.0,49.95004995004995,49.800796812749006,50.200803212851405,0.0,49.63898916967509,50.11389521640091,50.0,50.0,50.0,50.0,50.0,50.0,50.0,50.0,50.0,50.0,49.95004995004995,50.050050050050054,50.0,49.95004995004995,50.050050050050054,50.0,50.0,50.0,50.0,50.0,49.95004995004995,50.0,50.0,50.0,50.0,50.0,50.050050050050054,50.0,50.0,49.95004995004995
audio_send_googJitterReceived,16.0,16.0,6.0,6.0,6.0,1.0,1.0,1.0,2.0,2.0,2.0,2.0,5.0,5.0,5.0,5.0,5.0,5.0,2.0,2.0,2.0,2.0,7.0,7.0,7.0,7.0,7.0,7.0,7.0,19.0,19.0,19.0,19.0,96.0,96.0,96.0,96.0,104.0,104.0,104.0,104.0,99.0,99.0,99.0,99.0,116.0,116.0,116.0,116.0,116.0,116.0,97.0,97.0,97.0,97.0,103.0,103.0,103.0,103.0,103.0,103.0,103.0,95.0,95.0,95.0,95.0
audio_send_googRtt,30.0,30.0,30.0,30.0,30.0,31.0,31.0,31.0,31.0,31.0,31.0,31.0,30.0,30.0,30.0,30.0,30.0,30.0,31.0,31.0,31.0,31.0,204.0,204.0,204.0,204.0,204.0,204.0,204.0,96.0,96.0,96.0,96.0,31.0,31.0,31.0,31.0,30.0,30.0,30.0,30.0,30.0,30.0,30.0,30.0,30.0,30.0,30.0,30.0,30.0,30.0,31.0,31.0,31.0,31.0,31.0,31.0,31.0,31.0,31.0,31.0,31.0,249.0,249.0,249.0,249.0
video_send_bitsSentPerSecond,120083.69659982563,84511.13716295428,71336.0,78768.0,87744.0,113816.0,102712.0,130896.0,128487.51248751249,132348.34834834834,156760.0,82808.0,81688.0,80056.0,82568.0,108328.0,100656.0,127744.0,125272.0,121518.48151848152,154269.66292134832,152936.86354378817,166252.96442687747,170629.66915688367,195464.0,227596.4035964036,210074.07407407407,221074.92507492506,183519.51951951953,155336.0,162741.25874125873,133529.88047808764,98562.24899598393,0.0,122173.28519855595,82050.1138952164,91064.0,84880.0,100944.0,118608.0,121576.0,151520.0,141336.0,159136.0,154456.0,84376.0,84651.34865134866,81401.4014014014,92848.0,108091.90809190809,115875.87587587588,144304.0,129880.0,142840.0,153688.0,114464.0,99884.11588411589,95808.0,111672.0,130616.0,134544.0,146792.0,102422.42242242242,94760.0,77024.0,59500.4995004995
video_send_packetsLost,0.0,0.0,0.0,0.0,0.0,0.0,0.0,0.0,0.0,0.0,0.0,0.0,0.0,0.0,0.0,0.0,0.0,0.0,0.0,0.0,0.0,0.0,0.0,0.0,0.0,0.0,0.0,0.0,0.0,0.0,0.0,0.0,0.0,0.0,0.0,0.0,0.0,0.0,0.0,0.0,0.0,0.0,0.0,0.0,0.0,0.0,0.0,0.0,0.0,0.0,0.0,0.0,0.0,0.0,0.0,0.0,0.0,0.0,0.0,0.0,0.0,0.0,0.0,0.0,0.0,0.0
video_send_packetsSentPerSecond,45.335658238884044,24.6189917936694,24.0,54.0,60.0,60.0,60.0,60.0,59.94005994005994,60.06006006006006,59.0,28.0,28.0,54.0,59.0,60.0,60.0,60.0,60.0,59.94005994005994,59.9250936329588,60.08146639511202,60.276679841897234,59.76520811099253,60.0,59.94005994005994,73.07307307307308,64.93506493506493,61.06106106106106,59.0,59.94005994005994,47.808764940239044,28.11244979919679,0.0,55.95667870036101,23.917995444191344,37.0,57.0,61.0,59.0,60.0,63.0,59.0,61.0,56.0,26.0,30.969030969030968,56.05605605605606,60.0,58.94105894105894,60.06006006006006,63.0,60.0,59.0,61.0,40.0,41.95804195804196,59.0,60.0,60.0,60.0,60.0,47.047047047047045,44.0,37.0,11.988011988011989
video_send_googEncodeUsagePercent,15.0,15.0,14.0,14.0,13.0,12.0,12.0,11.0,11.0,11.0,10.0,10.0,10.0,10.0,10.0,10.0,10.0,10.0,10.0,10.0,10.0,10.0,10.0,10.0,10.0,10.0,10.0,10.0,10.0,10.0,10.0,10.0,10.0,16.0,15.0,14.0,14.0,13.0,13.0,12.0,11.0,11.0,11.0,11.0,10.0,10.0,10.0,10.0,10.0,10.0,10.0,10.0,10.0,10.0,10.0,10.0,10.0,10.0,10.0,10.0,10.0,11.0,11.0,11.0,11.0,11.0
video_send_googFrameHeightSent,180.0,180.0,180.0,180.0,180.0,180.0,180.0,180.0,180.0,180.0,180.0,180.0,180.0,180.0,180.0,180.0,180.0,180.0,180.0,180.0,180.0,180.0,180.0,180.0,180.0,180.0,180.0,180.0,180.0,180.0,180.0,180.0,180.0,180.0,180.0,180.0,180.0,180.0,180.0,180.0,180.0,180.0,180.0,180.0,180.0,180.0,180.0,180.0,180.0,180.0,180.0,180.0,180.0,180.0,180.0,180.0,180.0,180.0,180.0,180.0,180.0,180.0,180.0,180.0,180.0,180.0
video_send_googFrameRateSent,43.0,22.0,24.0,54.0,59.0,59.0,60.0,59.0,60.0,60.0,58.0,29.0,28.0,54.0,59.0,60.0,60.0,60.0,60.0,60.0,60.0,60.0,60.0,60.0,60.0,60.0,60.0,60.0,60.0,60.0,60.0,47.0,26.0,60.0,55.0,24.0,38.0,58.0,60.0,60.0,60.0,60.0,60.0,60.0,56.0,26.0,31.0,56.0,60.0,60.0,60.0,60.0,60.0,60.0,60.0,40.0,42.0,59.0,60.0,60.0,60.0,60.0,48.0,43.0,38.0,12.0
video_send_googFrameWidthSent,320.0,320.0,320.0,320.0,320.0,320.0,320.0,320.0,320.0,320.0,320.0,320.0,320.0,320.0,320.0,320.0,320.0,320.0,320.0,320.0,320.0,320.0,320.0,320.0,320.0,320.0,320.0,320.0,320.0,320.0,320.0,320.0,320.0,320.0,320.0,320.0,320.0,320.0,320.0,320.0,320.0,320.0,320.0,320.0,320.0,320.0,320.0,320.0,320.0,320.0,320.0,320.0,320.0,320.0,320.0,320.0,320.0,320.0,320.0,320.0,320.0,320.0,320.0,320.0,320.0,320.0
video_send_googRtt,36.0,80.0,151.0,138.0,101.0,75.0,58.0,45.0,36.0,31.0,28.0,25.0,62.0,86.0,66.0,52.0,40.0,32.0,28.0,25.0,22.0,19.0,17.0,35.0,48.0,38.0,31.0,26.0,50.0,95.0,105.0,91.0,90.0,87.0,97.0,97.0,105.0,77.0,59.0,45.0,36.0,29.0,26.0,25.0,22.0,54.0,87.0,96.0,71.0,55.0,43.0,36.0,29.0,26.0,22.0,19.0,27.0,37.0,39.0,31.0,26.0,23.0,49.0,90.0,105.0,82.0
audio_recv_bitsReceivedPerSecond,5258.936355710549,11676.43610785463,7992.0,7976.0,6864.0,7904.0,7880.0,7080.0,9798.201798201799,6830.830830830831,5952.0,7896.0,5824.0,7168.0,8760.0,7864.0,7864.0,7864.0,7816.0,7816.183816183816,5505.61797752809,7975.560081466395,11683.794466403162,6318.03628601921,7768.0,7792.207792207792,7783.783783783784,5810.1898101898105,7815.815815815816,7840.0,7744.2557442557445,9601.593625498008,7759.036144578313,0.0,37638.98916967509,41485.19362186788,42904.0,41184.0,42064.0,42576.0,42144.0,41952.0,41256.0,42080.0,29688.0,37832.0,27244.755244755244,42154.15415415415,41112.0,42565.43456543457,42194.19419419419,41992.0,42064.0,41920.0,34096.0,40528.0,41942.057942057945,41960.0,42016.0,41736.0,30976.0,48984.0,37589.58958958959,41216.0,40888.0,41366.63336663337
audio_recv_packetsReceivedPerSecond,5.231037489102005,11.723329425556859,8.0,8.0,7.0,8.0,8.0,7.0,9.99000999000999,7.007007007007007,6.0,8.0,6.0,7.0,9.0,8.0,8.0,8.0,8.0,7.992007992007992,5.617977528089888,8.146639511201629,11.857707509881424,6.4034151547492,8.0,7.992007992007992,8.008008008008009,5.994005994005994,8.008008008008009,8.0,7.992007992007992,9.9601593625498,8.032128514056225,0.0,43.32129963898917,48.9749430523918,51.0,49.0,50.0,51.0,50.0,50.0,49.0,50.0,36.0,45.0,31.96803196803197,50.050050050050054,49.0,50.94905094905095,50.050050050050054,50.0,50.0,50.0,40.0,48.0,49.95004995004995,50.0,50.0,50.0,37.0,57.0,44.04404404404404,49.0,49.0,48.95104895104895
audio_recv_googCurrentDelayMs,30.0,42.0,61.0,45.0,43.0,38.0,41.0,26.0,43.0,40.0,29.0,31.0,51.0,36.0,46.0,41.0,41.0,52.0,41.0,36.0,24.0,26.0,29.0,37.0,36.0,40.0,40.0,29.0,31.0,33.0,33.0,42.0,31.0,469.0,491.0,490.0,447.0,349.0,262.0,261.0,261.0,260.0,259.0,237.0,183.0,196.0,241.0,318.0,411.0,481.0,480.0,479.0,479.0,477.0,373.0,344.0,411.0,492.0,489.0,479.0,426.0,501.0,489.0,516.0,452.0,355.0
audio_recv_googJitterBufferMs,4.0,13.0,24.0,14.0,16.0,12.0,16.0,0.0,17.0,14.0,2.0,4.0,14.0,6.0,17.0,14.0,15.0,27.0,17.0,14.0,2.0,1.0,2.0,12.0,11.0,14.0,12.0,1.0,3.0,4.0,3.0,13.0,22.0,400.0,356.0,410.0,415.0,303.0,233.0,253.0,253.0,253.0,233.0,233.0,148.0,104.0,120.0,256.0,370.0,481.0,481.0,481.0,481.0,481.0,240.0,281.0,387.0,473.0,473.0,483.0,324.0,550.0,505.0,492.0,472.0,493.0
audio_recv_googJitterReceived,96.0,96.0,96.0,96.0,104.0,104.0,104.0,104.0,99.0,99.0,99.0,99.0,116.0,116.0,116.0,116.0,116.0,116.0,97.0,97.0,97.0,97.0,103.0,103.0,103.0,103.0,103.0,103.0,103.0,95.0,95.0,95.0,95.0,16.0,16.0,6.0,6.0,6.0,1.0,1.0,1.0,2.0,2.0,2.0,2.0,5.0,5.0,5.0,5.0,5.0,5.0,2.0,2.0,2.0,2.0,7.0,7.0,7.0,7.0,7.0,7.0,7.0,19.0,19.0,19.0,19.0
audio_recv_googPreferredJitterBufferMs,680.0,680.0,680.0,680.0,680.0,680.0,680.0,680.0,680.0,680.0,680.0,680.0,680.0,680.0,680.0,680.0,680.0,680.0,680.0,680.0,680.0,680.0,680.0,680.0,680.0,680.0,680.0,680.0,680.0,680.0,680.0,680.0,680.0,620.0,620.0,620.0,240.0,240.0,240.0,240.0,240.0,240.0,240.0,240.0,240.0,240.0,620.0,620.0,620.0,620.0,620.0,620.0,620.0,620.0,620.0,620.0,620.0,620.0,620.0,620.0,620.0,620.0,620.0,620.0,480.0,420.0
video_recv_bitsReceivedPerSecond,93042.72013949433,175643.61078546307,80384.0,94160.0,91256.0,100992.0,124800.0,116376.0,156755.24475524476,148412.4124124124,136416.0,133048.0,126248.0,86056.0,83200.0,94640.0,114040.0,116944.0,143664.0,133898.1018981019,121415.73033707865,142370.67209775967,141280.6324110672,110574.17289220917,96720.0,113230.76923076923,134502.5025025025,114373.62637362638,148252.25225225225,112696.0,94641.35864135865,91330.67729083665,60008.03212851405,0.0,96685.92057761733,74533.02961275626,79552.0,91904.0,111832.0,104312.0,133504.0,130640.0,132512.0,160176.0,70616.0,98952.0,79280.71928071928,86822.82282282283,104736.0,106805.1948051948,130546.54654654655,124512.0,123992.0,151648.0,157160.0,165432.0,168791.2087912088,201064.0,225192.0,200080.0,169760.0,229856.0,161401.4014014014,162536.0,139080.0,108267.73226773227
video_recv_packetsReceivedPerSecond,42.72013949433304,80.89097303634232,23.0,38.0,59.0,60.0,60.0,58.0,63.93606393606394,60.06006006006006,52.0,49.0,40.0,31.0,57.0,60.0,60.0,60.0,62.0,59.94005994005994,50.561797752808985,56.0081466395112,49.40711462450593,45.891141942369266,59.0,59.94005994005994,60.06006006006006,49.95004995004995,61.06106106106106,50.0,40.95904095904096,44.820717131474105,12.048192771084338,0.0,27.075812274368232,23.917995444191344,53.0,60.0,60.0,60.0,60.0,60.0,60.0,60.0,24.0,33.0,50.94905094905095,60.06006006006006,60.0,59.94005994005994,60.06006006006006,60.0,60.0,60.0,60.0,60.0,59.94005994005994,60.0,60.0,60.0,47.0,75.0,60.06006006006006,60.0,49.0,30.969030969030968
video_recv_googCurrentDelayMs,97.0,93.0,91.0,87.0,84.0,81.0,77.0,74.0,72.0,69.0,66.0,64.0,64.0,61.0,58.0,56.0,54.0,52.0,50.0,48.0,48.0,49.0,48.0,46.0,44.0,42.0,40.0,39.0,40.0,42.0,42.0,41.0,40.0,45.0,44.0,43.0,40.0,39.0,37.0,35.0,34.0,33.0,31.0,31.0,36.0,35.0,34.0,32.0,31.0,29.0,28.0,27.0,26.0,24.0,23.0,23.0,23.0,23.0,23.0,23.0,24.0,24.0,27.0,26.0,27.0,41.0
video_recv_googDecodeMs,1.0,1.0,1.0,1.0,1.0,0.0,1.0,0.0,1.0,0.0,0.0,1.0,1.0,1.0,1.0,1.0,1.0,1.0,0.0,0.0,0.0,1.0,1.0,1.0,1.0,0.0,0.0,0.0,1.0,1.0,1.0,1.0,0.0,1.0,0.0,0.0,1.0,0.0,1.0,1.0,1.0,0.0,1.0,0.0,1.0,1.0,0.0,1.0,1.0,1.0,1.0,1.0,0.0,0.0,1.0,1.0,0.0,0.0,1.0,1.0,1.0,1.0,1.0,1.0,1.0,1.0
video_recv_googFrameHeightReceived,180.0,180.0,180.0,180.0,180.0,180.0,180.0,180.0,180.0,180.0,180.0,180.0,180.0,180.0,180.0,180.0,180.0,180.0,180.0,180.0,180.0,180.0,180.0,180.0,180.0,180.0,180.0,180.0,180.0,180.0,180.0,180.0,180.0,180.0,180.0,180.0,180.0,180.0,180.0,180.0,180.0,180.0,180.0,180.0,180.0,180.0,180.0,180.0,180.0,180.0,180.0,180.0,180.0,180.0,180.0,180.0,180.0,180.0,180.0,180.0,180.0,180.0,180.0,180.0,180.0,180.0
video_recv_googFrameRateOutput,48.0,63.0,30.0,32.0,59.0,59.0,59.0,59.0,59.0,60.0,60.0,50.0,34.0,26.0,56.0,64.0,60.0,59.0,60.0,60.0,54.0,56.0,47.0,37.0,60.0,61.0,59.0,52.0,61.0,50.0,41.0,43.0,13.0,59.0,24.0,24.0,53.0,60.0,60.0,60.0,60.0,60.0,60.0,59.0,25.0,32.0,52.0,60.0,60.0,60.0,59.0,61.0,60.0,60.0,60.0,60.0,60.0,60.0,60.0,60.0,45.0,71.0,59.0,60.0,49.0,22.0
video_recv_googFrameRateReceived,40.0,79.0,23.0,38.0,59.0,60.0,60.0,58.0,60.0,60.0,52.0,49.0,40.0,31.0,57.0,60.0,60.0,60.0,59.0,60.0,50.0,56.0,49.0,43.0,59.0,60.0,60.0,50.0,59.0,50.0,41.0,45.0,12.0,59.0,24.0,22.0,53.0,60.0,60.0,60.0,60.0,59.0,60.0,60.0,24.0,33.0,51.0,60.0,60.0,60.0,59.0,59.0,60.0,60.0,60.0,59.0,60.0,60.0,60.0,60.0,45.0,73.0,58.0,60.0,49.0,22.0
video_recv_googFrameWidthReceived,320.0,320.0,320.0,320.0,320.0,320.0,320.0,320.0,320.0,320.0,320.0,320.0,320.0,320.0,320.0,320.0,320.0,320.0,320.0,320.0,320.0,320.0,320.0,320.0,320.0,320.0,320.0,320.0,320.0,320.0,320.0,320.0,320.0,320.0,320.0,320.0,320.0,320.0,320.0,320.0,320.0,320.0,320.0,320.0,320.0,320.0,320.0,320.0,320.0,320.0,320.0,320.0,320.0,320.0,320.0,320.0,320.0,320.0,320.0,320.0,320.0,320.0,320.0,320.0,320.0,320.0
video_recv_googInterframeDelayMax,82.0,63.0,89.0,53.0,33.0,19.0,19.0,19.0,19.0,22.0,20.0,86.0,104.0,71.0,49.0,20.0,19.0,19.0,19.0,19.0,112.0,81.0,50.0,69.0,34.0,30.0,19.0,19.0,143.0,111.0,82.0,119.0,185.0,86.0,77.0,106.0,47.0,22.0,24.0,47.0,31.0,47.0,45.0,116.0,189.0,93.0,47.0,27.0,21.0,22.0,33.0,53.0,22.0,22.0,27.0,60.0,33.0,26.0,22.0,22.0,208.0,50.0,200.0,22.0,131.0,194.0
video_recv_googJitterBufferMs,86.0,82.0,80.0,76.0,73.0,70.0,66.0,63.0,61.0,58.0,55.0,53.0,53.0,50.0,47.0,45.0,43.0,41.0,39.0,37.0,37.0,38.0,37.0,35.0,33.0,31.0,29.0,28.0,29.0,31.0,31.0,30.0,29.0,34.0,33.0,32.0,29.0,28.0,26.0,24.0,23.0,22.0,20.0,20.0,25.0,24.0,23.0,21.0,20.0,18.0,17.0,16.0,15.0,13.0,12.0,12.0,12.0,12.0,12.0,12.0,13.0,13.0,16.0,15.0,16.0,30.0
video_recv_googPlisSent,0.0,0.0,0.0,0.0,0.0,0.0,0.0,0.0,0.0,0.0,0.0,0.0,0.0,0.0,0.0,0.0,0.0,0.0,0.0,0.0,0.0,0.0,0.0,0.0,0.0,0.0,0.0,0.0,0.0,0.0,0.0,0.0,0.0,0.0,0.0,0.0,0.0,0.0,0.0,0.0,0.0,0.0,0.0,0.0,0.0,0.0,0.0,0.0,0.0,0.0,0.0,0.0,0.0,0.0,0.0,0.0,0.0,0.0,0.0,0.0,0.0,0.0,0.0,0.0,0.0,0.0
video_send_resolutionChangesSent,0,0,0,0,0,0,0,0,0,0,0,0,0,0,0,0,0,0,0,0,0,0,0,0,0,0,0,0,0,0,0,0,0,0,0,0,0,0,0,0,0,0,0,0,0,0,0,0,0,0,0,0,0,0,0,0,0,0,0,0,0,0,0,0,0,0
video_recv_resolutionChangesReceived,0,0,0,0,0,0,0,0,0,0,0,0,0,0,0,0,0,0,0,0,0,0,0,0,0,0,0,0,0,0,0,0,0,0,0,0,0,0,0,0,0,0,0,0,0,0,0,0,0,0,0,0,0,0,0,0,0,0,0,0,0,0,0,0,0,0
1_way_delay_audio_send,15.0,15.0,15.0,15.0,15.0,15.5,15.5,15.5,15.5,15.5,15.5,15.5,15.0,15.0,15.0,15.0,15.0,15.0,15.5,15.5,15.5,15.5,102.0,102.0,102.0,102.0,102.0,102.0,102.0,48.0,48.0,48.0,48.0,15.5,15.5,15.5,15.5,15.0,15.0,15.0,15.0,15.0,15.0,15.0,15.0,15.0,15.0,15.0,15.0,15.0,15.0,15.5,15.5,15.5,15.5,15.5,15.5,15.5,15.5,15.5,15.5,15.5,124.5,124.5,124.5,124.5
1_way_delay_video_send,18.0,40.0,75.5,69.0,50.5,37.5,29.0,22.5,18.0,15.5,14.0,12.5,31.0,43.0,33.0,26.0,20.0,16.0,14.0,12.5,11.0,9.5,8.5,17.5,24.0,19.0,15.5,13.0,25.0,47.5,52.5,45.5,45.0,43.5,48.5,48.5,52.5,38.5,29.5,22.5,18.0,14.5,13.0,12.5,11.0,27.0,43.5,48.0,35.5,27.5,21.5,18.0,14.5,13.0,11.0,9.5,13.5,18.5,19.5,15.5,13.0,11.5,24.5,45.0,52.5,41.0
ear_ear_delay_audio_send,415.0,371.0,425.0,430.0,318.0,248.5,268.5,268.5,268.5,248.5,248.5,163.5,119.0,135.0,271.0,385.0,496.0,496.0,496.5,496.5,496.5,255.5,383.0,489.0,575.0,575.0,585.0,426.0,652.0,553.0,540.0,520.0,541.0,19.5,28.5,39.5,29.5,31.0,27.0,31.0,15.0,32.0,29.0,17.0,19.0,29.0,21.0,32.0,29.0,30.0,42.0,32.5,29.5,17.5,16.5,17.5,27.5,26.5,29.5,27.5,16.5,18.5,128.5,127.5,137.5,146.5
audio_recv_kbitsReceivedPerSecond,5,11,7,7,6,7,7,6,9,6,5,7,5,7,8,7,7,7,7,7,5,7,11,6,7,7,7,5,7,7,7,9,7,0,36,40,41,40,41,41,41,40,40,41,28,36,26,41,40,41,41,41,41,40,33,39,40,40,41,40,30,47,36,40,39,40
video_recv_kbitsReceivedPerSecond,90,171,78,91,89,98,121,113,153,144,133,129,123,84,81,92,111,114,140,130,118,139,137,107,94,110,131,111,144,110,92,89,58,0,94,72,77,89,109,101,130,127,129,156,68,96,77,84,102,104,127,121,121,148,153,161,164,196,219,195,165,224,157,158,135,105
audio_packet_loss_percentage_send,0.0,0.0,0.0,0.0,0.0,0.0,0.0,0.0,0.0,0.0,0.0,0.0,0.0,0.0,0.0,0.0,0.0,0.0,0.0,0.0,0.0,0.0,0.0,0.0,0.0,0.0,0.0,0.0,0.0,0.0,0.0,0.0,0.0,0.0,0.0,0.0,0.0,0.0,0.0,0.0,0.0,0.0,0.0,0.0,0.0,0.0,0.0,0.0,0.0,0.0,0.0,0.0,0.0,0.0,0.0,0.0,0.0,0.0,0.0,0.0,0.0,0.0,0.0
e_model_audio_send,58.093,63.989000000000004,56.753,56.083,71.09100000000001,80.404,77.724,77.724,77.724,80.404,80.404,90.276,91.34400000000001,90.96000000000001,77.38900000000001,62.11300000000001,47.239000000000004,47.239000000000004,47.172,47.172,47.172,79.46600000000001,62.381,48.17700000000001,36.653000000000006,36.653000000000006,35.313,56.619,26.335000000000008,39.601000000000006,41.343,44.02300000000001,93.732,93.516,93.25200000000001,93.492,93.456,93.552,93.456,93.84,93.432,93.504,93.792,93.744,93.504,93.696,93.432,93.504,93.48,93.19200000000001,93.42,93.492,93.78,93.804,93.78,93.54,93.56400000000001,93.492,93.54,93.804,93.756,91.116,91.14,90.9
kpi_audio_synchronization,3.0007568147675014,3.303958188905318,2.930569010791561,2.895372082213491,3.6477422114740037,4.039179337465152,3.935148832004032,3.935148832004032,3.935148832004032,4.039179337465152,4.039179337465152,4.3457031973079685,4.370520127270913,4.361804174848,3.9216111004159173,3.2087622939417213,2.4307284505295677,2.4307284505295677,2.427248151052864,2.427248151052864,2.427248151052864,4.003656178553128,3.222447629553613,2.47956754203137,1.9033961357604616,1.9033961357604616,1.8412087784149211,2.9235343787473873,1.4645618939823755,2.0444940209283935,2.1302950656157513,2.265202895598832,4.419345725045825,4.415318803035329,4.410290121146945,4.414866499019585,4.414186221580288,4.415995436191745,4.414186221580288,4.421329526272,4.413731489857025,4.415092772503553,4.420450283536384,4.4195671256965126,4.415092772503553,4.418680057397249,4.413731489857025,4.415092772503553,4.414639982656,4.409130914742784,4.413503760184001,4.414866499019585,4.420229860936,4.420670461442753,4.420229860936,4.415770134952001,4.416220494188992,4.414866499019585,4.415770134952001,4.420670461442753,4.419788281943489,4.365373269377728,4.365918937191999,4.360421197000001
eye_eye_delay_video_send,52.0,73.0,107.5,98.0,78.5,63.5,53.0,45.5,40.0,35.5,34.0,37.5,55.0,66.0,54.0,46.0,38.0,33.0,30.0,27.5,24.0,21.5,20.5,29.5,36.0,31.0,27.5,26.0,38.0,63.5,67.5,61.5,75.0,129.5,130.5,128.5,128.5,111.5,99.5,88.5,81.0,75.5,71.0,67.5,64.0,80.0,93.5,95.0,80.5,70.5,62.5,57.0,51.5,50.0,49.0,46.5,48.5,51.5,50.5,44.5,41.0,40.5,55.5,76.0,82.5,70.0
kpi_video_synchronization,5,5,4.9,5,5,5,5,5,5,5,5,5,5,5,5,5,5,5,5,5,5,5,5,5,5,5,5,5,5,5,5,5,5,4.6066666666666665,4.593333333333334,4.62,4.62,4.846666666666667,5,5,5,5,5,5,5,5,5,5,5,5,5,5,5,5,5,5,5,5,5,5,5,5,5,5,5,5
av_delay_send,363.0,298.0,317.5,332.0,239.5,185.0,215.5,223.0,228.5,213.0,214.5,126.0,64.0,69.0,217.0,339.0,458.0,463.0,466.5,469.0,472.5,234.0,362.5,459.5,539.0,544.0,557.5,400.0,614.0,489.5,472.5,458.5,466.0,-110.0,-102.0,-89.0,-99.0,-80.5,-72.5,-57.5,-66.0,-43.5,-42.0,-50.5,-45.0,-51.0,-72.5,-63.0,-51.5,-40.5,-20.5,-24.5,-22.0,-32.5,-32.5,-29.0,-21.0,-25.0,-21.0,-17.0,-24.5,-22.0,73.0,51.5,55.0,76.5
kpi_av_synchronization,1,1,1,1,1,1,1,1,1,1,1,1,3.48,3.08,1,1,1,1,1,1,1,1,1,1,1,1,1,1,1,1,1,1,1,5,5,5,5,5,5,5,5,5,5,5,5,5,5,5,5,5,5,5,5,5,5,5,5,5,5,5,5,5,2.76,4.48,4.2,2.48
kpi_resolution_stability,4.303535113616246,4.303535113616246,4.303535113616246,4.303535113616246,4.303535113616246,4.303535113616246,4.303535113616246,4.303535113616246,4.303535113616246,4.303535113616246,4.303535113616246,4.303535113616246,4.303535113616246,4.303535113616246,4.303535113616246,4.303535113616246,4.303535113616246,4.303535113616246,4.303535113616246,4.303535113616246,4.303535113616246,4.303535113616246,4.303535113616246,4.303535113616246,4.303535113616246,4.303535113616246,4.303535113616246,4.303535113616246,4.303535113616246,4.303535113616246,4.303535113616246,4.303535113616246,4.303535113616246,4.303535113616246,4.303535113616246,4.303535113616246,4.303535113616246,4.303535113616246,4.303535113616246,4.303535113616246,4.303535113616246,4.303535113616246,4.303535113616246,4.303535113616246,4.303535113616246,4.303535113616246,4.303535113616246,4.303535113616246,4.303535113616246,4.303535113616246,4.303535113616246,4.303535113616246,4.303535113616246,4.303535113616246,4.303535113616246,4.303535113616246,4.303535113616246,4.303535113616246,4.303535113616246,4.303535113616246,4.303535113616246,4.303535113616246,4.303535113616246,4.303535113616246,4.303535113616246,4.303535113616246
max_resolution_percentage,100.0,100.0,100.0,100.0,100.0,100.0,100.0,100.0,100.0,100.0,100.0,100.0,100.0,100.0,100.0,100.0,100.0,100.0,100.0,100.0,100.0,100.0,100.0,100.0,100.0,100.0,100.0,100.0,100.0,100.0,100.0,100.0,100.0,100.0,100.0,100.0,100.0,100.0,100.0,100.0,100.0,100.0,100.0,100.0,100.0,100.0,100.0,100.0,100.0,100.0,100.0,100.0,100.0,100.0,100.0,100.0,100.0,100.0,100.0,100.0,100.0,100.0,100.0,100.0,100.0,100.0
kpi_resolution_stability_norm,4.303535113616246,4.303535113616246,4.303535113616246,4.303535113616246,4.303535113616246,4.303535113616246,4.303535113616246,4.303535113616246,4.303535113616246,4.303535113616246,4.303535113616246,4.303535113616246,4.303535113616246,4.303535113616246,4.303535113616246,4.303535113616246,4.303535113616246,4.303535113616246,4.303535113616246,4.303535113616246,4.303535113616246,4.303535113616246,4.303535113616246,4.303535113616246,4.303535113616246,4.303535113616246,4.303535113616246,4.303535113616246,4.303535113616246,4.303535113616246,4.303535113616246,4.303535113616246,4.303535113616246,4.303535113616246,4.303535113616246,4.303535113616246,4.303535113616246,4.303535113616246,4.303535113616246,4.303535113616246,4.303535113616246,4.303535113616246,4.303535113616246,4.303535113616246,4.303535113616246,4.303535113616246,4.303535113616246,4.303535113616246,4.303535113616246,4.303535113616246,4.303535113616246,4.303535113616246,4.303535113616246,4.303535113616246,4.303535113616246,4.303535113616246,4.303535113616246,4.303535113616246,4.303535113616246,4.303535113616246,4.303535113616246,4.303535113616246,4.303535113616246,4.303535113616246,4.303535113616246,4.303535113616246
max_resolution_percentage_norm,100.0,100.0,100.0,100.0,100.0,100.0,100.0,100.0,100.0,100.0,100.0,100.0,100.0,100.0,100.0,100.0,100.0,100.0,100.0,100.0,100.0,100.0,100.0,100.0,100.0,100.0,100.0,100.0,100.0,100.0,100.0,100.0,100.0,100.0,100.0,100.0,100.0,100.0,100.0,100.0,100.0,100.0,100.0,100.0,100.0,100.0,100.0,100.0,100.0,100.0,100.0,100.0,100.0,100.0,100.0,100.0,100.0,100.0,100.0,100.0,100.0,100.0,100.0,100.0,100.0,100.0
kpi_fps_stability,5,5,4.978873396874005,5,5,5,5,5,5,5,5,5,5,4.8250342659265355,5,5,5,5,5,5,5,5,5,5,5,5,5,5,5,5,5,5,4.079873320937373,5,4.738985153469177,4.738985153469177,5,5,5,5,5,5,5,5,4.782870430458232,5,5,5,5,5,5,5,5,5,5,5,5,5,5,5,5,5,5,5,5,4.645444442750246
kpi_q_audio,1,2,1,1,1,1,1,1,1,1,1,1,1,1,1,1,1,1,1,1,1,1,2,1,1,1,1,1,1,1,1,1,1,1,5,5,5,5,5,5,5,5,5,5,4,5,4,5,5,5,5,5,5,5,5,5,5,5,5,5,4,5,5,5,5,5
kpi_q_video,1.6285714285714286,1.5142857142857142,1.457142857142857,1.4,1.4,1.457142857142857,1.4,1.457142857142857,1.4,1.4,1.457142857142857,1.4,1.4,1.5142857142857142,1.457142857142857,1.5142857142857142,1.5714285714285714,1.5714285714285714,1.7428571428571429,1.8499999999999999,1.7428571428571429,1.5714285714285714,1.9,1.5142857142857142,1.5142857142857142,1.4
qoe_simple_normal,3.1048459952916274,3.119487417814876,3.057364810722872,3.0550413424681655,3.1386380234971116,3.191654847019938,3.170572092444892,3.180095901968702,3.170572092444892,3.1821310374961276,3.191654847019938,3.6251124879680545,3.623183570707629,3.644635410286168,3.6356200871926525,3.670253495519502,3.6970153659260667,3.696814342080349,3.72617947117308,3.743192387761892,3.7254864985321414,3.6975103489643595,3.75217412507739,3.6873912604369026,3.6877898476473128,3.6681923877618914
qoe_simple_smooth,3.042941233386865,3.0385350368624953,2.9668886202466815,2.955041342468166,3.038638023497112,3.101178656543747,3.0705720924448925,3.0896197114925115,3.0705720924448925,3.082131037496128,3.101178656543747,3.525112487968055,3.5231835707076296,3.5636830293337876,3.5451438967164624,3.5893011145671214,3.6255867944974955,3.625385770651778,3.683322328315937,3.7181923877618916,3.6826293556749987,3.6260817775357883,3.7355074584107233,3.606438879484522,3.606837466694932,3.5681923877618917
