bweforvideo-googAvailableReceiveBandwidth,0.0,0.0,0.0,0.0,0.0,0.0,0.0,0.0,0.0,0.0,0.0,0.0,0.0,0.0,0.0,0.0,0.0,0.0,0.0,0.0,0.0,0.0,0.0,0.0,0.0,0.0,0.0,0.0,0.0,0.0,0.0,0.0,0.0,0.0,0.0,0.0,0.0,0.0,0.0,0.0,0.0,0.0,0.0,0.0,0.0,0.0,0.0,0.0,0.0,0.0,0.0,0.0,0.0,0.0,0.0,0.0,0.0,0.0,0.0,0.0,0.0,0.0,0.0,0.0,0.0,0.0,0.0,0.0,0.0,0.0,0.0,0.0,0.0,0.0,0.0,0.0,0.0,0.0,0.0,0.0,0.0,0.0,0.0,0.0,0.0,0.0,0.0,0.0,0.0,0.0,0.0,0.0,0.0,0.0,0.0,0.0,0.0,0.0,0.0,0.0,0.0,0.0,0.0,0.0,0.0,0.0,0.0,0.0,0.0,0.0,0.0,0.0,0.0,0.0,0.0,0.0,0.0,0.0,0.0,0.0,0.0,0.0,0.0,0.0,0.0,0.0,0.0,0.0,0.0,0.0,0.0,0.0,0.0,0.0,0.0,0.0,0.0,0.0,0.0,0.0,0.0,0.0,0.0,0.0,0.0,0.0,0.0,0.0,0.0,0.0,0.0,0.0,0.0,0.0,0.0,0.0,0.0,0.0,0.0,0.0,0.0,0.0,0.0,0.0,0.0,0.0,0.0,0.0,0.0,0.0,0.0,0.0,0.0,0.0,0.0,0.0,0.0,0.0,0.0,0.0,0.0,0.0,0.0,0.0,0.0,0.0,0.0,0.0,0.0,0.0,0.0,0.0
bweforvideo-googAvailableSendBandwidth,300000.0,300000.0,5151036.0,5171293.0,5171293.0,5171293.0,5171293.0,5171293.0,5171293.0,5171293.0,5171293.0,5171293.0,5171293.0,5171293.0,5171293.0,5171293.0,5171293.0,5171293.0,5171293.0,5171293.0,5171293.0,5171293.0,5171293.0,5171293.0,5171293.0,5171293.0,5171293.0,5171293.0,5171293.0,5171293.0,5171293.0,5171293.0,5171293.0,5171293.0,5171293.0,5171293.0,5171293.0,5171293.0,5171293.0,5171293.0,5171293.0,5171293.0,5171293.0,5171293.0,5171293.0,5171293.0,5171293.0,5171293.0,5171293.0,5171293.0,5171293.0,5171293.0,5171293.0,5171293.0,5171293.0,5171293.0,5171293.0,5171293.0,5171293.0,5171293.0,5171293.0,5171293.0,5171293.0,5171293.0,5171293.0,5171293.0,5171293.0,5171293.0,5171293.0,5171293.0,5171293.0,5171293.0,5171293.0,5171293.0,5171293.0,5171293.0,5171293.0,5171293.0,5171293.0,5171293.0,5171293.0,5171293.0,5171293.0,5171293.0,5171293.0,5171293.0,5171293.0,5171293.0,5171293.0,5171293.0,5171293.0,5171293.0,5171293.0,5171293.0,5171293.0,300000.0,300000.0,300000.0,300000.0,1709333.0,5173420.0,5173420.0,5173420.0,5173420.0,5173420.0,5173420.0,5173420.0,5173420.0,5173420.0,5173420.0,5173420.0,5173420.0,5173420.0,5173420.0,5173420.0,5173420.0,5173420.0,5173420.0,5173420.0,5173420.0,5173420.0,5173420.0,5173420.0,5173420.0,5173420.0,5173420.0,5173420.0,5173420.0,5173420.0,5173420.0,5173420.0,5173420.0,5173420.0,5173420.0,5173420.0,5173420.0,5173420.0,5173420.0,5173420.0,5173420.0,5173420.0,5173420.0,5173420.0,5173420.0,5173420.0,5173420.0,5173420.0,5173420.0,5173420.0,5173420.0,5173420.0,5173420.0,5173420.0,5173420.0,5173420.0,5173420.0,5173420.0,5173420.0,5173420.0,5173420.0,5173420.0,5173420.0,5173420.0,5173420.0,5173420.0,5173420.0,5173420.0,5173420.0,5173420.0,5173420.0,5173420.0,5173420.0,5173420.0,5173420.0,5173420.0,5173420.0,5173420.0,5173420.0,5173420.0,5173420.0,5173420.0,5173420.0,5173420.0,5173420.0,5173420.0,5173420.0,5173420.0,5173420.0,5173420.0,5173420.0,5173420.0,5173420.0
bweforvideo-googBucketDelay,0.0,0.0,0.0,0.0,2.0,0.0,0.0,0.0,0.0,0.0,1.0,0.0,0.0,1.0,0.0,0.0,0.0,0.0,0.0,1.0,0.0,0.0,2.0,1.0,0.0,0.0,0.0,2.0,0.0,0.0,0.0,0.0,2.0,0.0,0.0,0.0,0.0,0.0,0.0,0.0,0.0,0.0,0.0,0.0,0.0,0.0,0.0,0.0,0.0,2.0,0.0,0.0,0.0,0.0,0.0,0.0,0.0,0.0,0.0,0.0,0.0,0.0,0.0,0.0,0.0,0.0,0.0,0.0,0.0,0.0,0.0,0.0,0.0,0.0,0.0,0.0,0.0,0.0,0.0,0.0,0.0,0.0,0.0,0.0,0.0,0.0,0.0,0.0,0.0,0.0,0.0,0.0,0.0,0.0,0.0,0.0,0.0,0.0,0.0,56.0,3.0,2.0,0.0,0.0,0.0,0.0,2.0,0.0,0.0,0.0,2.0,0.0,5.0,0.0,0.0,4.0,0.0,3.0,0.0,0.0,0.0,0.0,0.0,0.0,0.0,0.0,0.0,0.0,0.0,0.0,0.0,5.0,0.0,0.0,0.0,0.0,0.0,0.0,0.0,0.0,0.0,0.0,1.0,0.0,0.0,0.0,0.0,4.0,0.0,5.0,0.0,0.0,0.0,4.0,0.0,0.0,0.0,0.0,0.0,4.0,5.0,0.0,1.0,0.0,0.0,0.0,0.0,0.0,4.0,2.0,0.0,0.0,0.0,0.0,1.0,0.0,3.0,0.0,5.0,0.0,2.0,3.0,4.0,0.0,1.0,0.0,2.0,4.0,0.0,0.0,4.0,0.0
timestamp,1541196038,1541196039,1541196040,1541196041,1541196042,1541196043,1541196044,1541196045,1541196046,1541196047,1541196048,1541196049,1541196050,1541196051,1541196052,1541196053,1541196054,1541196055,1541196056,1541196057,1541196058,1541196059,1541196060,1541196061,1541196062,1541196063,1541196064,1541196065,1541196066,1541196067,1541196068,1541196069,1541196070,1541196071,1541196072,1541196073,1541196074,1541196075,1541196076,1541196077,1541196078,1541196079,1541196080,1541196081,1541196082,1541196083,1541196084,1541196085,1541196086,1541196087,1541196088,1541196089,1541196090,1541196091,1541196092,1541196093,1541196094,1541196095,1541196096,1541196097,1541196098,1541196099,1541196100,1541196101,1541196102,1541196103,1541196104,1541196105,1541196106,1541196107,1541196108,1541196109,1541196110,1541196111,1541196112,1541196113,1541196114,1541196115,1541196116,1541196117,1541196118,1541196119,1541196120,1541196121,1541196122,1541196123,1541196124,1541196125,1541196126,1541196127,1541196128,1541196129,1541196130,1541196131,1541196132,1541196036,1541196037,1541196038,1541196039,1541196040,1541196041,1541196042,1541196043,1541196044,1541196045,1541196046,1541196047,1541196048,1541196049,1541196050,1541196051,1541196052,1541196053,1541196054,1541196055,1541196056,1541196057,1541196058,1541196059,1541196060,1541196061,1541196062,1541196063,1541196064,1541196065,1541196066,1541196067,1541196068,1541196069,1541196070,1541196071,1541196072,1541196073,1541196074,1541196075,1541196076,1541196077,1541196078,1541196079,1541196080,1541196081,1541196082,1541196083,1541196084,1541196085,1541196086,1541196087,1541196088,1541196089,1541196090,1541196091,1541196092,1541196093,1541196094,1541196095,1541196096,1541196097,1541196098,1541196099,1541196100,1541196101,1541196102,1541196103,1541196104,1541196105,1541196106,1541196107,1541196108,1541196109,1541196110,1541196111,1541196112,1541196113,1541196114,1541196115,1541196116,1541196117,1541196118,1541196119,1541196120,1541196121,1541196122,1541196123,1541196124,1541196125,1541196126,1541196127,1541196128,1541196129,1541196130,1541196131,1541196132
audio_bitsReceivedPerSecond,-1,-1,0.0,1968160.0,2311848.0,2262168.0,2615816.0,2479304.0,2556240.0,2700208.0,2747624.0,2806920.0,2644723.276723277,2613872.0,2627436.5634365636,2568896.896896897,2625096.0,2566830.8308308306,2451560.0,2677474.5254745255,2680272.2722722725,2614566.5665665665,2593238.7612387612,2460896.0,2666914.171656687,2664528.5285285288,2457168.0,2213160.0,2259600.0,2286638.6386386384,2145502.4975024974,2174614.6146146148,2042192.0,2144544.0,2120655.3446553447,2049017.0170170171,2130752.0,2103152.0,2038520.0,2121392.0,2056672.0,2121784.0,2018688.0,2127104.0,2132880.0,2035568.0,2136264.0,1830224.0,2367456.5434565432,2619407.114624506,2436882.5910931174,2641686.3136863136,2651009.98003992,2736608.0,2530941.883767535,2620517.928286853,2539374.749498998,2621799.1967871487,2663306.0817547357,2673555.1102204407,2532624.0,2415322.033898305,2466108.2164328657,2653898.101898102,2518670.6706706705,2630722.5548902196,2663799.3981945836,2554208.0,2739712.0,2707615.230460922,2544710.5788423154,2663592.0,2342078.078078078,2089422.5774225774,2145064.0,2102032.0,2130466.4664664664,2124123.8761238763,2072680.0,2050112.0,2108684.6846846845,2120039.96003996,2039456.5434565435,2161218.4368737475,2057038.961038961,2062848.0,2141981.981981982,2081120.0,2060523.4765234764,2111919.9199199197,2087728.2717282716,2114304.0,2034080.0,2143176.0,2046168.0,-1,-1,-1,-1,0.0,1630711.7296222665,2378923.9332096474,2391731.0195227764,2547696.0,2576816.0,2618128.0,2667868.131868132,2648744.7447447446,2622336.0,2659480.0,2538400.0,2679512.0,2609856.0,2489896.0,2602448.0,2648136.0,2640008.0,2614032.0,2620048.0,2624712.0,2580408.0,2581986.013986014,2552112.1121121123,2644399.2015968063,2641234.4689378757,2657576.0,2518480.0,2635580.4195804195,2601857.857857858,2718464.0,2588888.0,2663536.0,2524392.0,1886984.0,2145672.0,2153912.0,2078656.0,2027160.0,2149672.0,2138736.0,2044440.0,2169472.0,2066224.0,2069538.4615384615,2145721.721721722,2093864.0,2066160.0,2112760.0,2093152.0,2121574.4255744256,2034640.0,2164988.988988989,2029576.0,2090808.0,2136288.0,2100632.0,2069224.0,2098261.7382617383,2097617.617617618,2093272.0,2068995.004995005,2164696.0,2034400.0,2062376.0,2152544.0,2141046.766169154,2055388.944723618,2092728.0,2124052.052052052,2098445.5544455545,2081962.2641509434,2113898.8326848247,2032688.588007737,2118568.914956012,2120387.238723872,2098669.3386773546,2073776.0,2091288.0,2132888.0,2099340.659340659,2065696.0,2141432.0,2022950.9509509508,2156264.0,2080695.3046953047,2083747.7477477477,2077616.0,2091880.0,2115840.0,2100376.0,2104416.0,2161166.833166833
audio_bitsSentPerSecond,-1,-1,0.0,1999112.0,2393792.0,2446024.0,2514272.0,2631304.0,2622168.0,2606536.0,2708608.0,2563480.0,2626157.842157842,2665264.0,2616591.4085914087,2576552.5525525524,2537088.0,2610642.642642643,2652128.0,2576943.056943057,2668628.628628629,2572156.156156156,2607504.4955044957,2688544.0,2475544.9101796406,2609593.5935935937,2623872.0,2634064.0,2642416.0,2533773.7737737736,2638009.99000999,2634730.7307307306,2659696.0,2671920.0,2611420.5794205796,2253437.4374374375,2066368.0,2133376.0,2127568.0,2050464.0,2079472.0,2092912.0,2137944.0,2150160.0,2105096.0,2081800.0,2076224.0,2110144.0,2102449.5504495506,2015612.648221344,2141562.753036437,2084251.7482517483,2119265.469061876,2111504.0,2102420.841683367,2085450.1992031874,2067823.647294589,2133381.5261044176,2091573.2801595214,2048320.6412825652,2112232.0,2065842.4725822532,2148384.769539078,2081734.2657342658,2098394.3943943945,2103017.9640718563,2054732.1965897693,2148432.0,2111736.0,2052809.619238477,2124487.025948104,2092472.0,2134046.046046046,2051988.011988012,2078312.0,2137072.0,2051707.7077077078,2137558.4415584416,2100760.0,2043648.0,2137089.089089089,2079832.1678321678,2138461.5384615385,2012665.3306613227,2133826.173826174,2219064.0,1998830.8308308308,2114256.0,2075708.2917082917,2043827.8278278278,2136479.5204795203,2059992.0,2163888.0,2038080.0,2149928.0,-1,-1,-1,-1,0.0,1568858.846918489,2285410.0185528756,2145301.5184381776,2662856.0,2518808.0,2485608.0,2615696.3036963036,2878502.5025025024,2751488.0,2675672.0,2611984.0,2624904.0,2551680.0,2617304.0,2653672.0,2407600.0,2636120.0,2695872.0,2639120.0,2576248.0,2525872.0,2562701.298701299,2635059.0590590592,2584630.7385229543,2436456.9138276554,2060640.0,2280312.0,2234317.6823176825,2099907.907907908,2120176.0,2154056.0,2018016.0,2087960.0,2124760.0,2101120.0,2077232.0,2080480.0,2112592.0,2060832.0,2087520.0,2136712.0,2036032.0,2074128.0,2095208.7912087913,2095399.3993993993,2069096.0,2491040.0,2563208.0,2537264.0,2738853.146853147,2735512.0,2478158.158158158,2631048.0,2574440.0,2526248.0,2746464.0,2624832.0,2640847.1528471527,2399327.3273273273,2402392.0,2651700.2997002997,2499512.0,2633832.0,2697744.0,2541984.0,2745655.721393035,2670319.59798995,2610736.0,2523883.8838838837,2707508.4915084913,1992675.2730883814,2095906.6147859923,2141988.3945841393,2124426.1974584553,2086662.2662266227,2107663.326653307,2032048.0,2093072.0,2086912.0,2094817.1828171827,2166960.0,2073112.0,2042970.970970971,2134600.0,2064167.8321678322,2098258.2582582585,2070784.0,2080784.0,2108272.0,2109632.0,2109000.0,2118441.5584415584
audio_packetsSentPerSecond,-1,-1,0.0,313.0,360.0,369.0,374.0,382.0,382.0,381.0,388.0,381.0,378.6213786213786,387.0,385.61438561438564,380.38038038038036,377.0,377.3773773773774,384.0,373.6263736263736,390.3903903903904,379.3793793793794,382.61738261738265,387.0,369.2614770459082,380.38038038038036,385.0,385.0,380.0,374.3743743743744,382.61738261738265,387.3873873873874,388.0,388.0,384.61538461538464,341.3413413413413,317.0,329.0,327.0,321.0,322.0,325.0,330.0,334.0,326.0,325.0,324.0,326.0,321.67832167832165,314.2292490118577,332.99595141700405,323.6763236763237,323.3532934131737,332.0,327.6553106212425,319.7211155378486,322.6452905811623,328.31325301204816,320.03988035892326,317.63527054108215,324.0,323.0309072781655,334.6693386773547,326.6733266733267,326.32632632632635,321.3572854291417,316.95085255767304,332.0,322.0,320.64128256513027,329.34131736526945,328.0,331.33133133133134,319.68031968031966,326.0,328.0,325.3253253253253,326.6733266733267,324.0,318.0,329.3293293293293,326.6733266733267,332.6673326673327,314.6292585170341,330.6693306693307,338.0,314.3143143143143,326.0,318.68131868131866,318.3183183183183,329.6703296703297,326.0,332.0,318.0,331.0,-1,-1,-1,-1,0.0,259.4433399602386,346.01113172541744,331.8872017353579,382.0,371.0,366.0,381.6183816183816,413.4134134134134,396.0,390.0,380.0,387.0,381.0,379.0,387.0,357.0,386.0,390.0,385.0,380.0,369.0,376.6233766233766,385.3853853853854,381.2375249500998,360.7214428857715,327.0,348.0,342.65734265734267,329.3293293293293,327.0,331.0,317.0,326.0,332.0,325.0,321.0,326.0,330.0,320.0,324.0,327.0,320.0,328.0,325.6743256743257,321.3213213213213,324.0,371.0,374.0,375.0,398.6013986013986,397.0,371.37137137137137,385.0,372.0,367.0,394.0,383.0,388.61138861138863,360.36036036036035,354.0,382.61738261738265,369.0,384.0,394.0,376.0,400.9950248756219,389.9497487437186,384.0,370.3703703703704,396.6033966033966,312.8103277060576,323.92996108949416,331.72147001934235,326.4907135874878,322.3322332233223,321.64328657314627,323.0,326.0,324.0,327.6723276723277,334.0,323.0,318.3183183183183,328.0,321.67832167832165,321.3213213213213,323.0,325.0,333.0,333.0,328.0,327.6723276723277
audio_googLocalAddress,-1,-1,10.164.0.9:33750,10.164.0.9:33750,10.164.0.9:33750,10.164.0.9:33750,10.164.0.9:33750,10.164.0.9:33750,10.164.0.9:33750,10.164.0.9:33750,10.164.0.9:33750,10.164.0.9:33750,10.164.0.9:33750,10.164.0.9:33750,10.164.0.9:33750,10.164.0.9:33750,10.164.0.9:33750,10.164.0.9:33750,10.164.0.9:33750,10.164.0.9:33750,10.164.0.9:33750,10.164.0.9:33750,10.164.0.9:33750,10.164.0.9:33750,10.164.0.9:33750,10.164.0.9:33750,10.164.0.9:33750,10.164.0.9:33750,10.164.0.9:33750,10.164.0.9:33750,10.164.0.9:33750,10.164.0.9:33750,10.164.0.9:33750,10.164.0.9:33750,10.164.0.9:33750,10.164.0.9:33750,10.164.0.9:33750,10.164.0.9:33750,10.164.0.9:33750,10.164.0.9:33750,10.164.0.9:33750,10.164.0.9:33750,10.164.0.9:33750,10.164.0.9:33750,10.164.0.9:33750,10.164.0.9:33750,10.164.0.9:33750,10.164.0.9:33750,10.164.0.9:33750,10.164.0.9:33750,10.164.0.9:33750,10.164.0.9:33750,10.164.0.9:33750,10.164.0.9:33750,10.164.0.9:33750,10.164.0.9:33750,10.164.0.9:33750,10.164.0.9:33750,10.164.0.9:33750,10.164.0.9:33750,10.164.0.9:33750,10.164.0.9:33750,10.164.0.9:33750,10.164.0.9:33750,10.164.0.9:33750,10.164.0.9:33750,10.164.0.9:33750,10.164.0.9:33750,10.164.0.9:33750,10.164.0.9:33750,10.164.0.9:33750,10.164.0.9:33750,10.164.0.9:33750,10.164.0.9:33750,10.164.0.9:33750,10.164.0.9:33750,10.164.0.9:33750,10.164.0.9:33750,10.164.0.9:33750,10.164.0.9:33750,10.164.0.9:33750,10.164.0.9:33750,10.164.0.9:33750,10.164.0.9:33750,10.164.0.9:33750,10.164.0.9:33750,10.164.0.9:33750,10.164.0.9:33750,10.164.0.9:33750,10.164.0.9:33750,10.164.0.9:33750,10.164.0.9:33750,10.164.0.9:33750,10.164.0.9:33750,10.164.0.9:33750,-1,-1,-1,-1,10.164.0.8:53479,10.164.0.8:53479,10.164.0.8:53479,10.164.0.8:53479,10.164.0.8:53479,10.164.0.8:53479,10.164.0.8:53479,10.164.0.8:53479,10.164.0.8:53479,10.164.0.8:53479,10.164.0.8:53479,10.164.0.8:53479,10.164.0.8:53479,10.164.0.8:53479,10.164.0.8:53479,10.164.0.8:53479,10.164.0.8:53479,10.164.0.8:53479,10.164.0.8:53479,10.164.0.8:53479,10.164.0.8:53479,10.164.0.8:53479,10.164.0.8:53479,10.164.0.8:53479,10.164.0.8:53479,10.164.0.8:53479,10.164.0.8:53479,10.164.0.8:53479,10.164.0.8:53479,10.164.0.8:53479,10.164.0.8:53479,10.164.0.8:53479,10.164.0.8:53479,10.164.0.8:53479,10.164.0.8:53479,10.164.0.8:53479,10.164.0.8:53479,10.164.0.8:53479,10.164.0.8:53479,10.164.0.8:53479,10.164.0.8:53479,10.164.0.8:53479,10.164.0.8:53479,10.164.0.8:53479,10.164.0.8:53479,10.164.0.8:53479,10.164.0.8:53479,10.164.0.8:53479,10.164.0.8:53479,10.164.0.8:53479,10.164.0.8:53479,10.164.0.8:53479,10.164.0.8:53479,10.164.0.8:53479,10.164.0.8:53479,10.164.0.8:53479,10.164.0.8:53479,10.164.0.8:53479,10.164.0.8:53479,10.164.0.8:53479,10.164.0.8:53479,10.164.0.8:53479,10.164.0.8:53479,10.164.0.8:53479,10.164.0.8:53479,10.164.0.8:53479,10.164.0.8:53479,10.164.0.8:53479,10.164.0.8:53479,10.164.0.8:53479,10.164.0.8:53479,10.164.0.8:53479,10.164.0.8:53479,10.164.0.8:53479,10.164.0.8:53479,10.164.0.8:53479,10.164.0.8:53479,10.164.0.8:53479,10.164.0.8:53479,10.164.0.8:53479,10.164.0.8:53479,10.164.0.8:53479,10.164.0.8:53479,10.164.0.8:53479,10.164.0.8:53479,10.164.0.8:53479,10.164.0.8:53479,10.164.0.8:53479,10.164.0.8:53479,10.164.0.8:53479,10.164.0.8:53479,10.164.0.8:53479,10.164.0.8:53479
audio_googRemoteAddress,-1,-1,10.164.0.8:53479,10.164.0.8:53479,10.164.0.8:53479,10.164.0.8:53479,10.164.0.8:53479,10.164.0.8:53479,10.164.0.8:53479,10.164.0.8:53479,10.164.0.8:53479,10.164.0.8:53479,10.164.0.8:53479,10.164.0.8:53479,10.164.0.8:53479,10.164.0.8:53479,10.164.0.8:53479,10.164.0.8:53479,10.164.0.8:53479,10.164.0.8:53479,10.164.0.8:53479,10.164.0.8:53479,10.164.0.8:53479,10.164.0.8:53479,10.164.0.8:53479,10.164.0.8:53479,10.164.0.8:53479,10.164.0.8:53479,10.164.0.8:53479,10.164.0.8:53479,10.164.0.8:53479,10.164.0.8:53479,10.164.0.8:53479,10.164.0.8:53479,10.164.0.8:53479,10.164.0.8:53479,10.164.0.8:53479,10.164.0.8:53479,10.164.0.8:53479,10.164.0.8:53479,10.164.0.8:53479,10.164.0.8:53479,10.164.0.8:53479,10.164.0.8:53479,10.164.0.8:53479,10.164.0.8:53479,10.164.0.8:53479,10.164.0.8:53479,10.164.0.8:53479,10.164.0.8:53479,10.164.0.8:53479,10.164.0.8:53479,10.164.0.8:53479,10.164.0.8:53479,10.164.0.8:53479,10.164.0.8:53479,10.164.0.8:53479,10.164.0.8:53479,10.164.0.8:53479,10.164.0.8:53479,10.164.0.8:53479,10.164.0.8:53479,10.164.0.8:53479,10.164.0.8:53479,10.164.0.8:53479,10.164.0.8:53479,10.164.0.8:53479,10.164.0.8:53479,10.164.0.8:53479,10.164.0.8:53479,10.164.0.8:53479,10.164.0.8:53479,10.164.0.8:53479,10.164.0.8:53479,10.164.0.8:53479,10.164.0.8:53479,10.164.0.8:53479,10.164.0.8:53479,10.164.0.8:53479,10.164.0.8:53479,10.164.0.8:53479,10.164.0.8:53479,10.164.0.8:53479,10.164.0.8:53479,10.164.0.8:53479,10.164.0.8:53479,10.164.0.8:53479,10.164.0.8:53479,10.164.0.8:53479,10.164.0.8:53479,10.164.0.8:53479,10.164.0.8:53479,10.164.0.8:53479,10.164.0.8:53479,10.164.0.8:53479,-1,-1,-1,-1,10.164.0.9:33750,10.164.0.9:33750,10.164.0.9:33750,10.164.0.9:33750,10.164.0.9:33750,10.164.0.9:33750,10.164.0.9:33750,10.164.0.9:33750,10.164.0.9:33750,10.164.0.9:33750,10.164.0.9:33750,10.164.0.9:33750,10.164.0.9:33750,10.164.0.9:33750,10.164.0.9:33750,10.164.0.9:33750,10.164.0.9:33750,10.164.0.9:33750,10.164.0.9:33750,10.164.0.9:33750,10.164.0.9:33750,10.164.0.9:33750,10.164.0.9:33750,10.164.0.9:33750,10.164.0.9:33750,10.164.0.9:33750,10.164.0.9:33750,10.164.0.9:33750,10.164.0.9:33750,10.164.0.9:33750,10.164.0.9:33750,10.164.0.9:33750,10.164.0.9:33750,10.164.0.9:33750,10.164.0.9:33750,10.164.0.9:33750,10.164.0.9:33750,10.164.0.9:33750,10.164.0.9:33750,10.164.0.9:33750,10.164.0.9:33750,10.164.0.9:33750,10.164.0.9:33750,10.164.0.9:33750,10.164.0.9:33750,10.164.0.9:33750,10.164.0.9:33750,10.164.0.9:33750,10.164.0.9:33750,10.164.0.9:33750,10.164.0.9:33750,10.164.0.9:33750,10.164.0.9:33750,10.164.0.9:33750,10.164.0.9:33750,10.164.0.9:33750,10.164.0.9:33750,10.164.0.9:33750,10.164.0.9:33750,10.164.0.9:33750,10.164.0.9:33750,10.164.0.9:33750,10.164.0.9:33750,10.164.0.9:33750,10.164.0.9:33750,10.164.0.9:33750,10.164.0.9:33750,10.164.0.9:33750,10.164.0.9:33750,10.164.0.9:33750,10.164.0.9:33750,10.164.0.9:33750,10.164.0.9:33750,10.164.0.9:33750,10.164.0.9:33750,10.164.0.9:33750,10.164.0.9:33750,10.164.0.9:33750,10.164.0.9:33750,10.164.0.9:33750,10.164.0.9:33750,10.164.0.9:33750,10.164.0.9:33750,10.164.0.9:33750,10.164.0.9:33750,10.164.0.9:33750,10.164.0.9:33750,10.164.0.9:33750,10.164.0.9:33750,10.164.0.9:33750,10.164.0.9:33750,10.164.0.9:33750,10.164.0.9:33750
audio_googRtt,-1,-1,8.0,6.0,5.0,5.0,5.0,5.0,5.0,4.0,4.0,4.0,4.0,4.0,4.0,4.0,4.0,4.0,4.0,3.0,3.0,4.0,4.0,4.0,3.0,3.0,2.0,2.0,2.0,1.0,1.0,1.0,1.0,1.0,2.0,2.0,3.0,3.0,3.0,3.0,3.0,2.0,2.0,2.0,2.0,2.0,2.0,2.0,2.0,2.0,2.0,2.0,2.0,2.0,1.0,1.0,2.0,2.0,2.0,2.0,2.0,3.0,3.0,3.0,4.0,4.0,3.0,3.0,3.0,3.0,3.0,2.0,2.0,2.0,1.0,1.0,1.0,1.0,1.0,2.0,2.0,2.0,2.0,2.0,1.0,1.0,1.0,1.0,1.0,1.0,1.0,1.0,1.0,1.0,1.0,-1,-1,-1,-1,9.0,7.0,6.0,6.0,6.0,4.0,4.0,5.0,5.0,5.0,5.0,5.0,5.0,5.0,5.0,5.0,5.0,5.0,5.0,5.0,4.0,4.0,4.0,4.0,4.0,4.0,4.0,5.0,5.0,5.0,5.0,5.0,4.0,4.0,4.0,3.0,3.0,2.0,2.0,2.0,1.0,1.0,1.0,1.0,1.0,2.0,2.0,1.0,1.0,1.0,1.0,1.0,1.0,1.0,1.0,1.0,1.0,1.0,1.0,1.0,1.0,1.0,1.0,1.0,1.0,1.0,1.0,1.0,2.0,2.0,3.0,3.0,3.0,3.0,3.0,3.0,3.0,3.0,2.0,2.0,2.0,2.0,2.0,1.0,1.0,1.0,1.0,1.0,1.0,1.0,2.0,2.0,2.0
audio_recv_bitsReceivedPerSecond,0.0,0.0,11856.0,24424.0,24488.0,24632.0,18360.0,16400.0,16376.0,16376.0,16360.0,16360.0,16335.664335664336,16352.0,16327.672327672328,16352.352352352353,16336.0,16352.352352352353,16336.0,16319.68031968032,16344.344344344345,16344.344344344345,16303.696303696304,16320.0,16287.425149700599,16336.336336336337,16312.0,16320.0,16320.0,16336.336336336337,16303.696303696304,16320.320320320321,16936.0,16312.0,16303.696303696304,16304.304304304304,19216.0,22960.0,16720.0,16720.0,16720.0,16720.0,16720.0,16720.0,16720.0,16720.0,16720.0,16720.0,16703.296703296703,16521.739130434784,16923.076923076922,16703.296703296703,16686.626746506987,16720.0,16753.507014028055,16653.386454183266,16753.507014028055,16787.14859437751,16669.99002991027,16753.507014028055,16720.0,16669.99002991027,16753.507014028055,16703.296703296703,16736.736736736737,16686.626746506987,16770.310932798395,16720.0,16720.0,16753.507014028055,16686.626746506987,16720.0,16736.736736736737,16703.296703296703,16720.0,16720.0,16736.736736736737,16703.296703296703,16720.0,16720.0,16736.736736736737,16703.296703296703,16703.296703296703,16753.507014028055,16703.296703296703,16720.0,16736.736736736737,16720.0,16703.296703296703,16736.736736736737,16703.296703296703,16720.0,16720.0,16720.0,16680.0,-1,-1,-1,-1,0.0,25208.747514910538,23651.20593692022,23722.34273318872,23736.0,23776.0,23512.0,23824.175824175825,23759.75975975976,23688.0,23744.0,23544.0,23704.0,23584.0,23824.0,23384.0,23344.0,23720.0,23768.0,23800.0,23544.0,23816.0,23904.095904095902,23839.83983983984,23672.65469061876,23775.55110220441,23968.0,23752.0,23784.215784215783,23847.847847847846,23744.0,23760.0,23712.0,23696.0,23864.0,23824.0,23624.0,23648.0,23632.0,23552.0,23520.0,23312.0,23464.0,23600.0,23560.43956043956,23583.583583583582,23912.0,23552.0,23336.0,23432.0,23760.23976023976,23376.0,23535.535535535535,23576.0,23696.0,23264.0,23096.0,23240.0,23248.75124875125,23063.063063063062,23160.0,23296.703296703297,23256.0,23152.0,23008.0,23448.0,23482.587064676616,22721.608040201005,23168.0,22942.942942942944,23168.83116883117,23515.392254220456,22949.416342412453,23187.62088974855,23335.288367546433,23084.708470847083,23334.669338677355,23224.0,23000.0,23224.0,23144.855144855144,23224.0,23232.0,23071.07107107107,22896.0,23008.991008991008,23191.191191191192,23160.0,23120.0,26592.0,40400.0,40400.0,40359.64035964036
audio_recv_packetsReceivedPerSecond,0.0,0.0,23.0,50.0,50.0,50.0,50.0,50.0,50.0,50.0,50.0,50.0,49.95004995004995,50.0,49.95004995004995,50.050050050050054,50.0,50.050050050050054,50.0,49.95004995004995,50.050050050050054,50.050050050050054,49.95004995004995,50.0,49.9001996007984,50.050050050050054,50.0,50.0,50.0,50.050050050050054,49.95004995004995,50.050050050050054,50.0,50.0,49.95004995004995,50.050050050050054,50.0,50.0,50.0,50.0,50.0,50.0,50.0,50.0,50.0,50.0,50.0,50.0,49.95004995004995,49.40711462450593,50.607287449392715,49.95004995004995,49.9001996007984,50.0,50.100200400801604,49.800796812749006,50.100200400801604,50.200803212851405,49.85044865403788,50.100200400801604,50.0,49.85044865403788,50.100200400801604,49.95004995004995,50.050050050050054,49.9001996007984,50.150451354062184,50.0,50.0,50.100200400801604,49.9001996007984,50.0,50.050050050050054,49.95004995004995,50.0,50.0,50.050050050050054,49.95004995004995,50.0,50.0,50.050050050050054,49.95004995004995,49.95004995004995,50.100200400801604,49.95004995004995,50.0,50.050050050050054,50.0,49.95004995004995,50.050050050050054,49.95004995004995,50.0,50.0,50.0,50.0,-1,-1,-1,-1,0.0,50.69582504970179,50.09276437847866,49.891540130151846,50.0,50.0,50.0,49.95004995004995,50.050050050050054,50.0,50.0,50.0,50.0,50.0,50.0,50.0,50.0,50.0,50.0,50.0,50.0,50.0,49.95004995004995,50.050050050050054,49.9001996007984,50.100200400801604,50.0,50.0,49.95004995004995,50.050050050050054,50.0,50.0,50.0,50.0,50.0,50.0,50.0,50.0,50.0,50.0,50.0,50.0,50.0,50.0,49.95004995004995,50.050050050050054,50.0,50.0,50.0,50.0,49.95004995004995,50.0,50.050050050050054,50.0,50.0,50.0,50.0,50.0,49.95004995004995,50.050050050050054,50.0,49.95004995004995,50.0,50.0,50.0,50.0,50.74626865671642,49.246231155778894,50.0,50.050050050050054,49.95004995004995,50.6454816285998,49.61089494163424,50.29013539651837,49.853372434017594,49.504950495049506,50.100200400801604,50.0,50.0,50.0,49.95004995004995,50.0,50.0,50.050050050050054,50.0,49.95004995004995,50.050050050050054,50.0,50.0,50.0,50.0,50.0,49.95004995004995
audio_recv_googCurrentDelayMs,0.0,0.0,57.0,75.0,64.0,64.0,65.0,65.0,64.0,65.0,65.0,65.0,65.0,65.0,65.0,64.0,58.0,50.0,56.0,46.0,58.0,57.0,47.0,56.0,46.0,47.0,47.0,47.0,47.0,47.0,47.0,57.0,58.0,57.0,47.0,58.0,58.0,47.0,57.0,47.0,58.0,58.0,58.0,58.0,47.0,47.0,47.0,47.0,47.0,56.0,47.0,47.0,47.0,47.0,47.0,46.0,47.0,57.0,47.0,47.0,47.0,46.0,45.0,44.0,44.0,44.0,45.0,47.0,46.0,57.0,47.0,46.0,47.0,47.0,47.0,47.0,58.0,47.0,47.0,47.0,58.0,47.0,47.0,58.0,47.0,47.0,58.0,47.0,47.0,58.0,47.0,47.0,47.0,47.0,47.0,-1,-1,-1,-1,40.0,46.0,56.0,56.0,56.0,56.0,56.0,56.0,56.0,56.0,56.0,56.0,56.0,56.0,56.0,56.0,56.0,56.0,56.0,56.0,56.0,56.0,56.0,56.0,46.0,56.0,56.0,56.0,56.0,56.0,56.0,56.0,56.0,56.0,56.0,56.0,56.0,56.0,56.0,56.0,56.0,56.0,56.0,56.0,56.0,56.0,56.0,56.0,56.0,56.0,56.0,56.0,56.0,56.0,56.0,56.0,56.0,56.0,46.0,56.0,56.0,56.0,46.0,56.0,46.0,56.0,56.0,46.0,46.0,56.0,46.0,46.0,46.0,46.0,56.0,46.0,56.0,56.0,56.0,56.0,56.0,56.0,56.0,56.0,56.0,56.0,56.0,56.0,56.0,56.0,56.0,57.0,56.0
audio_recv_googJitterBufferMs,0.0,0.0,49.0,59.0,49.0,49.0,49.0,49.0,49.0,49.0,49.0,49.0,49.0,49.0,49.0,49.0,34.0,29.0,39.0,29.0,39.0,39.0,29.0,39.0,29.0,29.0,29.0,29.0,29.0,29.0,29.0,39.0,39.0,39.0,29.0,39.0,39.0,29.0,39.0,29.0,39.0,39.0,39.0,39.0,29.0,29.0,29.0,29.0,29.0,19.0,29.0,29.0,29.0,29.0,29.0,29.0,29.0,39.0,29.0,29.0,29.0,29.0,29.0,29.0,29.0,29.0,29.0,29.0,29.0,39.0,29.0,29.0,29.0,29.0,29.0,29.0,39.0,29.0,29.0,29.0,39.0,29.0,29.0,39.0,29.0,29.0,39.0,29.0,29.0,39.0,29.0,29.0,29.0,29.0,29.0,-1,-1,-1,-1,30.0,43.0,38.0,38.0,38.0,38.0,38.0,38.0,38.0,38.0,38.0,38.0,38.0,38.0,38.0,38.0,38.0,38.0,38.0,38.0,38.0,38.0,38.0,38.0,28.0,38.0,38.0,38.0,38.0,38.0,38.0,38.0,38.0,38.0,38.0,38.0,38.0,38.0,38.0,38.0,38.0,38.0,38.0,38.0,38.0,38.0,38.0,38.0,38.0,38.0,38.0,38.0,38.0,38.0,38.0,38.0,38.0,38.0,28.0,38.0,38.0,38.0,28.0,38.0,28.0,38.0,38.0,28.0,28.0,38.0,28.0,48.0,28.0,48.0,38.0,28.0,38.0,38.0,38.0,38.0,38.0,38.0,38.0,38.0,38.0,38.0,38.0,38.0,38.0,38.0,38.0,38.0,38.0
audio_recv_googJitterReceived,0.0,0.0,0.0,0.0,0.0,1.0,1.0,2.0,2.0,2.0,2.0,2.0,2.0,2.0,2.0,2.0,2.0,2.0,2.0,2.0,2.0,2.0,2.0,2.0,2.0,2.0,2.0,1.0,1.0,1.0,1.0,1.0,1.0,2.0,2.0,2.0,2.0,2.0,2.0,2.0,2.0,2.0,2.0,1.0,1.0,1.0,1.0,1.0,1.0,1.0,2.0,2.0,2.0,2.0,2.0,2.0,2.0,2.0,2.0,2.0,2.0,2.0,2.0,4.0,4.0,4.0,4.0,2.0,2.0,2.0,2.0,2.0,2.0,2.0,2.0,2.0,2.0,2.0,1.0,1.0,1.0,2.0,2.0,2.0,2.0,2.0,2.0,2.0,2.0,2.0,2.0,2.0,2.0,2.0,2.0,-1,-1,-1,-1,0.0,0.0,0.0,1.0,1.0,1.0,1.0,1.0,1.0,1.0,1.0,1.0,1.0,1.0,1.0,1.0,1.0,1.0,1.0,1.0,1.0,1.0,1.0,1.0,1.0,1.0,1.0,1.0,1.0,1.0,1.0,1.0,1.0,1.0,1.0,1.0,1.0,1.0,1.0,1.0,1.0,1.0,1.0,1.0,1.0,1.0,1.0,1.0,1.0,1.0,1.0,1.0,1.0,1.0,1.0,2.0,2.0,2.0,2.0,2.0,2.0,2.0,1.0,1.0,1.0,1.0,1.0,1.0,1.0,1.0,1.0,1.0,1.0,1.0,1.0,1.0,1.0,1.0,1.0,1.0,1.0,1.0,1.0,1.0,1.0,1.0,1.0,1.0,1.0,1.0,1.0,2.0,2.0
audio_recv_googPreferredJitterBufferMs,0.0,0.0,40.0,40.0,40.0,40.0,40.0,40.0,40.0,40.0,40.0,40.0,40.0,40.0,40.0,40.0,20.0,20.0,20.0,20.0,20.0,20.0,20.0,20.0,20.0,20.0,20.0,20.0,20.0,20.0,20.0,20.0,20.0,20.0,20.0,20.0,20.0,20.0,20.0,20.0,20.0,20.0,20.0,20.0,20.0,20.0,20.0,20.0,20.0,20.0,20.0,20.0,20.0,20.0,20.0,20.0,20.0,20.0,20.0,20.0,20.0,20.0,20.0,20.0,20.0,20.0,20.0,20.0,20.0,20.0,20.0,20.0,20.0,20.0,20.0,20.0,20.0,20.0,20.0,20.0,20.0,20.0,20.0,20.0,20.0,20.0,20.0,20.0,20.0,20.0,20.0,20.0,20.0,20.0,20.0,-1,-1,-1,-1,40.0,20.0,20.0,20.0,20.0,20.0,20.0,20.0,20.0,20.0,20.0,20.0,20.0,20.0,20.0,20.0,20.0,20.0,20.0,20.0,20.0,20.0,20.0,20.0,20.0,20.0,20.0,20.0,20.0,20.0,20.0,20.0,20.0,20.0,20.0,20.0,20.0,20.0,20.0,20.0,20.0,20.0,20.0,20.0,20.0,20.0,20.0,20.0,20.0,20.0,20.0,20.0,20.0,20.0,20.0,20.0,20.0,20.0,20.0,20.0,20.0,20.0,20.0,20.0,20.0,20.0,20.0,20.0,20.0,20.0,20.0,20.0,20.0,20.0,20.0,20.0,20.0,20.0,20.0,20.0,20.0,20.0,20.0,20.0,20.0,20.0,20.0,20.0,20.0,20.0,20.0,20.0,20.0
audio_send_bitsSentPerSecond,0.0,0.0,10664.0,25144.0,23760.0,23536.0,23856.0,23728.0,23448.0,23888.0,23808.0,23584.0,23664.335664335664,23680.0,23456.543456543455,23815.815815815815,23784.0,23351.35135135135,23432.0,23696.303696303698,23815.815815815815,23719.71971971972,23616.383616383617,23856.0,23808.383233532935,23871.87187187187,23712.0,23776.0,23864.0,23823.823823823823,23784.215784215783,23687.68768768769,24024.0,23648.0,23696.303696303698,23663.663663663665,23864.0,23824.0,23592.0,23520.0,23736.0,23496.0,23528.0,23280.0,23536.0,23632.0,23672.0,23552.0,23816.183816183817,23296.442687747036,23611.336032388663,23368.63136863137,23768.463073852294,23368.0,23494.98997995992,23529.88047808765,23727.45490981964,23269.076305220882,23026.91924227318,23326.653306613225,23192.0,23026.91924227318,23190.380761523047,23280.71928071928,23263.263263263263,23097.804391217564,23125.376128385156,23536.0,23024.0,23142.284569138275,23153.692614770458,22864.0,23247.247247247247,23128.871128871127,23184.0,23128.0,23431.431431431432,23208.79120879121,23248.0,23224.0,23071.07107107107,23160.83916083916,23160.83916083916,23230.46092184369,23168.83116883117,23088.0,22846.846846846845,23136.0,23136.863136863136,23135.135135135137,23216.783216783217,32080.0,40400.0,40400.0,40400.0,0.0,0.0,0.0,0.0,3573.440643863179,25526.838966202784,24615.95547309833,24329.718004338396,20504.0,16320.0,16368.0,16343.656343656343,16384.384384384386,16344.0,16352.0,16352.0,16344.0,16336.0,16320.0,16352.0,16312.0,16336.0,16360.0,16304.0,16312.0,16336.0,16303.696303696304,16320.320320320321,16295.409181636727,16328.65731462926,16336.0,16328.0,16279.720279720279,16328.328328328329,16952.0,16296.0,16304.0,16328.0,16456.0,25464.0,16720.0,16712.0,16760.0,16664.0,16752.0,16680.0,16736.0,16688.0,16719.28071928072,16736.736736736737,16712.0,16736.0,15648.0,17760.0,16719.28071928072,16776.0,16680.68068068068,16704.0,15680.0,17792.0,16712.0,16728.0,16695.304695304694,16712.712712712713,15680.0,17750.24975024975,16704.0,16712.0,16704.0,16720.0,16700.49751243781,16795.979899497488,16688.0,16720.72072072072,16727.272727272728,16595.829195630587,18015.56420233463,17145.067698259187,17165.20039100684,14380.63806380638,16721.442885771543,16696.0,16784.0,16704.0,16679.32067932068,16760.0,16688.0,15727.727727727728,17736.0,16727.272727272728,16720.72072072072,16720.0,16712.0,16704.0,16736.0,15704.0,17670.32967032967
audio_send_packetsSentPerSecond,0.0,0.0,23.0,50.0,50.0,50.0,50.0,50.0,50.0,50.0,50.0,50.0,49.95004995004995,50.0,49.95004995004995,50.050050050050054,50.0,50.050050050050054,50.0,49.95004995004995,50.050050050050054,50.050050050050054,49.95004995004995,50.0,49.9001996007984,50.050050050050054,50.0,50.0,50.0,50.050050050050054,49.95004995004995,50.050050050050054,50.0,50.0,49.95004995004995,50.050050050050054,50.0,50.0,50.0,50.0,50.0,50.0,50.0,50.0,50.0,50.0,50.0,50.0,49.95004995004995,49.40711462450593,50.607287449392715,49.95004995004995,49.9001996007984,50.0,50.100200400801604,49.800796812749006,50.100200400801604,50.200803212851405,49.85044865403788,50.100200400801604,50.0,49.85044865403788,50.100200400801604,49.95004995004995,50.050050050050054,49.9001996007984,50.150451354062184,50.0,50.0,50.100200400801604,49.9001996007984,50.0,50.050050050050054,49.95004995004995,50.0,50.0,50.050050050050054,49.95004995004995,50.0,50.0,50.050050050050054,49.95004995004995,49.95004995004995,50.100200400801604,49.95004995004995,50.0,50.050050050050054,50.0,49.95004995004995,50.050050050050054,49.95004995004995,50.0,50.0,50.0,50.0,0.0,0.0,0.0,0.0,8.048289738430583,50.69582504970179,49.16512059369202,50.9761388286334,50.0,50.0,50.0,49.95004995004995,50.050050050050054,50.0,50.0,50.0,50.0,50.0,50.0,50.0,50.0,50.0,50.0,50.0,50.0,50.0,49.95004995004995,50.050050050050054,49.9001996007984,50.100200400801604,50.0,50.0,49.95004995004995,50.050050050050054,50.0,50.0,50.0,50.0,50.0,50.0,50.0,50.0,50.0,50.0,50.0,50.0,50.0,50.0,49.95004995004995,50.050050050050054,50.0,50.0,49.0,51.0,49.95004995004995,50.0,50.050050050050054,50.0,49.0,51.0,50.0,50.0,49.95004995004995,50.050050050050054,49.0,50.94905094905095,50.0,50.0,50.0,50.0,49.75124378109453,50.25125628140704,50.0,50.050050050050054,49.95004995004995,49.65243296921549,50.583657587548636,49.32301740812379,49.853372434017594,50.605060506050606,50.100200400801604,50.0,50.0,50.0,49.95004995004995,50.0,50.0,49.049049049049046,51.0,49.95004995004995,50.050050050050054,50.0,50.0,50.0,50.0,49.0,50.94905094905095
video_recv_bitsReceivedPerSecond,0.0,0.0,332248.0,1924072.0,2264736.0,2214224.0,2572832.0,2438568.0,2516616.0,2659320.0,2705280.0,2764992.0,2604539.4605394606,2572640.0,2586445.5544455545,2526646.646646647,2592488.0,2527919.9199199197,2401488.0,2636859.140859141,2639855.8558558556,2573861.861861862,2552399.6003996003,2420288.0,2626610.778443114,2623191.1911911913,2416472.0,2174456.0,2220000.0,2266562.5625625625,2088991.008991009,2137073.0730730733,2003464.0,2106488.0,2081974.025974026,2011619.6196196196,2089616.0,2058864.0,2000696.0,2083280.0,2018784.0,2093096.0,1971904.0,2088656.0,2095328.0,1996784.0,2098712.0,1792080.0,2329078.9210789213,2579454.5454545454,2407400.809716599,2590801.198801199,2627936.127744511,2677920.0,2490685.370741483,2580039.84063745,2516064.128256513,2564738.955823293,2622660.0199401793,2632320.641282565,2492208.0,2392813.559322034,2410236.472945892,2613442.5574425575,2486526.5265265265,2582211.5768463076,2622459.3781344034,2513632.0,2698192.0,2675062.124248497,2495840.3193612774,2624056.0,2301909.90990991,2051572.4275724276,2108312.0,2062848.0,2100804.8048048047,2077402.5974025973,2035880.0,2019704.0,2063207.207207207,2089318.6813186812,1994285.7142857143,2122597.1943887775,2019588.4115884115,2023968.0,2103863.863863864,2044128.0,2023328.6713286713,2075259.2592592593,2049126.873126873,2076000.0,1995232.0,2104632.0,2009536.0,-1,-1,-1,-1,0.0,1490838.9662027834,2332786.641929499,2344824.295010846,2499800.0,2529920.0,2568728.0,2619652.3476523478,2609041.0410410413,2564224.0,2611352.0,2489880.0,2631360.0,2570952.0,2433872.0,2554504.0,2600760.0,2591984.0,2574536.0,2563960.0,2576544.0,2533312.0,2534169.83016983,2522250.25025025,2586115.7684630738,2583735.470941884,2609624.0,2479296.0,2578797.202797203,2554866.866866867,2678392.0,2532880.0,2615952.0,2478392.0,1841760.0,2101080.0,2108304.0,2033088.0,1982152.0,2104328.0,2094352.0,1999432.0,2124520.0,2021392.0,2023472.5274725275,2100948.948948949,2047664.0,2021744.0,2067776.0,2048040.0,2075388.6113886114,1998072.0,2111127.1271271273,1984480.0,2046424.0,2091376.0,2055392.0,2024896.0,2054473.5264735264,2053189.189189189,2047440.0,2023608.3916083917,2135768.0,1974264.0,2018440.0,2107416.0,2095450.7462686568,2027875.376884422,2030088.0,2079503.5035035035,2061026.973026973,2029346.5739821251,2103268.4824902723,1971829.7872340425,2055976.5395894428,2076215.6215621561,2053194.3887775552,2029224.0,2064984.0,2070648.0,2062441.5584415584,2013808.0,2112800.0,1962650.6506506507,2111720.0,2036475.5244755244,2058378.3783783785,2014552.0,2056504.0,2058384.0,2039448.0,2059064.0,2098893.106893107
video_recv_packetsReceivedPerSecond,0.0,0.0,40.0,232.0,272.0,264.0,298.0,289.0,296.0,313.0,318.0,322.0,305.6943056943057,306.0,308.6913086913087,297.2972972972973,303.0,299.2992992992993,283.0,312.68731268731267,310.3103103103103,302.3023023023023,302.6973026973027,283.0,307.38522954091815,314.3143143143143,284.0,262.0,270.0,273.2732732732733,254.74525474525475,259.25925925925924,242.0,254.0,250.74925074925076,244.24424424424424,252.0,248.0,243.0,252.0,246.0,250.0,240.0,250.0,254.0,245.0,252.0,217.0,280.71928071928073,304.3478260869565,285.4251012145749,305.6943056943057,312.375249500998,319.0,297.59519038076155,301.79282868525894,291.5831663326653,300.2008032128514,304.0877367896311,313.62725450901803,297.0,283.1505483549352,285.57114228456913,302.6973026973027,293.2932932932933,306.3872255489022,310.93279839518556,299.0,319.0,316.63326653306615,297.4051896207585,310.0,277.2772772772773,245.75424575424574,257.0,245.0,252.25225225225225,246.75324675324674,242.0,250.0,248.24824824824825,252.74725274725276,244.75524475524475,256.5130260521042,243.75624375624375,243.0,252.25225225225225,247.0,241.75824175824175,252.25225225225225,250.74925074925076,256.0,244.0,255.0,243.0,-1,-1,-1,-1,0.0,183.89662027833003,280.14842300556586,284.1648590021692,301.0,297.0,303.0,307.6923076923077,306.3063063063063,305.0,307.0,291.0,313.0,307.0,291.0,299.0,306.0,302.0,305.0,307.0,305.0,301.0,300.6993006993007,300.3003003003003,304.39121756487026,302.6052104208417,306.0,292.0,304.6953046953047,301.3013013013013,320.0,299.0,311.0,296.0,222.0,250.0,252.0,244.0,239.0,257.0,252.0,245.0,256.0,246.0,243.75624375624375,251.25125125125126,245.0,243.0,249.0,249.0,245.75424575424574,246.0,258.25825825825825,239.0,247.0,253.0,244.0,245.0,243.75624375624375,251.25125125125126,249.0,247.75224775224774,260.0,238.0,240.0,256.0,247.76119402985074,243.21608040201005,247.0,252.25225225225225,250.74925074925076,245.28301886792454,256.8093385214008,237.9110251450677,251.2218963831867,250.82508250825083,245.49098196392785,243.0,249.0,251.0,250.74925074925076,246.0,256.0,240.24024024024024,253.0,247.75224775224774,246.24624624624624,239.0,250.0,251.0,252.0,250.0,251.74825174825176
video_recv_googCurrentDelayMs,0.0,0.0,30.0,39.0,39.0,41.0,40.0,40.0,40.0,39.0,38.0,38.0,39.0,46.0,46.0,46.0,46.0,46.0,46.0,45.0,45.0,44.0,44.0,49.0,48.0,48.0,47.0,56.0,57.0,56.0,57.0,56.0,56.0,56.0,55.0,55.0,53.0,53.0,52.0,51.0,51.0,51.0,51.0,50.0,50.0,50.0,49.0,57.0,54.0,53.0,53.0,53.0,52.0,53.0,53.0,53.0,52.0,52.0,51.0,51.0,50.0,49.0,48.0,51.0,50.0,50.0,50.0,48.0,48.0,48.0,47.0,47.0,54.0,54.0,54.0,54.0,53.0,53.0,53.0,52.0,52.0,52.0,51.0,51.0,50.0,50.0,50.0,50.0,50.0,50.0,49.0,49.0,49.0,49.0,49.0,-1,-1,-1,-1,22.0,30.0,49.0,50.0,48.0,45.0,45.0,44.0,45.0,45.0,46.0,46.0,48.0,48.0,47.0,46.0,46.0,47.0,46.0,47.0,47.0,47.0,48.0,48.0,48.0,47.0,47.0,47.0,47.0,46.0,45.0,46.0,48.0,48.0,55.0,56.0,56.0,56.0,56.0,54.0,53.0,53.0,53.0,52.0,52.0,51.0,50.0,50.0,52.0,51.0,50.0,50.0,49.0,49.0,49.0,48.0,49.0,49.0,49.0,48.0,48.0,48.0,49.0,49.0,48.0,48.0,48.0,48.0,48.0,47.0,47.0,47.0,47.0,47.0,46.0,46.0,46.0,46.0,46.0,45.0,45.0,45.0,45.0,45.0,60.0,59.0,59.0,58.0,58.0,57.0,57.0,57.0,56.0
video_recv_googDecodeMs,0.0,0.0,4.0,4.0,5.0,4.0,4.0,4.0,4.0,3.0,5.0,4.0,4.0,4.0,4.0,4.0,4.0,4.0,4.0,4.0,4.0,4.0,4.0,4.0,7.0,4.0,4.0,2.0,2.0,2.0,3.0,2.0,2.0,3.0,3.0,3.0,2.0,3.0,3.0,2.0,2.0,2.0,3.0,2.0,3.0,2.0,2.0,4.0,5.0,6.0,5.0,4.0,5.0,4.0,5.0,6.0,4.0,5.0,5.0,4.0,4.0,5.0,4.0,4.0,5.0,6.0,4.0,4.0,5.0,4.0,4.0,5.0,2.0,3.0,3.0,3.0,3.0,2.0,2.0,2.0,2.0,2.0,2.0,2.0,2.0,2.0,2.0,3.0,3.0,2.0,3.0,2.0,3.0,3.0,3.0,-1,-1,-1,-1,4.0,4.0,5.0,6.0,4.0,5.0,7.0,4.0,4.0,4.0,5.0,4.0,5.0,5.0,4.0,5.0,5.0,5.0,5.0,6.0,4.0,4.0,5.0,5.0,4.0,5.0,5.0,5.0,5.0,4.0,6.0,5.0,5.0,4.0,3.0,4.0,3.0,3.0,3.0,3.0,3.0,2.0,3.0,4.0,3.0,4.0,3.0,3.0,3.0,2.0,2.0,3.0,3.0,3.0,2.0,4.0,3.0,3.0,3.0,3.0,7.0,2.0,3.0,4.0,2.0,3.0,4.0,2.0,3.0,3.0,3.0,3.0,3.0,3.0,2.0,3.0,3.0,2.0,3.0,2.0,2.0,3.0,2.0,2.0,2.0,3.0,3.0,3.0,2.0,3.0,3.0,4.0,3.0
video_recv_googFrameHeightReceived,0.0,0.0,720.0,720.0,720.0,720.0,720.0,720.0,720.0,720.0,720.0,720.0,720.0,720.0,720.0,720.0,720.0,720.0,720.0,720.0,720.0,720.0,720.0,720.0,720.0,720.0,720.0,540.0,540.0,540.0,540.0,540.0,540.0,540.0,540.0,540.0,540.0,540.0,540.0,540.0,540.0,540.0,540.0,540.0,540.0,540.0,540.0,720.0,720.0,720.0,720.0,720.0,720.0,720.0,720.0,720.0,720.0,720.0,720.0,720.0,720.0,720.0,720.0,720.0,720.0,720.0,720.0,720.0,720.0,720.0,720.0,720.0,540.0,540.0,540.0,540.0,540.0,540.0,540.0,540.0,540.0,540.0,540.0,540.0,540.0,540.0,540.0,540.0,540.0,540.0,540.0,540.0,540.0,540.0,540.0,-1,-1,-1,-1,720.0,720.0,720.0,720.0,720.0,720.0,720.0,720.0,720.0,720.0,720.0,720.0,720.0,720.0,720.0,720.0,720.0,720.0,720.0,720.0,720.0,720.0,720.0,720.0,720.0,720.0,720.0,720.0,720.0,720.0,720.0,720.0,720.0,720.0,540.0,540.0,540.0,540.0,540.0,540.0,540.0,540.0,540.0,540.0,540.0,540.0,540.0,540.0,540.0,540.0,540.0,540.0,540.0,540.0,540.0,540.0,540.0,540.0,540.0,540.0,540.0,540.0,540.0,540.0,540.0,540.0,540.0,540.0,540.0,540.0,540.0,540.0,540.0,540.0,540.0,540.0,540.0,540.0,540.0,540.0,540.0,540.0,540.0,540.0,540.0,540.0,540.0,540.0,540.0,540.0,540.0,540.0,540.0
video_recv_googFrameRateOutput,0.0,0.0,41.0,59.0,57.0,56.0,57.0,55.0,55.0,58.0,59.0,60.0,60.0,59.0,60.0,58.0,59.0,58.0,56.0,59.0,60.0,57.0,60.0,54.0,58.0,60.0,55.0,53.0,60.0,60.0,60.0,60.0,60.0,61.0,60.0,60.0,60.0,60.0,60.0,60.0,60.0,60.0,60.0,60.0,60.0,60.0,60.0,58.0,59.0,59.0,56.0,58.0,60.0,60.0,57.0,60.0,57.0,59.0,60.0,60.0,59.0,54.0,55.0,56.0,54.0,57.0,56.0,54.0,59.0,59.0,56.0,58.0,58.0,59.0,60.0,60.0,60.0,60.0,60.0,60.0,60.0,60.0,60.0,60.0,60.0,60.0,60.0,60.0,60.0,60.0,60.0,60.0,60.0,60.0,60.0,-1,-1,-1,-1,39.0,53.0,58.0,57.0,60.0,57.0,59.0,60.0,60.0,60.0,60.0,60.0,60.0,60.0,59.0,57.0,59.0,60.0,60.0,60.0,60.0,60.0,59.0,58.0,60.0,59.0,59.0,59.0,59.0,59.0,60.0,60.0,60.0,59.0,60.0,60.0,60.0,60.0,60.0,60.0,60.0,61.0,60.0,60.0,60.0,60.0,60.0,60.0,60.0,60.0,60.0,60.0,60.0,60.0,60.0,60.0,60.0,60.0,60.0,60.0,60.0,60.0,60.0,60.0,59.0,60.0,60.0,60.0,60.0,60.0,60.0,60.0,60.0,60.0,60.0,60.0,60.0,60.0,60.0,60.0,59.0,61.0,60.0,60.0,60.0,60.0,60.0,60.0,60.0,60.0,60.0,60.0,60.0
video_recv_googFrameRateReceived,0.0,0.0,13.0,60.0,58.0,56.0,57.0,54.0,56.0,58.0,59.0,60.0,60.0,59.0,59.0,59.0,58.0,58.0,57.0,59.0,60.0,57.0,60.0,55.0,58.0,61.0,54.0,56.0,60.0,59.0,61.0,59.0,61.0,60.0,60.0,61.0,59.0,61.0,61.0,59.0,60.0,61.0,61.0,59.0,61.0,60.0,60.0,57.0,59.0,59.0,56.0,58.0,60.0,60.0,57.0,60.0,57.0,59.0,60.0,60.0,58.0,54.0,56.0,55.0,54.0,57.0,56.0,55.0,58.0,59.0,56.0,58.0,60.0,59.0,60.0,61.0,60.0,61.0,60.0,60.0,61.0,60.0,60.0,60.0,60.0,60.0,60.0,60.0,60.0,60.0,60.0,60.0,60.0,60.0,60.0,-1,-1,-1,-1,4.0,52.0,60.0,58.0,60.0,57.0,59.0,61.0,59.0,61.0,60.0,60.0,60.0,59.0,59.0,58.0,60.0,60.0,60.0,61.0,59.0,61.0,58.0,58.0,60.0,59.0,60.0,57.0,60.0,59.0,60.0,61.0,60.0,58.0,61.0,60.0,60.0,60.0,60.0,60.0,60.0,60.0,60.0,60.0,60.0,60.0,60.0,60.0,60.0,60.0,60.0,60.0,60.0,60.0,60.0,60.0,60.0,60.0,60.0,60.0,60.0,60.0,60.0,60.0,59.0,60.0,60.0,60.0,60.0,60.0,60.0,60.0,60.0,60.0,60.0,59.0,60.0,60.0,60.0,60.0,60.0,60.0,60.0,60.0,60.0,60.0,60.0,60.0,60.0,60.0,60.0,60.0,60.0
video_recv_googFrameWidthReceived,0.0,0.0,1280.0,1280.0,1280.0,1280.0,1280.0,1280.0,1280.0,1280.0,1280.0,1280.0,1280.0,1280.0,1280.0,1280.0,1280.0,1280.0,1280.0,1280.0,1280.0,1280.0,1280.0,1280.0,1280.0,1280.0,1280.0,960.0,960.0,960.0,960.0,960.0,960.0,960.0,960.0,960.0,960.0,960.0,960.0,960.0,960.0,960.0,960.0,960.0,960.0,960.0,960.0,1280.0,1280.0,1280.0,1280.0,1280.0,1280.0,1280.0,1280.0,1280.0,1280.0,1280.0,1280.0,1280.0,1280.0,1280.0,1280.0,1280.0,1280.0,1280.0,1280.0,1280.0,1280.0,1280.0,1280.0,1280.0,960.0,960.0,960.0,960.0,960.0,960.0,960.0,960.0,960.0,960.0,960.0,960.0,960.0,960.0,960.0,960.0,960.0,960.0,960.0,960.0,960.0,960.0,960.0,-1,-1,-1,-1,1280.0,1280.0,1280.0,1280.0,1280.0,1280.0,1280.0,1280.0,1280.0,1280.0,1280.0,1280.0,1280.0,1280.0,1280.0,1280.0,1280.0,1280.0,1280.0,1280.0,1280.0,1280.0,1280.0,1280.0,1280.0,1280.0,1280.0,1280.0,1280.0,1280.0,1280.0,1280.0,1280.0,1280.0,960.0,960.0,960.0,960.0,960.0,960.0,960.0,960.0,960.0,960.0,960.0,960.0,960.0,960.0,960.0,960.0,960.0,960.0,960.0,960.0,960.0,960.0,960.0,960.0,960.0,960.0,960.0,960.0,960.0,960.0,960.0,960.0,960.0,960.0,960.0,960.0,960.0,960.0,960.0,960.0,960.0,960.0,960.0,960.0,960.0,960.0,960.0,960.0,960.0,960.0,960.0,960.0,960.0,960.0,960.0,960.0,960.0,960.0,960.0
video_recv_googInterframeDelayMax,-1.0,-1.0,58.0,34.0,34.0,35.0,34.0,34.0,33.0,33.0,31.0,19.0,19.0,33.0,18.0,34.0,31.0,34.0,34.0,34.0,20.0,35.0,20.0,35.0,33.0,34.0,35.0,44.0,19.0,19.0,19.0,18.0,18.0,18.0,18.0,19.0,18.0,18.0,19.0,18.0,18.0,19.0,19.0,18.0,20.0,19.0,19.0,53.0,31.0,31.0,34.0,37.0,19.0,27.0,34.0,28.0,35.0,33.0,20.0,19.0,34.0,36.0,35.0,35.0,34.0,34.0,33.0,34.0,34.0,33.0,34.0,34.0,37.0,19.0,20.0,18.0,18.0,19.0,19.0,19.0,18.0,19.0,18.0,19.0,18.0,22.0,18.0,19.0,19.0,19.0,20.0,18.0,19.0,18.0,19.0,-1,-1,-1,-1,36.0,59.0,44.0,34.0,21.0,36.0,36.0,21.0,20.0,19.0,23.0,20.0,20.0,26.0,34.0,34.0,20.0,23.0,18.0,20.0,20.0,20.0,32.0,36.0,20.0,34.0,34.0,33.0,34.0,33.0,23.0,19.0,20.0,34.0,20.0,18.0,18.0,18.0,18.0,33.0,19.0,18.0,19.0,20.0,18.0,18.0,18.0,18.0,19.0,18.0,18.0,18.0,20.0,19.0,25.0,18.0,18.0,19.0,18.0,19.0,23.0,19.0,20.0,19.0,34.0,19.0,19.0,18.0,19.0,19.0,19.0,19.0,18.0,19.0,18.0,19.0,18.0,18.0,19.0,18.0,19.0,18.0,18.0,18.0,34.0,19.0,19.0,18.0,19.0,19.0,18.0,24.0,19.0
video_recv_googJitterBufferMs,0.0,0.0,17.0,24.0,24.0,25.0,24.0,24.0,24.0,23.0,23.0,22.0,23.0,30.0,30.0,30.0,29.0,29.0,29.0,28.0,28.0,27.0,27.0,32.0,31.0,31.0,31.0,42.0,41.0,40.0,41.0,40.0,40.0,40.0,40.0,40.0,39.0,39.0,39.0,38.0,38.0,38.0,38.0,37.0,37.0,37.0,36.0,43.0,39.0,37.0,37.0,36.0,35.0,36.0,36.0,36.0,35.0,35.0,34.0,34.0,34.0,33.0,32.0,35.0,34.0,34.0,34.0,33.0,33.0,33.0,32.0,32.0,40.0,39.0,39.0,39.0,38.0,38.0,38.0,38.0,38.0,38.0,38.0,38.0,37.0,37.0,37.0,37.0,37.0,37.0,36.0,36.0,36.0,36.0,36.0,-1,-1,-1,-1,28.0,14.0,33.0,33.0,31.0,28.0,28.0,27.0,28.0,29.0,29.0,29.0,31.0,31.0,30.0,29.0,29.0,30.0,29.0,30.0,30.0,30.0,31.0,31.0,31.0,30.0,30.0,30.0,30.0,30.0,29.0,30.0,32.0,32.0,41.0,40.0,40.0,40.0,40.0,39.0,38.0,39.0,38.0,38.0,38.0,37.0,37.0,37.0,38.0,37.0,36.0,36.0,35.0,35.0,35.0,35.0,35.0,35.0,35.0,34.0,34.0,34.0,35.0,35.0,34.0,34.0,34.0,34.0,34.0,33.0,33.0,33.0,33.0,33.0,32.0,32.0,32.0,32.0,32.0,31.0,31.0,31.0,31.0,31.0,46.0,45.0,45.0,44.0,44.0,43.0,43.0,43.0,42.0
video_recv_googPlisSent,0.0,0.0,0.0,0.0,0.0,0.0,0.0,0.0,0.0,0.0,0.0,0.0,0.0,0.0,0.0,0.0,0.0,0.0,0.0,0.0,0.0,0.0,0.0,0.0,0.0,0.0,0.0,0.0,0.0,0.0,0.0,0.0,0.0,0.0,0.0,0.0,0.0,0.0,0.0,0.0,0.0,0.0,0.0,0.0,0.0,0.0,0.0,0.0,0.0,0.0,0.0,0.0,0.0,0.0,0.0,0.0,0.0,0.0,0.0,0.0,0.0,0.0,0.0,0.0,0.0,0.0,0.0,0.0,0.0,0.0,0.0,0.0,0.0,0.0,0.0,0.0,0.0,0.0,0.0,0.0,0.0,0.0,0.0,0.0,0.0,0.0,0.0,0.0,0.0,0.0,0.0,0.0,0.0,0.0,0.0,-1,-1,-1,-1,0.0,0.0,0.0,0.0,0.0,0.0,0.0,0.0,0.0,0.0,0.0,0.0,0.0,0.0,0.0,0.0,0.0,0.0,0.0,0.0,0.0,0.0,0.0,0.0,0.0,0.0,0.0,0.0,0.0,0.0,0.0,0.0,0.0,0.0,0.0,0.0,0.0,0.0,0.0,0.0,0.0,0.0,0.0,0.0,0.0,0.0,0.0,0.0,0.0,0.0,0.0,0.0,0.0,0.0,0.0,0.0,0.0,0.0,0.0,0.0,0.0,0.0,0.0,0.0,0.0,0.0,0.0,0.0,0.0,0.0,0.0,0.0,0.0,0.0,0.0,0.0,0.0,0.0,0.0,0.0,0.0,0.0,0.0,0.0,0.0,0.0,0.0,0.0,0.0,0.0,0.0,0.0,0.0
video_send_bitsSentPerSecond,0.0,0.0,442264.0,1953088.0,2347264.0,2399192.0,2466912.0,2582344.0,2574784.0,2557768.0,2660128.0,2514712.0,2578053.946053946,2616464.0,2568439.5604395606,2581317.3173173172,2437104.0,2562770.770770771,2604200.0,2529558.4415584416,2620436.4364364366,2524812.8128128126,2559352.6473526475,2640624.0,2427736.526946108,2562658.6586586586,2574576.0,2584944.0,2595176.0,2485573.5735735735,2641326.6733266735,2536288.2882882883,2611896.0,2623536.0,2563604.395604396,2208312.3123123124,2021656.0,2088160.0,2081592.0,2005408.0,2034744.0,2048104.0,2093360.0,2104992.0,2059672.0,2036440.0,2030648.0,2065024.0,2057230.7692307692,1971146.2450592886,2095570.850202429,2039256.7432567433,2074019.9600798404,2065800.0,2057170.3406813627,2041250.9960159364,2022997.995991984,2087510.0401606425,2046899.302093719,2004521.0420841684,2067824.0,2021328.0159521436,2102028.0561122242,2037418.5814185813,2053861.8618618618,2057756.487025948,2011450.3510531595,2102448.0,2066568.0,2007975.9519038077,2079536.9261477045,2046936.0,2089129.1291291292,2007968.031968032,2033544.0,2092248.0,2006958.958958959,2093010.989010989,2055448.0,1999688.0,2092412.4124124125,2034997.002997003,2093466.5334665335,1969282.5651302605,2089190.8091908093,2174264.0,1954826.826826827,2070352.0,2031680.3196803196,1999535.5355355355,2091332.6673326674,2006248.0,2103392.0,1975856.0,2087144.0,0.0,0.0,0.0,0.0,153311.87122736417,1526584.4930417496,2238040.8163265307,2098412.147505423,2618000.0,2479344.0,2444800.0,2574785.214785215,2836284.2842842843,2709544.0,2633832.0,2572464.0,2584240.0,2510200.0,2575392.0,2613096.0,2367368.0,2595368.0,2655192.0,2597856.0,2535904.0,2484896.0,2522149.8501498504,2642954.954954955,2495536.9261477045,2397250.501002004,2021504.0,2241728.0,2195548.4515484516,2062870.8708708708,2081192.0,2115312.0,1981608.0,2049824.0,2085352.0,2054360.0,2039912.0,2041376.0,2074440.0,2023832.0,2049168.0,2098576.0,1998944.0,2035808.0,2057182.8171828173,2058378.3783783785,2030088.0,2450704.0,2524792.0,2496048.0,2697886.1138861137,2694664.0,2437381.3813813813,2590328.0,2535272.0,2485512.0,2705384.0,2584488.0,2599840.15984016,2359871.871871872,2363992.0,2659748.2517482517,2409672.0,2593840.0,2656512.0,2501808.0,2704119.4029850746,2629097.487437186,2570368.0,2529961.961961962,2620379.62037962,1955582.9195630585,2058311.2840466925,2102235.976789168,2085083.0889540566,2051370.7370737074,2069763.5270541082,1993848.0,2055520.0,2079624.0,2027172.8271728272,2128648.0,2034696.0,2021989.98998999,2079120.0,2027380.6193806194,2061933.933933934,2032336.0,2086744.0,2057488.0,2039440.0,2071568.0,2079992.007992008
video_send_packetsLost,0.0,0.0,0.0,0.0,0.0,0.0,0.0,0.0,0.0,0.0,0.0,0.0,0.0,0.0,0.0,0.0,0.0,0.0,0.0,0.0,0.0,0.0,0.0,0.0,0.0,0.0,0.0,0.0,0.0,0.0,0.0,0.0,0.0,0.0,0.0,0.0,0.0,0.0,0.0,0.0,0.0,0.0,0.0,0.0,0.0,0.0,0.0,0.0,0.0,0.0,0.0,0.0,0.0,0.0,0.0,0.0,0.0,0.0,0.0,0.0,0.0,0.0,0.0,0.0,0.0,0.0,0.0,0.0,0.0,0.0,0.0,0.0,0.0,0.0,0.0,0.0,0.0,0.0,0.0,0.0,0.0,0.0,0.0,0.0,0.0,0.0,0.0,0.0,0.0,0.0,0.0,0.0,0.0,0.0,0.0,0.0,0.0,0.0,0.0,0.0,0.0,0.0,0.0,0.0,0.0,0.0,0.0,0.0,0.0,0.0,0.0,0.0,0.0,0.0,0.0,0.0,0.0,0.0,0.0,0.0,0.0,0.0,0.0,0.0,0.0,0.0,0.0,0.0,0.0,0.0,0.0,0.0,0.0,0.0,0.0,0.0,0.0,0.0,0.0,0.0,0.0,0.0,0.0,0.0,0.0,0.0,0.0,0.0,0.0,0.0,0.0,0.0,0.0,0.0,0.0,0.0,0.0,0.0,0.0,0.0,0.0,0.0,0.0,0.0,0.0,0.0,0.0,0.0,0.0,0.0,0.0,0.0,0.0,0.0,0.0,0.0,0.0,0.0,0.0,0.0,0.0,0.0,0.0,0.0,0.0,0.0,0.0,0.0,0.0,0.0,0.0,0.0
video_send_packetsSentPerSecond,0.0,0.0,58.0,236.0,283.0,291.0,297.0,301.0,304.0,302.0,310.0,301.0,299.7002997002997,307.0,306.6933066933067,307.3073073073073,294.0,298.2982982982983,305.0,295.7042957042957,312.3123123123123,302.3023023023023,303.6963036963037,309.0,290.4191616766467,304.3043043043043,304.0,303.0,303.0,294.2942942942943,310.6893106893107,303.3033033033033,310.0,308.0,305.6943056943057,265.26526526526527,240.0,252.0,248.0,243.0,246.0,247.0,254.0,256.0,248.0,247.0,245.0,248.0,244.75524475524475,238.14229249011856,254.04858299595142,246.75324675324674,246.50698602794412,254.0,250.50100200400803,245.0199203187251,246.49298597194388,248.99598393574297,243.2701894317049,242.48496993987976,248.0,246.26121635094717,255.51102204408818,250.74925074925076,250.25025025025025,243.5129740518962,242.72818455366098,253.0,244.0,243.4869739478958,252.49500998003992,249.0,254.25425425425425,242.75724275724275,249.0,250.0,248.24824824824825,249.75024975024974,245.0,242.0,252.25225225225225,248.75124875124874,254.74525474525475,239.47895791583167,253.74625374625376,261.0,237.23723723723722,250.0,241.75824175824175,241.24124124124126,251.74825174825176,248.0,258.0,240.0,252.0,0.0,0.0,0.0,0.0,18.10865191146881,185.88469184890656,268.08905380333954,252.7114967462039,304.0,293.0,288.0,302.6973026973027,334.33433433433436,316.0,309.0,304.0,309.0,298.0,299.0,309.0,278.0,308.0,312.0,305.0,302.0,289.0,297.7022977022977,314.3143143143143,295.40918163672654,283.5671342685371,248.0,271.0,265.73426573426576,253.25325325325326,251.0,252.0,242.0,248.0,253.0,248.0,244.0,248.0,253.0,245.0,246.0,250.0,244.0,250.0,248.75124875124874,245.24524524524526,246.0,292.0,298.0,296.0,318.68131868131866,319.0,293.2932932932933,306.0,295.0,288.0,315.0,305.0,309.6903096903097,282.28228228228227,277.0,310.6893106893107,283.0,307.0,315.0,298.0,321.39303482587064,310.5527638190955,306.0,299.2992992992993,310.6893106893107,237.33862959285005,249.0272373540856,253.38491295938104,247.31182795698925,245.32453245324533,244.48897795591182,245.0,250.0,253.0,246.75324675324674,257.0,245.0,244.24424424424424,247.0,246.75324675324674,246.24624624624624,246.0,254.0,255.0,250.0,251.0,250.74925074925076
video_send_googEncodeUsagePercent,0.0,0.0,0.0,64.0,64.0,64.0,66.0,68.0,69.0,71.0,70.0,70.0,70.0,69.0,69.0,69.0,69.0,73.0,77.0,77.0,78.0,78.0,79.0,80.0,80.0,84.0,86.0,89.0,90.0,90.0,93.0,95.0,95.0,94.0,93.0,92.0,64.0,64.0,58.0,55.0,52.0,50.0,48.0,46.0,45.0,44.0,43.0,42.0,42.0,42.0,42.0,42.0,42.0,43.0,42.0,42.0,43.0,43.0,44.0,44.0,44.0,44.0,44.0,44.0,44.0,45.0,45.0,45.0,45.0,45.0,45.0,45.0,45.0,45.0,44.0,45.0,45.0,45.0,45.0,46.0,46.0,46.0,46.0,46.0,45.0,46.0,46.0,47.0,47.0,48.0,48.0,48.0,48.0,48.0,47.0,0.0,0.0,0.0,0.0,0.0,64.0,64.0,64.0,68.0,69.0,71.0,74.0,74.0,75.0,75.0,75.0,75.0,75.0,78.0,79.0,82.0,86.0,87.0,87.0,89.0,89.0,93.0,93.0,92.0,95.0,95.0,64.0,64.0,56.0,53.0,51.0,49.0,48.0,46.0,45.0,44.0,44.0,43.0,42.0,42.0,41.0,41.0,41.0,41.0,41.0,41.0,64.0,64.0,68.0,68.0,70.0,69.0,71.0,71.0,72.0,74.0,77.0,78.0,78.0,80.0,83.0,85.0,89.0,91.0,93.0,97.0,98.0,99.0,102.0,103.0,103.0,64.0,60.0,58.0,56.0,54.0,52.0,50.0,48.0,47.0,46.0,45.0,44.0,44.0,43.0,43.0,43.0,43.0,42.0,42.0,43.0,43.0
video_send_googFrameHeightSent,0.0,0.0,720.0,720.0,720.0,720.0,720.0,720.0,720.0,720.0,720.0,720.0,720.0,720.0,720.0,720.0,720.0,720.0,720.0,720.0,720.0,720.0,720.0,720.0,720.0,720.0,720.0,720.0,720.0,720.0,720.0,720.0,720.0,720.0,720.0,540.0,540.0,540.0,540.0,540.0,540.0,540.0,540.0,540.0,540.0,540.0,540.0,540.0,540.0,540.0,540.0,540.0,540.0,540.0,540.0,540.0,540.0,540.0,540.0,540.0,540.0,540.0,540.0,540.0,540.0,540.0,540.0,540.0,540.0,540.0,540.0,540.0,540.0,540.0,540.0,540.0,540.0,540.0,540.0,540.0,540.0,540.0,540.0,540.0,540.0,540.0,540.0,540.0,540.0,540.0,540.0,540.0,540.0,540.0,540.0,0.0,0.0,0.0,0.0,720.0,720.0,720.0,720.0,720.0,720.0,720.0,720.0,720.0,720.0,720.0,720.0,720.0,720.0,720.0,720.0,720.0,720.0,720.0,720.0,720.0,720.0,720.0,720.0,720.0,720.0,540.0,540.0,540.0,540.0,540.0,540.0,540.0,540.0,540.0,540.0,540.0,540.0,540.0,540.0,540.0,540.0,540.0,540.0,540.0,540.0,720.0,720.0,720.0,720.0,720.0,720.0,720.0,720.0,720.0,720.0,720.0,720.0,720.0,720.0,720.0,720.0,720.0,720.0,720.0,720.0,720.0,720.0,720.0,720.0,720.0,540.0,540.0,540.0,540.0,540.0,540.0,540.0,540.0,540.0,540.0,540.0,540.0,540.0,540.0,540.0,540.0,540.0,540.0,540.0,540.0,540.0,540.0
video_send_googFrameRateSent,0.0,0.0,15.0,59.0,60.0,58.0,59.0,58.0,59.0,60.0,61.0,61.0,60.0,60.0,60.0,61.0,57.0,59.0,59.0,60.0,60.0,60.0,60.0,60.0,56.0,61.0,59.0,60.0,60.0,58.0,60.0,60.0,60.0,59.0,59.0,60.0,60.0,60.0,60.0,60.0,60.0,60.0,60.0,60.0,60.0,60.0,60.0,60.0,60.0,60.0,60.0,60.0,60.0,60.0,60.0,60.0,60.0,60.0,60.0,60.0,60.0,60.0,60.0,60.0,60.0,59.0,60.0,60.0,60.0,60.0,60.0,60.0,60.0,60.0,60.0,60.0,60.0,60.0,60.0,60.0,60.0,60.0,60.0,60.0,60.0,60.0,60.0,60.0,60.0,60.0,60.0,60.0,60.0,60.0,60.0,0.0,0.0,0.0,0.0,47.0,50.0,59.0,55.0,59.0,56.0,54.0,58.0,60.0,61.0,61.0,59.0,61.0,58.0,59.0,60.0,56.0,58.0,61.0,59.0,58.0,56.0,59.0,59.0,56.0,54.0,59.0,60.0,60.0,60.0,60.0,60.0,60.0,60.0,60.0,60.0,60.0,60.0,60.0,60.0,60.0,60.0,60.0,61.0,61.0,60.0,58.0,59.0,56.0,58.0,60.0,60.0,58.0,60.0,58.0,57.0,61.0,61.0,60.0,56.0,54.0,56.0,53.0,57.0,56.0,54.0,58.0,58.0,57.0,57.0,60.0,60.0,59.0,60.0,60.0,60.0,60.0,61.0,61.0,61.0,61.0,61.0,61.0,61.0,61.0,61.0,61.0,61.0,61.0,61.0,61.0,61.0,61.0
video_send_googFrameWidthSent,0.0,0.0,1280.0,1280.0,1280.0,1280.0,1280.0,1280.0,1280.0,1280.0,1280.0,1280.0,1280.0,1280.0,1280.0,1280.0,1280.0,1280.0,1280.0,1280.0,1280.0,1280.0,1280.0,1280.0,1280.0,1280.0,1280.0,1280.0,1280.0,1280.0,1280.0,1280.0,1280.0,1280.0,1280.0,960.0,960.0,960.0,960.0,960.0,960.0,960.0,960.0,960.0,960.0,960.0,960.0,960.0,960.0,960.0,960.0,960.0,960.0,960.0,960.0,960.0,960.0,960.0,960.0,960.0,960.0,960.0,960.0,960.0,960.0,960.0,960.0,960.0,960.0,960.0,960.0,960.0,960.0,960.0,960.0,960.0,960.0,960.0,960.0,960.0,960.0,960.0,960.0,960.0,960.0,960.0,960.0,960.0,960.0,960.0,960.0,960.0,960.0,960.0,960.0,0.0,0.0,0.0,0.0,1280.0,1280.0,1280.0,1280.0,1280.0,1280.0,1280.0,1280.0,1280.0,1280.0,1280.0,1280.0,1280.0,1280.0,1280.0,1280.0,1280.0,1280.0,1280.0,1280.0,1280.0,1280.0,1280.0,1280.0,1280.0,1280.0,960.0,960.0,960.0,960.0,960.0,960.0,960.0,960.0,960.0,960.0,960.0,960.0,960.0,960.0,960.0,960.0,960.0,960.0,960.0,960.0,1280.0,1280.0,1280.0,1280.0,1280.0,1280.0,1280.0,1280.0,1280.0,1280.0,1280.0,1280.0,1280.0,1280.0,1280.0,1280.0,1280.0,1280.0,1280.0,1280.0,1280.0,1280.0,1280.0,1280.0,1280.0,960.0,960.0,960.0,960.0,960.0,960.0,960.0,960.0,960.0,960.0,960.0,960.0,960.0,960.0,960.0,960.0,960.0,960.0,960.0,960.0,960.0,960.0
video_send_googRtt,0.0,0.0,0.0,0.0,1.0,2.0,2.0,4.0,0.0,6.0,5.0,5.0,8.0,6.0,4.0,5.0,3.0,4.0,0.0,5.0,0.0,6.0,4.0,3.0,4.0,4.0,4.0,4.0,4.0,4.0,3.0,0.0,3.0,2.0,2.0,2.0,2.0,2.0,1.0,3.0,2.0,1.0,0.0,10.0,7.0,6.0,8.0,6.0,0.0,1.0,1.0,3.0,2.0,2.0,4.0,3.0,2.0,0.0,8.0,7.0,5.0,4.0,4.0,0.0,2.0,2.0,2.0,2.0,2.0,4.0,0.0,2.0,2.0,2.0,0.0,11.0,8.0,6.0,5.0,3.0,3.0,2.0,0.0,1.0,2.0,2.0,2.0,2.0,1.0,1.0,2.0,2.0,1.0,2.0,3.0,0.0,0.0,0.0,0.0,0.0,0.0,0.0,3.0,2.0,0.0,10.0,7.0,0.0,3.0,3.0,3.0,3.0,2.0,1.0,1.0,0.0,5.0,6.0,0.0,4.0,4.0,3.0,3.0,3.0,2.0,1.0,1.0,1.0,2.0,0.0,9.0,7.0,5.0,5.0,3.0,2.0,2.0,0.0,1.0,2.0,2.0,3.0,4.0,3.0,3.0,2.0,1.0,1.0,1.0,1.0,1.0,1.0,2.0,3.0,2.0,2.0,2.0,2.0,2.0,0.0,5.0,4.0,0.0,3.0,3.0,3.0,3.0,4.0,3.0,3.0,0.0,4.0,5.0,4.0,3.0,2.0,1.0,0.0,1.0,1.0,1.0,1.0,1.0,1.0,0.0,1.0,1.0,1.0,1.0,1.0,0.0,1.0
audio_send_packetsLost,-1,-1,-1,-1,-1,0.0,0.0,0.0,0.0,0.0,0.0,0.0,0.0,0.0,0.0,0.0,0.0,0.0,0.0,0.0,0.0,0.0,0.0,0.0,0.0,0.0,0.0,0.0,0.0,0.0,0.0,0.0,0.0,0.0,0.0,0.0,0.0,0.0,0.0,0.0,0.0,0.0,0.0,0.0,0.0,0.0,0.0,0.0,0.0,0.0,0.0,0.0,0.0,0.0,0.0,0.0,0.0,0.0,0.0,0.0,0.0,0.0,0.0,0.0,0.0,0.0,0.0,0.0,0.0,0.0,0.0,0.0,0.0,0.0,0.0,0.0,0.0,0.0,0.0,0.0,0.0,0.0,0.0,0.0,0.0,0.0,0.0,0.0,0.0,0.0,0.0,0.0,0.0,0.0,0.0,-1,-1,-1,-1,-1,-1,-1,0.0,0.0,0.0,0.0,0.0,0.0,0.0,0.0,0.0,0.0,0.0,0.0,0.0,0.0,0.0,0.0,0.0,0.0,0.0,0.0,0.0,0.0,0.0,0.0,0.0,0.0,0.0,0.0,0.0,0.0,0.0,0.0,0.0,0.0,0.0,0.0,0.0,0.0,0.0,0.0,0.0,0.0,0.0,0.0,0.0,0.0,0.0,0.0,0.0,0.0,0.0,0.0,0.0,0.0,0.0,0.0,0.0,0.0,0.0,0.0,0.0,0.0,0.0,0.0,0.0,0.0,0.0,0.0,0.0,0.0,0.0,0.0,0.0,0.0,0.0,0.0,0.0,0.0,0.0,0.0,0.0,0.0,0.0,0.0,0.0,0.0,0.0,0.0,0.0,0.0
audio_send_googJitterReceived,-1,-1,-1,-1,-1,1.0,1.0,1.0,1.0,1.0,1.0,1.0,1.0,1.0,1.0,1.0,1.0,1.0,1.0,1.0,1.0,1.0,1.0,1.0,1.0,1.0,1.0,1.0,1.0,1.0,1.0,1.0,1.0,1.0,1.0,1.0,1.0,1.0,1.0,1.0,1.0,1.0,1.0,1.0,1.0,1.0,1.0,1.0,1.0,1.0,1.0,1.0,1.0,1.0,1.0,1.0,1.0,2.0,2.0,2.0,2.0,2.0,2.0,2.0,1.0,1.0,1.0,1.0,1.0,1.0,1.0,1.0,1.0,1.0,1.0,1.0,1.0,1.0,1.0,1.0,1.0,1.0,1.0,1.0,1.0,1.0,1.0,1.0,1.0,1.0,1.0,1.0,1.0,2.0,2.0,-1,-1,-1,-1,-1,-1,-1,1.0,1.0,1.0,2.0,2.0,2.0,2.0,2.0,2.0,2.0,2.0,2.0,2.0,2.0,2.0,2.0,2.0,2.0,2.0,2.0,2.0,2.0,1.0,1.0,1.0,1.0,1.0,1.0,2.0,2.0,2.0,2.0,2.0,2.0,2.0,2.0,2.0,2.0,2.0,1.0,1.0,1.0,1.0,1.0,1.0,2.0,2.0,2.0,2.0,2.0,2.0,2.0,2.0,2.0,2.0,2.0,2.0,2.0,4.0,4.0,4.0,4.0,2.0,2.0,2.0,2.0,2.0,2.0,2.0,2.0,2.0,2.0,2.0,1.0,1.0,1.0,1.0,2.0,2.0,2.0,2.0,2.0,2.0,2.0,2.0,2.0,2.0,2.0,2.0,2.0
audio_send_googRtt,-1,-1,-1,-1,-1,2.0,2.0,2.0,1.0,1.0,1.0,1.0,1.0,1.0,1.0,1.0,1.0,1.0,1.0,1.0,1.0,1.0,1.0,1.0,1.0,1.0,1.0,1.0,7.0,7.0,7.0,7.0,7.0,7.0,7.0,5.0,5.0,5.0,5.0,5.0,5.0,5.0,2.0,2.0,2.0,2.0,2.0,2.0,1.0,1.0,1.0,1.0,5.0,5.0,5.0,5.0,5.0,7.0,7.0,7.0,2.0,2.0,2.0,2.0,4.0,4.0,4.0,4.0,9.0,9.0,9.0,9.0,9.0,9.0,9.0,2.0,2.0,2.0,2.0,6.0,6.0,6.0,6.0,6.0,6.0,2.0,2.0,2.0,2.0,2.0,2.0,2.0,2.0,12.0,12.0,-1,-1,-1,-1,-1,-1,-1,-1,-1,-1,1.0,1.0,1.0,1.0,1.0,1.0,1.0,1.0,1.0,1.0,1.0,17.0,17.0,17.0,17.0,17.0,17.0,5.0,5.0,2.0,2.0,2.0,8.0,8.0,8.0,3.0,3.0,3.0,1.0,1.0,1.0,1.0,2.0,2.0,2.0,2.0,9.0,9.0,9.0,9.0,9.0,9.0,2.0,2.0,2.0,2.0,2.0,2.0,2.0,5.0,5.0,5.0,5.0,5.0,5.0,2.0,2.0,2.0,2.0,4.0,4.0,4.0,4.0,4.0,4.0,4.0,8.0,8.0,8.0,8.0,2.0,2.0,2.0,2.0,3.0,3.0,3.0,3.0,3.0,3.0,3.0,5.0,5.0,5.0,5.0,5.0,5.0
video_recv_resolutionChangesReceived,0,0,1,1,1,1,1,1,1,1,1,1,1,1,1,1,1,1,1,1,1,1,1,1,1,1,1,2,2,2,2,2,2,2,2,2,2,2,2,2,2,2,2,2,2,2,2,3,3,3,3,3,3,3,3,3,3,3,3,3,3,3,3,3,3,3,3,3,3,3,3,3,4,4,4,4,4,4,4,4,4,4,4,4,4,4,4,4,4,4,4,4,4,4,4,0,0,0,0,1,1,1,1,1,1,1,1,1,1,1,1,1,1,1,1,1,1,1,1,1,1,1,1,1,1,1,1,1,1,1,1,1,1,2,2,2,2,2,2,2,2,2,2,2,2,2,2,2,2,2,2,2,2,2,2,2,2,2,2,2,2,2,2,2,2,2,2,2,2,2,2,2,2,2,2,2,2,2,2,2,2,2,2,2,2,2,2,2,2,2,2,2
video_send_resolutionChangesSent,0,0,1,1,1,1,1,1,1,1,1,1,1,1,1,1,1,1,1,1,1,1,1,1,1,1,1,1,1,1,1,1,1,1,1,2,2,2,2,2,2,2,2,2,2,2,2,2,2,2,2,2,2,2,2,2,2,2,2,2,2,2,2,2,2,2,2,2,2,2,2,2,2,2,2,2,2,2,2,2,2,2,2,2,2,2,2,2,2,2,2,2,2,2,2,0,0,0,0,1,1,1,1,1,1,1,1,1,1,1,1,1,1,1,1,1,1,1,1,1,1,1,1,1,1,2,2,2,2,2,2,2,2,2,2,2,2,2,2,2,2,2,2,2,2,3,3,3,3,3,3,3,3,3,3,3,3,3,3,3,3,3,3,3,3,3,3,3,3,3,4,4,4,4,4,4,4,4,4,4,4,4,4,4,4,4,4,4,4,4,4,4
1_way_delay_audio_send,-0.5,-0.5,-0.5,-0.5,-0.5,1.0,1.0,1.0,0.5,0.5,0.5,0.5,0.5,0.5,0.5,0.5,0.5,0.5,0.5,0.5,0.5,0.5,0.5,0.5,0.5,0.5,0.5,0.5,3.5,3.5,3.5,3.5,3.5,3.5,3.5,2.5,2.5,2.5,2.5,2.5,2.5,2.5,1.0,1.0,1.0,1.0,1.0,1.0,0.5,0.5,0.5,0.5,2.5,2.5,2.5,2.5,2.5,3.5,3.5,3.5,1.0,1.0,1.0,1.0,2.0,2.0,2.0,2.0,4.5,4.5,4.5,4.5,4.5,4.5,4.5,1.0,1.0,1.0,1.0,3.0,3.0,3.0,3.0,3.0,3.0,1.0,1.0,1.0,1.0,1.0,1.0,1.0,1.0,6.0,6.0,-0.5,-0.5,-0.5,-0.5,-0.5,-0.5,-0.5,-0.5,-0.5,-0.5,0.5,0.5,0.5,0.5,0.5,0.5,0.5,0.5,0.5,0.5,0.5,8.5,8.5,8.5,8.5,8.5,8.5,2.5,2.5,1.0,1.0,1.0,4.0,4.0,4.0,1.5,1.5,1.5,0.5,0.5,0.5,0.5,1.0,1.0,1.0,1.0,4.5,4.5,4.5,4.5,4.5,4.5,1.0,1.0,1.0,1.0,1.0,1.0,1.0,2.5,2.5,2.5,2.5,2.5,2.5,1.0,1.0,1.0,1.0,2.0,2.0,2.0,2.0,2.0,2.0,2.0,4.0,4.0,4.0,4.0,1.0,1.0,1.0,1.0,1.5,1.5,1.5,1.5,1.5,1.5,1.5,2.5,2.5,2.5,2.5,2.5,2.5
1_way_delay_video_send,0.0,0.0,0.0,0.0,0.5,1.0,1.0,2.0,0.0,3.0,2.5,2.5,4.0,3.0,2.0,2.5,1.5,2.0,0.0,2.5,0.0,3.0,2.0,1.5,2.0,2.0,2.0,2.0,2.0,2.0,1.5,0.0,1.5,1.0,1.0,1.0,1.0,1.0,0.5,1.5,1.0,0.5,0.0,5.0,3.5,3.0,4.0,3.0,0.0,0.5,0.5,1.5,1.0,1.0,2.0,1.5,1.0,0.0,4.0,3.5,2.5,2.0,2.0,0.0,1.0,1.0,1.0,1.0,1.0,2.0,0.0,1.0,1.0,1.0,0.0,5.5,4.0,3.0,2.5,1.5,1.5,1.0,0.0,0.5,1.0,1.0,1.0,1.0,0.5,0.5,1.0,1.0,0.5,1.0,1.5,0.0,0.0,0.0,0.0,0.0,0.0,0.0,1.5,1.0,0.0,5.0,3.5,0.0,1.5,1.5,1.5,1.5,1.0,0.5,0.5,0.0,2.5,3.0,0.0,2.0,2.0,1.5,1.5,1.5,1.0,0.5,0.5,0.5,1.0,0.0,4.5,3.5,2.5,2.5,1.5,1.0,1.0,0.0,0.5,1.0,1.0,1.5,2.0,1.5,1.5,1.0,0.5,0.5,0.5,0.5,0.5,0.5,1.0,1.5,1.0,1.0,1.0,1.0,1.0,0.0,2.5,2.0,0.0,1.5,1.5,1.5,1.5,2.0,1.5,1.5,0.0,2.0,2.5,2.0,1.5,1.0,0.5,0.0,0.5,0.5,0.5,0.5,0.5,0.5,0.0,0.5,0.5,0.5,0.5,0.5,0.0,0.5
ear_ear_delay_audio_send,-1.5,-1.5,-1.5,-1.5,29.5,44.0,39.0,39.0,38.5,38.5,38.5,38.5,38.5,38.5,38.5,38.5,38.5,38.5,38.5,38.5,38.5,38.5,38.5,38.5,38.5,38.5,38.5,38.5,31.5,41.5,41.5,41.5,41.5,41.5,41.5,40.5,40.5,40.5,40.5,40.5,40.5,40.5,39.0,39.0,39.0,39.0,39.0,39.0,38.5,38.5,38.5,38.5,40.5,40.5,40.5,40.5,40.5,41.5,41.5,41.5,39.0,39.0,29.0,39.0,40.0,40.0,30.0,40.0,32.5,42.5,42.5,32.5,32.5,42.5,32.5,49.0,29.0,49.0,39.0,31.0,41.0,41.0,41.0,41.0,41.0,39.0,39.0,39.0,39.0,39.0,39.0,39.0,39.0,44.0,44.0,-0.5,-0.5,48.5,58.5,48.5,48.5,48.5,48.5,48.5,48.5,49.5,49.5,49.5,49.5,49.5,49.5,34.5,29.5,39.5,29.5,39.5,47.5,37.5,47.5,37.5,37.5,37.5,31.5,31.5,30.0,30.0,40.0,43.0,43.0,33.0,40.5,40.5,30.5,39.5,29.5,39.5,39.5,40.0,40.0,30.0,30.0,33.5,33.5,33.5,23.5,33.5,33.5,30.0,30.0,30.0,30.0,30.0,40.0,30.0,31.5,31.5,31.5,31.5,31.5,31.5,30.0,30.0,30.0,30.0,41.0,31.0,31.0,31.0,31.0,31.0,31.0,43.0,33.0,33.0,33.0,40.0,30.0,30.0,40.0,30.5,30.5,40.5,30.5,30.5,40.5,30.5,31.5,31.5,31.5,31.5
audio_recv_kbitsReceivedPerSecond,0,0,11,23,23,24,17,16,15,15,15,15,15,15,15,15,15,15,15,15,15,15,15,15,15,15,15,15,15,15,15,15,16,15,15,15,18,22,16,16,16,16,16,16,16,16,16,16,16,16,16,16,16,16,16,16,16,16,16,16,16,16,16,16,16,16,16,16,16,16,16,16,16,16,16,16,16,16,16,16,16,16,16,16,16,16,16,16,16,16,16,16,16,16,16,0,0,0,0,0,24,23,23,23,23,22,23,23,23,23,22,23,23,23,22,22,23,23,23,22,23,23,23,23,23,23,23,23,23,23,23,23,23,23,23,23,23,23,23,22,22,22,23,23,23,23,23,22,22,23,22,22,23,23,22,22,22,22,22,22,22,22,22,22,22,22,22,22,22,22,22,22,22,22,22,22,22,22,22,22,22,22,22,22,22,22,22,22,25,39,39,39
video_recv_kbitsReceivedPerSecond,0,0,324,1878,2211,2162,2512,2381,2457,2596,2641,2700,2543,2512,2525,2467,2531,2468,2345,2575,2577,2513,2492,2363,2565,2561,2359,2123,2167,2213,2040,2086,1956,2057,2033,1964,2040,2010,1953,2034,1971,2044,1925,2039,2046,1949,2049,1750,2274,2518,2350,2530,2566,2615,2432,2519,2457,2504,2561,2570,2433,2336,2353,2552,2428,2521,2560,2454,2634,2612,2437,2562,2247,2003,2058,2014,2051,2028,1988,1972,2014,2040,1947,2072,1972,1976,2054,1996,1975,2026,2001,2027,1948,2055,1962,0,0,0,0,0,1455,2278,2289,2441,2470,2508,2558,2547,2504,2550,2431,2569,2510,2376,2494,2539,2531,2514,2503,2516,2473,2474,2463,2525,2523,2548,2421,2518,2494,2615,2473,2554,2420,1798,2051,2058,1985,1935,2055,2045,1952,2074,1974,1976,2051,1999,1974,2019,2000,2026,1951,2061,1937,1998,2042,2007,1977,2006,2005,1999,1976,2085,1927,1971,2058,2046,1980,1982,2030,2012,1981,2053,1925,2007,2027,2005,1981,2016,2022,2014,1966,2063,1916,2062,1988,2010,1967,2008,2010,1991,2010,2049
audio_packet_loss_percentage_send,0.0,0.0,0.0,2.0,0.0,0.0,0.0,0.0,0.0,0.0,0.0,0.0,0.0,0.0,0.0,0.0,0.0,0.0,0.0,0.0,0.0,0.0,0.0,0.0,0.0,0.0,0.0,0.0,0.0,0.0,0.0,0.0,0.0,0.0,0.0,0.0,0.0,0.0,0.0,0.0,0.0,0.0,0.0,0.0,0.0,0.0,0.0,0.0,0.0,0.0,0.0,0.0,0.0,0.0,0.0,0.0,0.0,0.0,0.0,0.0,0.0,0.0,0.0,0.0,0.0,0.0,0.0,0.0,0.0,0.0,0.0,0.0,0.0,0.0,0.0,0.0,0.0,0.0,0.0,0.0,0.0,0.0,0.0,0.0,0.0,0.0,0.0,0.0,0.0,0.0,0.0,0.0,0.0,0.0,0.0,1.9617021276595745,0.0,0.0,0.0,0.0,0.0,0.0,0.0,0.0,0.0,0.0,0.0,0.0,0.0,0.0,0.0,0.0,0.0,0.0,0.0,0.0,0.0,0.0,0.0,0.0,0.0,0.0,0.0,0.0,0.0,0.0,0.0,0.0,0.0,0.0,0.0,0.0,0.0,0.0,0.0,0.0,0.0,0.0,0.0,0.0,0.0,0.0,0.0,0.0,0.0,0.0,0.0,0.0,0.0,0.0,0.0,0.0,0.0,0.0,0.0,0.0,0.0,0.0,0.0,0.0,0.0,0.0,0.0,0.0,0.0,0.0,0.0,0.0,0.0,0.0,0.0,0.0,0.0,0.0,0.0,0.0,0.0,0.0,0.0,0.0,0.0,0.0,0.0,0.0
e_model_audio_send,93.492,92.54992118111461,93.264,93.264,93.276,93.276,93.276,93.276,93.276,93.276,93.276,93.276,93.276,93.276,93.276,93.276,93.276,93.276,93.276,93.276,93.276,93.276,93.276,93.276,93.444,93.20400000000001,93.20400000000001,93.20400000000001,93.20400000000001,93.20400000000001,93.20400000000001,93.22800000000001,93.22800000000001,93.22800000000001,93.22800000000001,93.22800000000001,93.22800000000001,93.22800000000001,93.264,93.264,93.264,93.264,93.264,93.264,93.276,93.276,93.276,93.276,93.22800000000001,93.22800000000001,93.22800000000001,93.22800000000001,93.22800000000001,93.20400000000001,93.20400000000001,93.20400000000001,93.264,93.264,93.504,93.264,93.24000000000001,93.24000000000001,93.48,93.24000000000001,93.42,93.18,93.18,93.42,93.42,93.18,93.42,93.024,93.504,93.024,93.264,93.456,93.21600000000001,93.21600000000001,93.21600000000001,93.21600000000001,93.21600000000001,93.264,93.264,93.264,93.264,93.264,93.264,93.264,93.264,93.144,72.24158458320164,72.00158458320165,93.036,93.036,93.036,92.45318737640255,93.036,93.036,93.012,93.012,93.012,93.012,93.012,93.012,93.372,93.492,93.25200000000001,93.492,93.25200000000001,93.06,93.3,93.06,93.3,93.3,93.3,93.444,93.444,93.48,93.48,93.24000000000001,93.168,93.168,93.408,93.22800000000001,93.22800000000001,93.468,93.25200000000001,93.492,93.25200000000001,93.25200000000001,93.24000000000001,93.24000000000001,93.48,93.48,93.396,93.396,93.396,93.636,93.396,93.396,93.48,93.48,93.48,93.48,93.48,93.24000000000001,93.48,93.444,93.444,93.444,93.444,93.444,93.444,93.48,93.48,93.48,93.48,93.21600000000001,93.456,93.456,93.456,93.456,93.456,93.456,93.168,93.408,93.408,93.408,93.24000000000001,93.48,93.48,93.24000000000001,93.468,93.468,93.22800000000001,93.468,93.468,93.22800000000001,93.468,93.444,93.444,93.444,93.444
kpi_audio_synchronization,4.414866499019585,4.396350394591871,4.410521238433792,4.410521238433792,4.410752114219968,4.410752114219968,4.410752114219968,4.410752114219968,4.410752114219968,4.410752114219968,4.410752114219968,4.410752114219968,4.410752114219968,4.410752114219968,4.410752114219968,4.410752114219968,4.410752114219968,4.410752114219968,4.410752114219968,4.410752114219968,4.410752114219968,4.410752114219968,4.410752114219968,4.410752114219968,4.413958977013312,4.409363238444352,4.409363238444352,4.409363238444352,4.409363238444352,4.409363238444352,4.409363238444352,4.409827162361537,4.409827162361537,4.409827162361537,4.409827162361537,4.409827162361537,4.409827162361537,4.409827162361537,4.410521238433792,4.410521238433792,4.410521238433792,4.410521238433792,4.410521238433792,4.410521238433792,4.410752114219968,4.410752114219968,4.410752114219968,4.410752114219968,4.409827162361537,4.409827162361537,4.409827162361537,4.409827162361537,4.409827162361537,4.409363238444352,4.409363238444352,4.409363238444352,4.410521238433792,4.410521238433792,4.415092772503553,4.410521238433792,4.4100587624320005,4.4100587624320005,4.414639982656,4.4100587624320005,4.413503760184001,4.408898349976,4.408898349976,4.413503760184001,4.413503760184001,4.408898349976,4.413503760184001,4.405853104095233,4.415092772503553,4.405853104095233,4.410521238433792,4.414186221580288,4.409595321008128,4.409595321008128,4.409595321008128,4.409595321008128,4.409595321008128,4.410521238433792,4.410521238433792,4.410521238433792,4.410521238433792,4.410521238433792,4.410521238433792,4.410521238433792,4.410521238433792,4.408199210010112,3.700292828393842,3.689415964446384,4.406088796105408,4.406088796105408,4.406088796105408,4.394365786753292,4.406088796105408,4.406088796105408,4.405617172035905,4.405617172035905,4.405617172035905,4.405617172035905,4.405617172035905,4.405617172035905,4.412590417776064,4.414866499019585,4.410290121146945,4.414866499019585,4.410290121146945,4.406559459688,4.411213141,4.406559459688,4.411213141,4.411213141,4.411213141,4.413958977013312,4.413958977013312,4.414639982656,4.414639982656,4.4100587624320005,4.408665544216576,4.408665544216576,4.413275788066816,4.409827162361537,4.409827162361537,4.414413223485377,4.410290121146945,4.414866499019585,4.410290121146945,4.410290121146945,4.4100587624320005,4.4100587624320005,4.414639982656,4.414639982656,4.413047573578048,4.413047573578048,4.413047573578048,4.417565730015808,4.413047573578048,4.413047573578048,4.414639982656,4.414639982656,4.414639982656,4.414639982656,4.414639982656,4.4100587624320005,4.414639982656,4.413958977013312,4.413958977013312,4.413958977013312,4.413958977013312,4.413958977013312,4.413958977013312,4.414639982656,4.414639982656,4.414639982656,4.414639982656,4.409595321008128,4.414186221580288,4.414186221580288,4.414186221580288,4.414186221580288,4.414186221580288,4.414186221580288,4.408665544216576,4.413275788066816,4.413275788066816,4.413275788066816,4.4100587624320005,4.414639982656,4.414639982656,4.4100587624320005,4.414413223485377,4.414413223485377,4.409827162361537,4.414413223485377,4.414413223485377,4.409827162361537,4.414413223485377,4.413958977013312,4.413958977013312,4.413958977013312,4.413958977013312
eye_eye_delay_video_send,-1.0,-1.0,-1.0,-1.0,28.5,15.0,34.0,35.0,31.0,31.0,30.5,29.5,32.0,32.0,31.0,31.5,32.5,33.0,30.0,31.5,29.0,33.0,31.0,31.5,32.0,32.0,33.0,33.0,33.0,32.0,31.5,30.0,31.5,31.0,30.0,31.0,33.0,33.0,41.5,41.5,41.0,40.5,40.0,44.0,41.5,42.0,42.0,41.0,38.0,37.5,37.5,38.5,39.0,38.0,38.0,37.5,36.0,35.0,39.0,38.5,37.5,37.0,37.0,34.0,35.0,35.0,36.0,36.0,35.0,36.0,34.0,35.0,35.0,34.0,33.0,38.5,37.0,36.0,34.5,33.5,33.5,33.0,32.0,31.5,32.0,32.0,32.0,32.0,46.5,45.5,46.0,45.0,44.5,44.0,44.5,0.0,0.0,17.0,24.0,24.0,25.0,24.0,25.5,25.0,23.0,28.0,25.5,23.0,31.5,31.5,31.5,30.5,30.0,29.5,28.5,28.0,29.5,30.0,32.0,33.0,33.0,32.5,43.5,42.5,41.0,41.5,40.5,40.5,41.0,40.0,44.5,42.5,41.5,41.5,39.5,39.0,39.0,38.0,37.5,38.0,38.0,37.5,45.0,40.5,38.5,38.0,36.5,35.5,36.5,36.5,36.5,35.5,36.0,35.5,35.0,35.0,34.0,33.0,36.0,34.0,36.5,36.0,33.0,34.5,34.5,33.5,33.5,42.0,40.5,40.5,39.0,40.0,40.5,40.0,39.5,39.0,38.5,38.0,38.5,37.5,37.5,37.5,37.5,37.5,37.0,36.5,36.5,36.5,36.5,36.5
kpi_video_synchronization,5,5,5,5,5,5,5,5,5,5,5,5,5,5,5,5,5,5,5,5,5,5,5,5,5,5,5,5,5,5,5,5,5,5,5,5,5,5,5,5,5,5,5,5,5,5,5,5,5,5,5,5,5,5,5,5,5,5,5,5,5,5,5,5,5,5,5,5,5,5,5,5,5,5,5,5,5,5,5,5,5,5,5,5,5,5,5,5,5,5,5,5,5,5,5,5,5,5,5,5,5,5,5,5,5,5,5,5,5,5,5,5,5,5,5,5,5,5,5,5,5,5,5,5,5,5,5,5,5,5,5,5,5,5,5,5,5,5,5,5,5,5,5,5,5,5,5,5,5,5,5,5,5,5,5,5,5,5,5,5,5,5,5,5,5,5,5,5,5,5,5,5,5,5,5,5,5,5,5,5,5,5,5,5,5,5,5,5,5,5
av_delay_send,-0.5,-0.5,-0.5,-0.5,1.0,29.0,5.0,4.0,7.5,7.5,8.0,9.0,6.5,6.5,7.5,7.0,6.0,5.5,8.5,7.0,9.5,5.5,7.5,7.0,6.5,6.5,5.5,5.5,-1.5,9.5,10.0,11.5,10.0,10.5,11.5,9.5,7.5,7.5,-1.0,-1.0,-0.5,0.0,-1.0,-5.0,-2.5,-3.0,-3.0,-2.0,0.5,1.0,1.0,0.0,1.5,2.5,2.5,3.0,4.5,6.5,2.5,3.0,1.5,2.0,-8.0,5.0,5.0,5.0,-6.0,4.0,-2.5,6.5,8.5,-2.5,-2.5,8.5,-0.5,10.5,-8.0,13.0,4.5,-2.5,7.5,8.0,9.0,9.5,9.0,7.0,7.0,7.0,-7.5,-6.5,-7.0,-6.0,-5.5,0.0,-0.5,-0.5,-0.5,31.5,34.5,24.5,23.5,24.5,23.0,23.5,25.5,21.5,24.0,26.5,18.0,18.0,18.0,4.0,-0.5,10.0,1.0,11.5,18.0,7.5,15.5,4.5,4.5,5.0,-12.0,-11.0,-11.0,-11.5,-0.5,2.5,2.0,-7.0,-4.0,-2.0,-11.0,-2.0,-10.0,0.5,0.5,2.0,2.5,-8.0,-8.0,-4.0,-11.5,-7.0,-15.0,-4.5,-3.0,-5.5,-6.5,-6.5,-6.5,-5.5,4.0,-5.5,-3.5,-3.5,-2.5,-1.5,-4.5,-2.5,-6.5,-6.0,-3.0,-4.5,6.5,-2.5,-2.5,-11.0,-9.5,-9.5,-8.0,3.0,-7.5,-7.0,-6.5,1.0,-8.5,-8.0,1.5,-7.0,-7.0,3.0,-7.0,-7.0,3.5,-6.0,-5.0,-5.0,-5.0,-5.0
kpi_av_synchronization,5,5,5,5,5,5,5,5,5,5,5,5,5,5,5,5,5,5,5,5,5,5,5,5,5,5,5,5,5,5,5,5,5,5,5,5,5,5,5,5,5,5,5,5,5,5,5,5,5,5,5,5,5,5,5,5,5,5,5,5,5,5,5,5,5,5,5,5,5,5,5,5,5,5,5,5,5,5,5,5,5,5,5,5,5,5,5,5,5,5,5,5,5,5,5,5,5,5,5,5,5,5,5,5,5,5,5,5,5,5,5,5,5,5,5,5,5,5,5,5,5,5,5,5,5,5,5,5,5,5,5,5,5,5,5,5,5,5,5,5,5,5,5,5,5,5,5,5,5,5,5,5,5,5,5,5,5,5,5,5,5,5,5,5,5,5,5,5,5,5,5,5,5,5,5,5,5,5,5,5,5,5,5,5,5,5,5,5,5,5
kpi_resolution_stability,2.585097949467269,2.585097949467269,2.585097949467269,2.585097949467269,2.585097949467269,2.585097949467269,2.585097949467269,2.585097949467269,2.585097949467269,2.585097949467269,2.585097949467269,2.585097949467269,2.585097949467269,2.585097949467269,2.585097949467269,2.585097949467269,2.585097949467269,2.585097949467269,2.585097949467269,2.585097949467269,2.585097949467269,2.585097949467269,2.585097949467269,2.585097949467269,2.585097949467269,2.585097949467269,2.585097949467269,2.585097949467269,2.585097949467269,2.585097949467269,2.585097949467269,2.585097949467269,2.585097949467269,2.585097949467269,2.585097949467269,2.585097949467269,2.585097949467269,2.585097949467269,2.585097949467269,2.585097949467269,2.585097949467269,2.585097949467269,2.585097949467269,2.585097949467269,2.585097949467269,2.585097949467269,2.585097949467269,2.585097949467269,2.585097949467269,2.585097949467269,2.585097949467269,2.585097949467269,2.585097949467269,2.585097949467269,2.585097949467269,2.585097949467269,2.585097949467269,2.585097949467269,2.585097949467269,2.585097949467269,2.585097949467269,2.585097949467269,2.585097949467269,2.585097949467269,2.585097949467269,2.585097949467269,2.585097949467269,2.585097949467269,2.585097949467269,2.585097949467269,2.585097949467269,2.585097949467269,2.585097949467269,2.585097949467269,2.585097949467269,2.585097949467269,2.585097949467269,2.585097949467269,2.585097949467269,2.585097949467269,2.585097949467269,2.585097949467269,2.585097949467269,2.585097949467269,2.585097949467269,2.585097949467269,2.585097949467269,2.585097949467269,2.585097949467269,2.585097949467269,2.585097949467269,2.585097949467269,2.585097949467269,2.585097949467269,2.585097949467269,2.5262731123035107,2.5262731123035107,2.5262731123035107,2.5262731123035107,2.5262731123035107,2.5262731123035107,2.5262731123035107,2.5262731123035107,2.5262731123035107,2.5262731123035107,2.5262731123035107,2.5262731123035107,2.5262731123035107,2.5262731123035107,2.5262731123035107,2.5262731123035107,2.5262731123035107,2.5262731123035107,2.5262731123035107,2.5262731123035107,2.5262731123035107,2.5262731123035107,2.5262731123035107,2.5262731123035107,2.5262731123035107,2.5262731123035107,2.5262731123035107,2.5262731123035107,2.5262731123035107,2.5262731123035107,2.5262731123035107,2.5262731123035107,2.5262731123035107,2.5262731123035107,2.5262731123035107,2.5262731123035107,2.5262731123035107,2.5262731123035107,2.5262731123035107,2.5262731123035107,2.5262731123035107,2.5262731123035107,2.5262731123035107,2.5262731123035107,2.5262731123035107,2.5262731123035107,2.5262731123035107,2.5262731123035107,2.5262731123035107,2.5262731123035107,2.5262731123035107,2.5262731123035107,2.5262731123035107,2.5262731123035107,2.5262731123035107,2.5262731123035107,2.5262731123035107,2.5262731123035107,2.5262731123035107,2.5262731123035107,2.5262731123035107,2.5262731123035107,2.5262731123035107,2.5262731123035107,2.5262731123035107,2.5262731123035107,2.5262731123035107,2.5262731123035107,2.5262731123035107,2.5262731123035107,2.5262731123035107,2.5262731123035107,2.5262731123035107,2.5262731123035107,2.5262731123035107,2.5262731123035107,2.5262731123035107,2.5262731123035107,2.5262731123035107,2.5262731123035107,2.5262731123035107,2.5262731123035107,2.5262731123035107,2.5262731123035107,2.5262731123035107,2.5262731123035107,2.5262731123035107,2.5262731123035107,2.5262731123035107,2.5262731123035107,2.5262731123035107,2.5262731123035107,2.5262731123035107,2.5262731123035107,2.5262731123035107,2.5262731123035107,2.5262731123035107
max_resolution_percentage,52.63157894736842,52.63157894736842,52.63157894736842,52.63157894736842,52.63157894736842,52.63157894736842,52.63157894736842,52.63157894736842,52.63157894736842,52.63157894736842,52.63157894736842,52.63157894736842,52.63157894736842,52.63157894736842,52.63157894736842,52.63157894736842,52.63157894736842,52.63157894736842,52.63157894736842,52.63157894736842,52.63157894736842,52.63157894736842,52.63157894736842,52.63157894736842,52.63157894736842,52.63157894736842,52.63157894736842,52.63157894736842,52.63157894736842,52.63157894736842,52.63157894736842,52.63157894736842,52.63157894736842,52.63157894736842,52.63157894736842,52.63157894736842,52.63157894736842,52.63157894736842,52.63157894736842,52.63157894736842,52.63157894736842,52.63157894736842,52.63157894736842,52.63157894736842,52.63157894736842,52.63157894736842,52.63157894736842,52.63157894736842,52.63157894736842,52.63157894736842,52.63157894736842,52.63157894736842,52.63157894736842,52.63157894736842,52.63157894736842,52.63157894736842,52.63157894736842,52.63157894736842,52.63157894736842,52.63157894736842,52.63157894736842,52.63157894736842,52.63157894736842,52.63157894736842,52.63157894736842,52.63157894736842,52.63157894736842,52.63157894736842,52.63157894736842,52.63157894736842,52.63157894736842,52.63157894736842,52.63157894736842,52.63157894736842,52.63157894736842,52.63157894736842,52.63157894736842,52.63157894736842,52.63157894736842,52.63157894736842,52.63157894736842,52.63157894736842,52.63157894736842,52.63157894736842,52.63157894736842,52.63157894736842,52.63157894736842,52.63157894736842,52.63157894736842,52.63157894736842,52.63157894736842,52.63157894736842,52.63157894736842,52.63157894736842,52.63157894736842,35.051546391752574,35.051546391752574,35.051546391752574,35.051546391752574,35.051546391752574,35.051546391752574,35.051546391752574,35.051546391752574,35.051546391752574,35.051546391752574,35.051546391752574,35.051546391752574,35.051546391752574,35.051546391752574,35.051546391752574,35.051546391752574,35.051546391752574,35.051546391752574,35.051546391752574,35.051546391752574,35.051546391752574,35.051546391752574,35.051546391752574,35.051546391752574,35.051546391752574,35.051546391752574,35.051546391752574,35.051546391752574,35.051546391752574,35.051546391752574,35.051546391752574,35.051546391752574,35.051546391752574,35.051546391752574,35.051546391752574,35.051546391752574,35.051546391752574,35.051546391752574,35.051546391752574,35.051546391752574,35.051546391752574,35.051546391752574,35.051546391752574,35.051546391752574,35.051546391752574,35.051546391752574,35.051546391752574,35.051546391752574,35.051546391752574,35.051546391752574,35.051546391752574,35.051546391752574,35.051546391752574,35.051546391752574,35.051546391752574,35.051546391752574,35.051546391752574,35.051546391752574,35.051546391752574,35.051546391752574,35.051546391752574,35.051546391752574,35.051546391752574,35.051546391752574,35.051546391752574,35.051546391752574,35.051546391752574,35.051546391752574,35.051546391752574,35.051546391752574,35.051546391752574,35.051546391752574,35.051546391752574,35.051546391752574,35.051546391752574,35.051546391752574,35.051546391752574,35.051546391752574,35.051546391752574,35.051546391752574,35.051546391752574,35.051546391752574,35.051546391752574,35.051546391752574,35.051546391752574,35.051546391752574,35.051546391752574,35.051546391752574,35.051546391752574,35.051546391752574,35.051546391752574,35.051546391752574,35.051546391752574,35.051546391752574,35.051546391752574,35.051546391752574,35.051546391752574
kpi_resolution_stability_norm,4.0759399506003815,4.0759399506003815,4.0759399506003815,4.0759399506003815,4.0759399506003815,4.0759399506003815,4.0759399506003815,4.0759399506003815,4.0759399506003815,4.0759399506003815,4.0759399506003815,4.0759399506003815,4.0759399506003815,4.0759399506003815,4.0759399506003815,4.0759399506003815,4.0759399506003815,4.0759399506003815,4.0759399506003815,4.0759399506003815,4.0759399506003815,4.0759399506003815,4.0759399506003815,4.0759399506003815,4.0759399506003815,4.0759399506003815,4.0759399506003815,4.0759399506003815,4.0759399506003815,4.0759399506003815,4.0759399506003815,4.0759399506003815,4.0759399506003815,4.0759399506003815,4.0759399506003815,4.0759399506003815,4.0759399506003815,4.0759399506003815,4.0759399506003815,4.0759399506003815,4.0759399506003815,4.0759399506003815,4.0759399506003815,4.0759399506003815,4.0759399506003815,4.0759399506003815,4.0759399506003815,4.0759399506003815,4.0759399506003815,4.0759399506003815,4.0759399506003815,4.0759399506003815,4.0759399506003815,4.0759399506003815,4.0759399506003815,4.0759399506003815,4.0759399506003815,4.0759399506003815,4.0759399506003815,4.0759399506003815,4.0759399506003815,4.0759399506003815,4.0759399506003815,4.0759399506003815,4.0759399506003815,4.0759399506003815,4.0759399506003815,4.0759399506003815,4.0759399506003815,4.0759399506003815,4.0759399506003815,4.0759399506003815,4.0759399506003815,4.0759399506003815,4.0759399506003815,4.0759399506003815,4.0759399506003815,4.0759399506003815,4.0759399506003815,4.0759399506003815,4.0759399506003815,4.0759399506003815,4.0759399506003815,4.0759399506003815,4.0759399506003815,4.0759399506003815,4.0759399506003815,4.0759399506003815,4.0759399506003815,4.0759399506003815,4.0759399506003815,4.0759399506003815,4.0759399506003815,4.0759399506003815,4.0759399506003815,3.884717555920467,3.884717555920467,3.884717555920467,3.884717555920467,3.884717555920467,3.884717555920467,3.884717555920467,3.884717555920467,3.884717555920467,3.884717555920467,3.884717555920467,3.884717555920467,3.884717555920467,3.884717555920467,3.884717555920467,3.884717555920467,3.884717555920467,3.884717555920467,3.884717555920467,3.884717555920467,3.884717555920467,3.884717555920467,3.884717555920467,3.884717555920467,3.884717555920467,3.884717555920467,3.884717555920467,3.884717555920467,3.884717555920467,3.884717555920467,3.884717555920467,3.884717555920467,3.884717555920467,3.884717555920467,3.884717555920467,3.884717555920467,3.884717555920467,3.884717555920467,3.884717555920467,3.884717555920467,3.884717555920467,3.884717555920467,3.884717555920467,3.884717555920467,3.884717555920467,3.884717555920467,3.884717555920467,3.884717555920467,3.884717555920467,3.884717555920467,3.884717555920467,3.884717555920467,3.884717555920467,3.884717555920467,3.884717555920467,3.884717555920467,3.884717555920467,3.884717555920467,3.884717555920467,3.884717555920467,3.884717555920467,3.884717555920467,3.884717555920467,3.884717555920467,3.884717555920467,3.884717555920467,3.884717555920467,3.884717555920467,3.884717555920467,3.884717555920467,3.884717555920467,3.884717555920467,3.884717555920467,3.884717555920467,3.884717555920467,3.884717555920467,3.884717555920467,3.884717555920467,3.884717555920467,3.884717555920467,3.884717555920467,3.884717555920467,3.884717555920467,3.884717555920467,3.884717555920467,3.884717555920467,3.884717555920467,3.884717555920467,3.884717555920467,3.884717555920467,3.884717555920467,3.884717555920467,3.884717555920467,3.884717555920467,3.884717555920467,3.884717555920467,3.884717555920467
max_resolution_percentage_norm,97.89473684210527,97.89473684210527,97.89473684210527,97.89473684210527,97.89473684210527,97.89473684210527,97.89473684210527,97.89473684210527,97.89473684210527,97.89473684210527,97.89473684210527,97.89473684210527,97.89473684210527,97.89473684210527,97.89473684210527,97.89473684210527,97.89473684210527,97.89473684210527,97.89473684210527,97.89473684210527,97.89473684210527,97.89473684210527,97.89473684210527,97.89473684210527,97.89473684210527,97.89473684210527,97.89473684210527,97.89473684210527,97.89473684210527,97.89473684210527,97.89473684210527,97.89473684210527,97.89473684210527,97.89473684210527,97.89473684210527,97.89473684210527,97.89473684210527,97.89473684210527,97.89473684210527,97.89473684210527,97.89473684210527,97.89473684210527,97.89473684210527,97.89473684210527,97.89473684210527,97.89473684210527,97.89473684210527,97.89473684210527,97.89473684210527,97.89473684210527,97.89473684210527,97.89473684210527,97.89473684210527,97.89473684210527,97.89473684210527,97.89473684210527,97.89473684210527,97.89473684210527,97.89473684210527,97.89473684210527,97.89473684210527,97.89473684210527,97.89473684210527,97.89473684210527,97.89473684210527,97.89473684210527,97.89473684210527,97.89473684210527,97.89473684210527,97.89473684210527,97.89473684210527,97.89473684210527,97.89473684210527,97.89473684210527,97.89473684210527,97.89473684210527,97.89473684210527,97.89473684210527,97.89473684210527,97.89473684210527,97.89473684210527,97.89473684210527,97.89473684210527,97.89473684210527,97.89473684210527,97.89473684210527,97.89473684210527,97.89473684210527,97.89473684210527,97.89473684210527,97.89473684210527,97.89473684210527,97.89473684210527,97.89473684210527,97.89473684210527,95.87628865979381,95.87628865979381,95.87628865979381,95.87628865979381,95.87628865979381,95.87628865979381,95.87628865979381,95.87628865979381,95.87628865979381,95.87628865979381,95.87628865979381,95.87628865979381,95.87628865979381,95.87628865979381,95.87628865979381,95.87628865979381,95.87628865979381,95.87628865979381,95.87628865979381,95.87628865979381,95.87628865979381,95.87628865979381,95.87628865979381,95.87628865979381,95.87628865979381,95.87628865979381,95.87628865979381,95.87628865979381,95.87628865979381,95.87628865979381,95.87628865979381,95.87628865979381,95.87628865979381,95.87628865979381,95.87628865979381,95.87628865979381,95.87628865979381,95.87628865979381,95.87628865979381,95.87628865979381,95.87628865979381,95.87628865979381,95.87628865979381,95.87628865979381,95.87628865979381,95.87628865979381,95.87628865979381,95.87628865979381,95.87628865979381,95.87628865979381,95.87628865979381,95.87628865979381,95.87628865979381,95.87628865979381,95.87628865979381,95.87628865979381,95.87628865979381,95.87628865979381,95.87628865979381,95.87628865979381,95.87628865979381,95.87628865979381,95.87628865979381,95.87628865979381,95.87628865979381,95.87628865979381,95.87628865979381,95.87628865979381,95.87628865979381,95.87628865979381,95.87628865979381,95.87628865979381,95.87628865979381,95.87628865979381,95.87628865979381,95.87628865979381,95.87628865979381,95.87628865979381,95.87628865979381,95.87628865979381,95.87628865979381,95.87628865979381,95.87628865979381,95.87628865979381,95.87628865979381,95.87628865979381,95.87628865979381,95.87628865979381,95.87628865979381,95.87628865979381,95.87628865979381,95.87628865979381,95.87628865979381,95.87628865979381,95.87628865979381,95.87628865979381,95.87628865979381
kpi_fps_stability,1,1,5,5,5,5,5,5,5,5,5,5,5,5,5,5,5,5,5,5,5,5,5,5,5,5,5,5,5,5,5,5,5,5,5,5,5,5,5,5,5,5,5,5,5,5,5,5,5,5,5,5,5,5,5,5,5,5,5,5,5,5,5,5,5,5,5,5,5,5,5,5,5,5,5,5,5,5,5,5,5,5,5,5,5,5,5,5,5,5,5,5,5,5,5,1,1,1,1,5,5,5,5,5,5,5,5,5,5,5,5,5,5,5,5,5,5,5,5,5,5,5,5,5,5,5,5,5,5,5,5,5,5,5,5,5,5,5,5,5,5,5,5,5,5,5,5,5,5,5,5,5,5,5,5,5,5,5,5,5,5,5,5,5,5,5,5,5,5,5,5,5,5,5,5,5,5,5,5,5,5,5,5,5,5,5,5,5,5,5,5,5
kpi_q_audio,1,1,2,3,3,4,3,3,2,2,2,2,2,2,2,2,2,2,2,2,2,2,2,2,2,2,2,2,2,2,2,2,3,2,2,2,3,3,3,3,3,3,3,3,3,3,3,3,3,3,3,3,3,3,3,3,3,3,3,3,3,3,3,3,3,3,3,3,3,3,3,3,3,3,3,3,3,3,3,3,3,3,3,3,3,3,3,3,3,3,3,3,3,3,3,1,1,1,1,1,4,3,3,3,3,3,3,3,3,3,3,3,3,3,3,3,3,3,3,3,3,3,3,3,3,3,3,3,3,3,3,3,3,3,3,3,3,3,3,3,3,3,3,3,3,3,3,3,3,3,3,3,3,3,3,3,3,3,3,3,3,3,3,3,3,3,3,3,3,3,3,3,3,3,3,3,3,3,3,3,3,3,3,3,3,3,3,3,4,5,5,5
kpi_q_video,3.9339999999999997,3.964,3.944,4.08,4.032,4.06,4.104,4.108,4.114,4.092,4.08,4.088,4.064,4.088,4.064,4.016,4.101,4.101999999999999,4.08,4.072,4.024,4.1,4.1,4.02,4.1,4.1,4.1,4.098,4.1,4.082,4.1,4.098,4.084,4.098,4.092,4.082,4.098,4.084,4.1,4.076,4.098,4.1,4.08,4.1,3.958,3.988,4.084,4.016,4.088,4.101,4.1049999999999995,4.052,4.084,4.06,4.08,4.1,4.101,4.052,4.012,4.02,4.096,4.048,4.084,4.1,4.06,4.106999999999999,4.1049999999999995,4.052,4.1,4.1,4.092,4.1,4.093999999999999,4.1,4.096,4.088,4.085999999999999,4.093999999999999,4.098,4.08,4.1,4.085999999999999,4.085999999999999,4.1,4.09,4.085999999999999,4.096,4.09,4.096,4.08,4.1,4.084,3.897142857142857,3.988,3.996,4.052,4.064,4.08,4.1,4.096,4.08,4.096,4.048,4.101,4.08,4.028,4.076,4.092,4.088,4.084,4.076,4.084,4.068,4.068,4.064,4.088,4.084,4.096,4.044,4.084,4.076,4.1049999999999995,4.068,4.096,4.044,4.052,4.1,4.1,4.088,4.077999999999999,4.1,4.1,4.082,4.1,4.085999999999999,4.085999999999999,4.1,4.09,4.085999999999999,4.093999999999999,4.09,4.096,4.082,4.1,4.077999999999999,4.09,4.098,4.092,4.085999999999999,4.092,4.092,4.09,4.085999999999999,4.1,4.076,4.084,4.1,4.1,4.085999999999999,4.088,4.096,4.092,4.085999999999999,4.1,4.076,4.092,4.096,4.092,4.085999999999999,4.093999999999999,4.093999999999999,4.093999999999999,4.084,4.1,4.074,4.1,4.088,4.092,4.084,4.092,4.092,4.088,4.092,4.1
qoe_simple_normal,3.2573184998910647,3.260261154954652,3.9251690264926435,3.9478356931593104,3.9398613460244403,3.944528012691107,3.9518613460244403,3.9525280126911073,3.953528012691107,3.94986134602444,3.9478613460244403,3.949194679357774,3.945194679357774,3.949194679357774,3.945194679357774,3.9371946793577735,3.95136134602444,3.951528012691107,3.9478613460244403,3.946528012691107,3.938528012691107,3.951194679357774,3.951194679357774,3.9378613460244405,3.951550997445924,3.95104035982715,3.95104035982715,3.9507070264938164,3.95104035982715,3.94804035982715,3.95104035982715,3.9507585735957265,3.9484252402623934,3.9507585735957265,3.9497585735957266,3.94809190692906,3.9507585735957265,3.9484252402623934,3.9511690264926442,3.947169026492644,3.9508356931593105,3.9511690264926442,3.9478356931593104,3.9511690264926442,3.927528012691107,3.932528012691107,3.948528012691107,3.9371946793577735,3.9490919069290604,3.9512585735957266,3.9519252402623937,3.94309190692906,3.9484252402623934,3.944373693160483,3.9477070264938163,3.95104035982715,3.95133569315931,3.943169026492644,3.937010308055951,3.9378356931593106,3.9504509736035556,3.942450973603556,3.9489599980728887,3.9511176402702226,3.9448337511315548,3.9521553722195555,3.951822038886222,3.9435004177982216,3.951500417798222,3.950988705552889,3.9501670844648884,3.9506503448994708,3.9506769747226174,3.9506503448994708,3.950502359825977,3.949576246842254,3.9487328134453477,3.9500661467786813,3.9507328134453474,3.9477328134453473,3.951066146778681,3.9488356931593103,3.9488356931593103,3.9511690264926442,3.9495023598259773,3.9488356931593103,3.950502359825977,3.9495023598259773,3.950502359825977,3.9475776900011232,3.1717785682342363,3.185712884938487,3.266676532900601,3.2760098662339345,3.9446765329006013,3.9460406429725885,3.9506765329006015,3.9500098662339345,3.947290796892878,3.9499574635595454,3.9419574635595453,3.9507907968928784,3.947290796892878,3.9386241302262115,3.9473989353084513,3.9503184998910648,3.9491433467941053,3.9489851665577316,3.947143346794105,3.948062162187556,3.945912571222222,3.945395495520889,3.9452459045555557,3.9492459045555557,3.948579237888889,3.950884330779257,3.9422176641125906,3.9489599980728887,3.9476266647395555,3.9519509736035556,3.945629504912952,3.950296171579619,3.9421417542296457,3.94309190692906,3.95109190692906,3.9516014692761536,3.9491433467941053,3.9479851665577317,3.9511433467941046,3.9511433467941046,3.9481176402702225,3.9511176402702226,3.949293331406222,3.949293331406222,3.951449730397561,3.949783063730894,3.949116397064227,3.950951747779534,3.949783063730894,3.950783063730894,3.9486266647395554,3.9516266647395555,3.9479599980728888,3.9499599980728886,3.9512933314062217,3.949784306936889,3.949293331406222,3.9502176641125906,3.9502176641125906,3.9498843307792573,3.9492176641125902,3.951550997445924,3.947550997445924,3.9489599980728887,3.9516266647395555,3.9516266647395555,3.949293331406222,3.9490661467786814,3.9509095801755874,3.9502429135089208,3.9492429135089204,3.9515762468422544,3.9475762468422544,3.9502429135089208,3.950296171579619,3.9501417542296458,3.9491417542296454,3.9504750875629795,3.9501176402702227,3.9506266647395556,3.9489599980728887,3.9511176402702226,3.9472681359428194,3.9516014692761536,3.9490919069290604,3.9502681359428196,3.9489348026094864,3.9497585735957266,3.9502681359428196,3.949550997445924,3.9502176641125906,3.951550997445924
qoe_simple_smooth,3.4963184998910646,3.504261154954652,4.16583569315931,4.211169026492644,4.1951946793577735,4.204528012691107,4.2191946793577735,4.2205280126911076,4.222528012691107,4.215194679357773,4.2111946793577735,4.213861346024441,4.205861346024441,4.213861346024441,4.205861346024441,4.189861346024441,4.218194679357773,4.218528012691107,4.2111946793577735,4.208528012691107,4.192528012691107,4.21786134602444,4.21786134602444,4.191194679357774,4.218217664112591,4.217707026493817,4.217707026493817,4.217040359827149,4.217707026493817,4.211707026493817,4.217707026493817,4.21709190692906,4.212425240262394,4.21709190692906,4.21509190692906,4.211758573595727,4.21709190692906,4.212425240262394,4.21783569315931,4.20983569315931,4.217169026492644,4.21783569315931,4.211169026492644,4.21783569315931,4.170528012691107,4.180528012691107,4.212528012691107,4.189861346024441,4.213758573595727,4.21809190692906,4.219425240262393,4.201758573595726,4.212425240262394,4.204373693160483,4.21104035982715,4.217707026493817,4.218169026492643,4.20183569315931,4.189010308055951,4.191169026492644,4.216450973603556,4.200450973603556,4.212959998072889,4.217784306936889,4.204833751131555,4.219988705552889,4.219322038886222,4.202167084464889,4.218167084464889,4.217655372219555,4.215500417798221,4.217317011566137,4.216343641389284,4.217317011566137,4.216502359825977,4.214242913508921,4.21306614677868,4.215732813445348,4.217066146778681,4.211066146778681,4.217732813445347,4.213169026492643,4.213169026492643,4.21783569315931,4.214502359825977,4.213169026492643,4.216502359825977,4.214502359825977,4.216502359825977,4.210911023334456,3.404635711091379,3.4337128849384873,3.5160098662339343,3.534676532900601,4.205343199567268,4.209373976305922,4.217343199567268,4.216009866233935,4.210624130226212,4.215957463559545,4.199957463559545,4.217624130226212,4.210624130226212,4.193290796892878,4.210065601975118,4.215651833224398,4.213810013460772,4.212985166557732,4.209810013460771,4.212062162187556,4.207245904555555,4.206728828854223,4.205912571222222,4.213912571222223,4.212579237888889,4.216884330779258,4.199550997445924,4.212959998072889,4.2102933314062225,4.219450973603556,4.206962838246286,4.216296171579619,4.19947508756298,4.201758573595726,4.217758573595726,4.21826813594282,4.213810013460772,4.210985166557731,4.217810013460771,4.217810013460771,4.211784306936889,4.217784306936889,4.213626664739555,4.213626664739555,4.218116397064227,4.214783063730894,4.21344973039756,4.2166184144462004,4.214783063730894,4.216783063730894,4.212293331406222,4.218293331406222,4.210959998072888,4.214959998072889,4.217626664739555,4.215117640270222,4.213626664739555,4.2155509974459235,4.2155509974459235,4.214884330779257,4.213550997445924,4.218217664112591,4.210217664112591,4.212959998072889,4.218293331406222,4.218293331406222,4.213626664739555,4.213732813445348,4.216909580175588,4.215576246842254,4.213576246842254,4.218242913508921,4.210242913508921,4.215576246842254,4.216296171579619,4.215475087562979,4.213475087562979,4.216141754229645,4.2157843069368885,4.216293331406222,4.212959998072889,4.217784306936889,4.209601469276153,4.21826813594282,4.213758573595727,4.2156014692761525,4.212934802609486,4.21509190692906,4.2156014692761525,4.214217664112591,4.2155509974459235,4.218217664112591
