bweforvideo-googAvailableReceiveBandwidth,0.0,0.0,0.0,0.0,0.0,0.0,0.0,0.0,0.0,0.0,0.0,0.0,0.0,0.0,0.0,0.0,0.0,0.0,0.0,0.0,0.0,0.0,0.0,0.0,0.0,0.0,0.0,0.0,0.0,0.0,0.0,0.0,0.0,0.0,0.0,0.0,0.0,0.0,0.0,0.0,0.0,0.0,0.0,0.0,0.0,0.0,0.0,0.0,0.0,0.0,0.0,0.0,0.0,0.0,0.0,0.0,0.0,0.0,0.0,0.0,0.0,0.0,0.0,0.0,0.0,0.0,0.0,0.0,0.0,0.0,0.0,0.0,0.0,0.0,0.0,0.0,0.0,0.0,0.0,0.0,0.0,0.0,0.0,0.0,0.0,0.0,0.0,0.0,0.0,0.0
bweforvideo-googAvailableSendBandwidth,300000.0,300000.0,300000.0,300000.0,300000.0,300000.0,300000.0,300000.0,301000.0,235768.0,206109.0,194887.0,194887.0,194887.0,194887.0,198303.0,188350.0,188350.0,204418.0,211035.0,211035.0,211035.0,211035.0,211675.0,213775.0,215079.0,216339.0,218403.0,220587.0,220795.0,220795.0,220795.0,222367.0,224227.0,228299.0,232267.0,236271.0,240391.0,244303.0,247531.0,252319.0,256255.0,260071.0,219890.0,219890.0,219890.0,219890.0,219890.0,217054.0,217054.0,217054.0,217054.0,235418.0,255251.0,276671.0,299805.0,324789.0,351513.0,361639.0,371460.0,392652.0,357461.0,357461.0,357461.0,357461.0,357461.0,252037.0,273200.0,273200.0,296056.0,320740.0,320740.0,296656.0,321388.0,321388.0,348099.0,304060.0,329385.0,356736.0,386275.0,418177.0,348753.0,348753.0,348753.0,348753.0,295260.0,295260.0,319881.0,346471.0,313067.0
bweforvideo-googBucketDelay,0.0,0.0,0.0,0.0,0.0,0.0,0.0,53.0,0.0,0.0,7.0,8.0,0.0,0.0,0.0,0.0,23.0,0.0,0.0,0.0,0.0,17.0,1.0,0.0,2.0,0.0,29.0,2.0,2.0,0.0,1.0,0.0,2.0,3.0,2.0,2.0,2.0,1.0,0.0,1.0,0.0,0.0,1.0,35.0,38.0,0.0,3.0,71.0,0.0,2.0,0.0,0.0,0.0,3.0,1.0,1.0,0.0,0.0,0.0,0.0,1.0,0.0,2.0,9.0,2.0,0.0,22.0,2.0,3.0,0.0,0.0,0.0,69.0,57.0,2.0,0.0,54.0,4.0,4.0,15.0,0.0,3.0,0.0,0.0,0.0,0.0,0.0,37.0,0.0,0.0
timestamp,1546010965,1546010966,1546010967,1546010968,1546010969,1546010970,1546010971,1546010972,1546010973,1546010974,1546010975,1546010976,1546010977,1546010978,1546010979,1546010980,1546010981,1546010982,1546010983,1546010984,1546010985,1546010986,1546010987,1546010988,1546010989,1546010990,1546010991,1546010992,1546010993,1546010994,1546010995,1546010996,1546010997,1546010998,1546010999,1546011000,1546011001,1546011002,1546011003,1546011004,1546011005,1546011006,1546011007,1546011008,1546011009,1546011010,1546011011,1546011012,1546011013,1546011014,1546011015,1546011016,1546011017,1546011018,1546011019,1546011020,1546011021,1546011022,1546011023,1546011024,1546011025,1546011026,1546011027,1546011028,1546011029,1546011030,1546011031,1546011032,1546011033,1546011034,1546011035,1546011036,1546011037,1546011038,1546011039,1546011040,1546011041,1546011042,1546011043,1546011044,1546011045,1546011046,1546011047,1546011048,1546011049,1546011050,1546011051,1546011052,1546011053,1546011054
audio_bitsReceivedPerSecond,-1,-1,-1,-1,-1,0.0,0.0,0.0,0.0,0.0,0.0,0.0,0.0,0.0,0.0,5026.973026973027,251024.0,265072.0,246894.89489489488,282352.0,296480.0,249608.0,248759.24075924075,275216.0,252896.0,218234.23423423423,227576.0,215152.0,274456.0,253578.42157842158,226810.8108108108,238345.65434565436,276424.0,290536.0,293040.0,296840.8408408408,294249.7502497503,279519.5195195195,289462.53746253747,255839.83983983984,219980.01998001998,206254.25425425425,255255.25525525527,272567.4325674326,297216.0,288600.0,291392.0,295281.4371257485,298616.30218687875,280416.8336673347,302980.2371541502,293019.13393756293,284702.59481037926,286718.1008902077,289699.3987975952,196555.10204081633,233751.24378109453,285961.73212487414,264304.0,276251.7482517483,282570.5705705706,281598.4015984016,271679.6796796797,260320.0,283387.3873873874,270632.0,286824.0,283124.8751248751,278552.0,215992.0,209896.0,230576.0,278102.10210210213,289774.2257742258,308988.988988989,296391.6083916084,297542.45754245756,291931.93193193193,274512.0,272976.97697697696,277898.1018981019,266544.0,265816.0,246000.0,276744.0,226040.0,207215.21521521523,265556.8862275449,273617.6176176176,265960.0
audio_bitsSentPerSecond,-1,-1,-1,-1,-1,0.0,0.0,54414.78439425051,450152.04678362573,313432.0,256287.7122877123,216520.0,186560.0,239616.0,244644.64464464464,246385.61438561438,274880.0,229536.0,227059.05905905907,271592.0,259536.0,256552.0,351600.3996003996,274960.0,239488.0,229005.00500500502,261240.0,264256.0,231248.0,253146.85314685316,271591.5915915916,252163.83616383615,290160.0,287656.0,263216.0,255567.56756756757,276219.7802197802,222950.95095095094,232447.55244755244,258354.35435435435,205162.83716283715,235091.0910910911,293045.04504504503,304047.95204795204,296576.0,286440.0,190280.0,260199.6007984032,342608.3499005964,250124.248496994,229011.8577075099,222775.4279959718,259776.44710578842,282880.3165182987,295054.10821643285,317926.5306122449,328445.7711442786,295218.52970795566,307400.0,292075.9240759241,338834.83483483485,304127.87212787214,284780.78078078077,322320.0,268204.2042042042,352272.0,270232.0,236051.94805194804,263184.0,215080.0,182032.0,298232.0,304912.9129129129,304487.5124875125,246454.45445445445,297462.53746253747,308547.4525474525,290962.962962963,322296.0,266242.24224224227,293730.26973026973,269864.0,293176.0,252864.0,260816.0,208984.0,286382.3823823824,298163.6726546906,298882.8828828829,268072.0
audio_packetsSentPerSecond,-1,-1,-1,-1,-1,0.0,0.0,12.320328542094456,128.6549707602339,109.0,100.8991008991009,95.0,115.0,105.0,98.09809809809809,98.9010989010989,101.0,102.0,113.11311311311312,121.0,116.0,113.0,149.85014985014985,145.0,142.0,146.14614614614615,148.0,153.0,139.0,129.87012987012986,131.13113113113113,127.87212787212788,131.0,133.0,133.0,131.13113113113113,132.86713286713288,135.13513513513513,134.86513486513488,134.13413413413414,129.87012987012986,127.12712712712712,132.13213213213214,141.85814185814186,159.0,170.0,146.0,158.68263473053892,181.90854870775348,162.3246492985972,157.11462450592884,152.06445115810675,151.69660678642714,159.2482690405539,153.3066132264529,152.0408163265306,151.24378109452735,161.12789526686808,153.0,153.84615384615384,156.15615615615616,171.82817182817183,162.16216216216216,175.0,181.1811811811812,186.0,176.0,162.83716283716285,170.0,174.0,167.0,152.0,206.20620620620622,195.8041958041958,184.18418418418418,182.8171828171828,159.84015984015983,189.1891891891892,182.0,188.18818818818818,228.77122877122878,176.0,174.0,206.0,186.0,161.0,161.16116116116117,195.60878243512974,212.21221221221222,171.0
audio_googLocalAddress,-1,-1,-1,-1,-1,10.164.0.11:33482,35.204.92.114:33482,35.204.92.114:33482,35.204.92.114:33482,35.204.92.114:33482,35.204.92.114:33482,35.204.92.114:33482,35.204.92.114:33482,35.204.92.114:33482,35.204.92.114:33482,35.204.92.114:33482,35.204.92.114:33482,35.204.92.114:33482,35.204.92.114:33482,35.204.92.114:33482,35.204.92.114:33482,35.204.92.114:33482,35.204.92.114:33482,35.204.92.114:33482,35.204.92.114:33482,35.204.92.114:33482,35.204.92.114:33482,35.204.92.114:33482,35.204.92.114:33482,35.204.92.114:33482,35.204.92.114:33482,35.204.92.114:33482,35.204.92.114:33482,35.204.92.114:33482,35.204.92.114:33482,35.204.92.114:33482,35.204.92.114:33482,35.204.92.114:33482,35.204.92.114:33482,35.204.92.114:33482,35.204.92.114:33482,35.204.92.114:33482,35.204.92.114:33482,35.204.92.114:33482,35.204.92.114:33482,35.204.92.114:33482,35.204.92.114:33482,35.204.92.114:33482,35.204.92.114:33482,35.204.92.114:33482,35.204.92.114:33482,35.204.92.114:33482,35.204.92.114:33482,35.204.92.114:33482,35.204.92.114:33482,35.204.92.114:33482,35.204.92.114:33482,35.204.92.114:33482,35.204.92.114:33482,35.204.92.114:33482,35.204.92.114:33482,35.204.92.114:33482,35.204.92.114:33482,35.204.92.114:33482,35.204.92.114:33482,35.204.92.114:33482,35.204.92.114:33482,35.204.92.114:33482,35.204.92.114:33482,35.204.92.114:33482,35.204.92.114:33482,35.204.92.114:33482,35.204.92.114:33482,35.204.92.114:33482,35.204.92.114:33482,35.204.92.114:33482,35.204.92.114:33482,35.204.92.114:33482,35.204.92.114:33482,35.204.92.114:33482,35.204.92.114:33482,35.204.92.114:33482,35.204.92.114:33482,35.204.92.114:33482,35.204.92.114:33482,35.204.92.114:33482,35.204.92.114:33482,35.204.92.114:33482,35.204.92.114:33482,35.204.92.114:33482
audio_googRemoteAddress,-1,-1,-1,-1,-1,10.164.0.12:39553,35.204.47.190:39553,35.204.47.190:39553,35.204.47.190:39553,35.204.47.190:39553,35.204.47.190:39553,35.204.47.190:39553,35.204.47.190:39553,35.204.47.190:39553,35.204.47.190:39553,35.204.47.190:39553,35.204.47.190:39553,35.204.47.190:39553,35.204.47.190:39553,35.204.47.190:39553,35.204.47.190:39553,35.204.47.190:39553,35.204.47.190:39553,35.204.47.190:39553,35.204.47.190:39553,35.204.47.190:39553,35.204.47.190:39553,35.204.47.190:39553,35.204.47.190:39553,35.204.47.190:39553,35.204.47.190:39553,35.204.47.190:39553,35.204.47.190:39553,35.204.47.190:39553,35.204.47.190:39553,35.204.47.190:39553,35.204.47.190:39553,35.204.47.190:39553,35.204.47.190:39553,35.204.47.190:39553,35.204.47.190:39553,35.204.47.190:39553,35.204.47.190:39553,35.204.47.190:39553,35.204.47.190:39553,35.204.47.190:39553,35.204.47.190:39553,35.204.47.190:39553,35.204.47.190:39553,35.204.47.190:39553,35.204.47.190:39553,35.204.47.190:39553,35.204.47.190:39553,35.204.47.190:39553,35.204.47.190:39553,35.204.47.190:39553,35.204.47.190:39553,35.204.47.190:39553,35.204.47.190:39553,35.204.47.190:39553,35.204.47.190:39553,35.204.47.190:39553,35.204.47.190:39553,35.204.47.190:39553,35.204.47.190:39553,35.204.47.190:39553,35.204.47.190:39553,35.204.47.190:39553,35.204.47.190:39553,35.204.47.190:39553,35.204.47.190:39553,35.204.47.190:39553,35.204.47.190:39553,35.204.47.190:39553,35.204.47.190:39553,35.204.47.190:39553,35.204.47.190:39553,35.204.47.190:39553,35.204.47.190:39553,35.204.47.190:39553,35.204.47.190:39553,35.204.47.190:39553,35.204.47.190:39553,35.204.47.190:39553,35.204.47.190:39553,35.204.47.190:39553,35.204.47.190:39553,35.204.47.190:39553,35.204.47.190:39553,35.204.47.190:39553
audio_googRtt,-1,-1,-1,-1,-1,3000.0,651.0,681.0,785.0,785.0,785.0,1213.0,1213.0,1901.0,2461.0,2461.0,2730.0,2730.0,2730.0,2912.0,2912.0,2978.0,2978.0,3061.0,3061.0,3061.0,3182.0,3182.0,3182.0,3273.0,3273.0,3273.0,3515.0,3515.0,3618.0,3618.0,3618.0,3724.0,3724.0,3724.0,4072.0,4072.0,4072.0,4402.0,4402.0,4501.0,4501.0,4516.0,4516.0,4516.0,4534.0,4534.0,4450.0,4450.0,4361.0,4361.0,4361.0,4361.0,4361.0,4317.0,4317.0,4317.0,4391.0,4391.0,4391.0,4391.0,4391.0,4322.0,4322.0,4322.0,4322.0,4322.0,4322.0,4603.0,4603.0,4590.0,4590.0,4590.0,4590.0,4499.0,4499.0,4499.0,4424.0,4424.0,4195.0,4195.0,4195.0,4225.0,4225.0,4039.0
audio_send_bitsSentPerSecond,0.0,0.0,0.0,0.0,0.0,0.0,0.0,1831.6221765913758,24397.66081871345,24752.0,24943.056943056945,24688.0,28600.0,28312.0,31591.59159159159,24559.440559440558,33936.0,19856.0,28588.588588588587,17952.0,16720.0,34424.0,40359.64035964036,38416.0,18968.0,16480.48048048048,37792.0,27776.0,40296.0,40359.64035964036,39071.07107107107,25174.825174825175,36032.0,38304.0,20752.0,19451.451451451452,19820.17982017982,19827.827827827827,20379.62037962038,20756.756756756757,18925.074925074925,17361.36136136136,26090.09009009009,18557.44255744256,26336.0,21808.0,21712.0,37828.343313373254,24182.90258449304,33851.70340681363,26387.351778656128,23121.852970795568,26858.283433133733,19742.828882294758,19358.71743486974,18400.0,21962.18905472637,19295.065458207453,27304.0,40007.992007992005,40440.44044044044,40359.64035964036,40440.44044044044,30432.0,40440.44044044044,34192.0,40384.0,40359.64035964036,26976.0,20680.0,20232.0,20128.0,21445.445445445446,19964.035964035964,19939.93993993994,20419.58041958042,20419.58041958042,21965.965965965966,21216.0,20556.556556556556,20411.58841158841,20128.0,21400.0,20496.0,20776.0,20824.0,19899.8998998999,19968.06387225549,20220.22022022022,20320.0
audio_send_packetsSentPerSecond,0.0,0.0,0.0,0.0,0.0,0.0,0.0,4.1067761806981515,49.707602339181285,50.0,49.95004995004995,50.0,50.0,50.0,50.050050050050054,49.95004995004995,50.0,50.0,50.050050050050054,50.0,50.0,50.0,49.95004995004995,50.0,50.0,50.050050050050054,50.0,50.0,50.0,49.95004995004995,50.050050050050054,49.95004995004995,50.0,50.0,50.0,50.050050050050054,49.95004995004995,50.050050050050054,49.95004995004995,50.050050050050054,49.95004995004995,50.050050050050054,50.050050050050054,49.95004995004995,50.0,50.0,50.0,49.9001996007984,50.69582504970179,50.100200400801604,49.40711462450593,50.35246727089628,49.9001996007984,49.45598417408507,50.100200400801604,50.0,50.74626865671642,49.34541792547835,50.0,49.95004995004995,50.050050050050054,49.95004995004995,50.050050050050054,50.0,50.050050050050054,50.0,50.0,49.95004995004995,50.0,50.0,50.0,50.0,50.050050050050054,49.95004995004995,50.050050050050054,49.95004995004995,49.95004995004995,50.050050050050054,50.0,50.050050050050054,49.95004995004995,50.0,50.0,50.0,50.0,50.0,50.050050050050054,49.9001996007984,50.050050050050054,50.0
video_send_bitsSentPerSecond,0.0,0.0,0.0,0.0,0.0,0.0,0.0,47425.05133470226,415181.2865497076,278632.0,221562.43756243755,192184.0,295464.0,202008.0,203571.57157157158,212251.74825174824,232512.0,206568.0,188860.86086086085,242632.0,232496.0,212272.0,303624.37562437565,227808.0,205896.0,202482.48248248248,212648.0,225696.0,179320.0,206457.54245754247,217881.88188188188,219932.06793206793,240760.0,237784.0,230800.0,225593.5935935936,244811.18881118883,261661.66166166167,245266.73326673327,262454.4544544545,269954.04595404596,254814.8148148148,273625.6256256256,323492.5074925075,351216.0,343712.0,155080.0,207377.24550898204,302870.7753479125,201843.6873747495,187810.2766798419,185893.2527693857,219441.11776447107,245396.63699307616,261571.14228456913,284881.63265306124,304772.1393034826,350275.9315206445,337944.0,404403.5964035964,399039.03903903905,416503.4965034965,402890.8908908909,451664.0,433273.27327327325,396144.0,380312.0,302185.8141858142,285904.0,285432.0,307928.0,265096.0,483955.95595595596,372675.32467532466,299275.2752752753,317178.8211788212,359760.2397602398,388492.4924924925,339024.0,414742.74274274276,540091.9080919081,332072.0,360944.0,519640.0,340232.0,245088.0,275571.5715715716,441732.5349301397,460076.0760760761,284976.0
video_send_packetsLost,0.0,0.0,0.0,0.0,0.0,0.0,0.0,0.0,0.0,0.0,0.0,0.0,0.0,0.0,0.0,0.0,3.0,23.0,23.0,23.0,23.0,24.0,24.0,24.0,24.0,24.0,24.0,25.0,25.0,25.0,25.0,25.0,25.0,25.0,25.0,25.0,25.0,25.0,25.0,25.0,25.0,25.0,25.0,38.0,49.0,81.0,87.0,96.0,100.0,129.0,136.0,136.0,147.0,147.0,147.0,147.0,147.0,147.0,147.0,147.0,147.0,155.0,163.0,202.0,228.0,271.0,306.0,327.0,362.0,396.0,411.0,411.0,467.0,479.0,508.0,567.0,581.0,631.0,680.0,695.0,710.0,748.0,771.0,824.0,907.0,919.0,921.0,963.0,1050.0,1068.0
video_send_packetsSentPerSecond,0.0,0.0,0.0,0.0,0.0,0.0,0.0,6.160164271047228,57.50487329434698,37.0,28.97102897102897,26.0,48.0,36.0,28.02802802802803,27.972027972027973,34.0,33.0,43.04304304304304,49.0,45.0,43.0,80.91908091908093,73.0,70.0,79.07907907907908,79.0,85.0,66.0,61.938061938061935,59.05905905905906,60.93906093906094,59.0,60.0,60.0,60.06006006006006,59.94005994005994,60.06006006006006,60.93906093906094,61.06106106106106,60.93906093906094,60.06006006006006,59.05905905905906,68.93106893106894,86.0,95.0,71.0,81.83632734530939,105.36779324055667,88.17635270541082,81.02766798418972,77.54279959718026,77.8443113772455,79.1295746785361,78.15631262525051,78.57142857142857,78.60696517412936,79.55689828801611,78.0,79.92007992007991,79.07907907907908,90.9090909090909,83.08308308308308,99.0,105.10510510510511,104.0,100.0,86.91308691308691,96.0,100.0,94.0,79.0,127.12712712712712,115.88411588411589,108.10810810810811,99.9000999000999,80.91908091908093,109.10910910910911,101.0,109.10910910910911,148.85114885114885,96.0,94.0,126.0,107.0,81.0,82.08208208208208,115.76846307385229,139.13913913913913,92.0
video_send_googEncodeUsagePercent,0.0,0.0,0.0,0.0,0.0,0.0,0.0,0.0,64.0,64.0,64.0,64.0,64.0,64.0,64.0,64.0,64.0,64.0,64.0,64.0,64.0,46.0,64.0,64.0,64.0,49.0,45.0,64.0,64.0,54.0,49.0,44.0,40.0,37.0,33.0,30.0,28.0,26.0,24.0,22.0,20.0,19.0,18.0,17.0,16.0,15.0,14.0,13.0,13.0,12.0,12.0,12.0,12.0,12.0,12.0,12.0,12.0,12.0,12.0,11.0,11.0,11.0,11.0,11.0,11.0,11.0,11.0,11.0,10.0,10.0,10.0,10.0,10.0,10.0,10.0,10.0,10.0,10.0,10.0,10.0,10.0,10.0,10.0,10.0,10.0,10.0,10.0,10.0,10.0,10.0
video_send_googFrameHeightSent,0.0,0.0,0.0,0.0,0.0,0.0,0.0,720.0,720.0,720.0,720.0,540.0,540.0,540.0,540.0,540.0,360.0,360.0,360.0,360.0,360.0,270.0,270.0,270.0,270.0,270.0,180.0,180.0,180.0,180.0,180.0,180.0,180.0,180.0,180.0,180.0,180.0,180.0,180.0,180.0,180.0,180.0,180.0,180.0,180.0,180.0,180.0,180.0,180.0,180.0,180.0,180.0,180.0,180.0,180.0,180.0,180.0,180.0,180.0,180.0,180.0,180.0,180.0,180.0,180.0,180.0,180.0,180.0,180.0,180.0,180.0,180.0,180.0,180.0,180.0,180.0,180.0,180.0,180.0,180.0,180.0,180.0,180.0,180.0,180.0,180.0,180.0,180.0,180.0,180.0
video_send_googFrameRateSent,0.0,0.0,0.0,0.0,0.0,0.0,0.0,4.0,21.0,17.0,14.0,14.0,20.0,20.0,23.0,24.0,19.0,27.0,36.0,37.0,32.0,33.0,61.0,56.0,56.0,61.0,61.0,61.0,61.0,61.0,61.0,61.0,61.0,61.0,61.0,61.0,61.0,61.0,61.0,61.0,61.0,61.0,61.0,61.0,61.0,48.0,50.0,61.0,60.0,60.0,61.0,60.0,60.0,60.0,60.0,61.0,60.0,61.0,60.0,60.0,60.0,61.0,60.0,61.0,60.0,60.0,53.0,49.0,60.0,60.0,60.0,60.0,60.0,60.0,60.0,60.0,60.0,59.0,60.0,60.0,60.0,60.0,60.0,60.0,60.0,60.0,60.0,60.0,60.0,60.0
video_send_googFrameWidthSent,0.0,0.0,0.0,0.0,0.0,0.0,0.0,1280.0,1280.0,1280.0,1280.0,960.0,960.0,960.0,960.0,960.0,640.0,640.0,640.0,640.0,640.0,480.0,480.0,480.0,480.0,480.0,320.0,320.0,320.0,320.0,320.0,320.0,320.0,320.0,320.0,320.0,320.0,320.0,320.0,320.0,320.0,320.0,320.0,320.0,320.0,320.0,320.0,320.0,320.0,320.0,320.0,320.0,320.0,320.0,320.0,320.0,320.0,320.0,320.0,320.0,320.0,320.0,320.0,320.0,320.0,320.0,320.0,320.0,320.0,320.0,320.0,320.0,320.0,320.0,320.0,320.0,320.0,320.0,320.0,320.0,320.0,320.0,320.0,320.0,320.0,320.0,320.0,320.0,320.0,320.0
video_send_googRtt,0.0,0.0,0.0,0.0,0.0,0.0,0.0,0.0,0.0,0.0,0.0,2358.0,2358.0,2428.0,2620.0,2897.0,3208.0,3424.0,3505.0,3482.0,3464.0,3447.0,3427.0,3417.0,3447.0,3443.0,3398.0,3383.0,3422.0,3492.0,3561.0,3612.0,3652.0,3826.0,3960.0,4034.0,4054.0,4065.0,4044.0,4089.0,4150.0,4330.0,4506.0,4779.0,5028.0,5157.0,5112.0,4995.0,4913.0,4838.0,4778.0,4725.0,4687.0,4539.0,4439.0,4395.0,4349.0,4302.0,4375.0,4393.0,4336.0,4277.0,4327.0,4342.0,4338.0,4302.0,4271.0,4247.0,4227.0,4253.0,4320.0,4488.0,4699.0,4856.0,4937.0,4998.0,4980.0,4922.0,4816.0,4722.0,4591.0,4522.0,4413.0,4297.0,4216.0,4039.0,3820.0,3815.0,3902.0,4027.0
audio_recv_bitsReceivedPerSecond,-1,-1,-1,-1,-1,0.0,0.0,903.4907597535935,11485.380116959064,22536.0,25190.809190809192,18432.0,14208.0,26360.0,27875.875875875878,27460.53946053946,27592.0,19960.0,24216.216216216217,26280.0,24936.0,22344.0,18741.25874125874,30032.0,24488.0,21533.533533533533,21704.0,30704.0,40400.0,33846.153846153844,29685.685685685687,31728.271728271728,37560.0,35720.0,39680.0,39631.63163163163,38945.054945054944,37565.565565565565,28171.828171828172,17953.953953953955,16767.232767232766,18554.554554554554,15503.503503503503,23904.095904095902,22056.0,25720.0,23640.0,27209.580838323353,35506.95825049702,32585.17034068136,28284.584980237156,33997.98590130916,26514.97005988024,35283.87734915925,20737.4749498998,13322.448979591836,15522.388059701492,16878.147029204432,27032.0,22473.52647352647,18274.274274274274,20179.82017982018,17609.609609609608,24744.0,22774.774774774774,19928.0,20888.0,20803.196803196803,18056.0,13696.0,14624.0,14896.0,18346.346346346345,15152.847152847153,13253.253253253253,15856.143856143855,14305.694305694306,13013.013013013013,25960.0,21405.405405405407,20947.052947052947,22104.0,21880.0,30416.0,25328.0,11864.0,15615.615615615616,26259.481037924153,20508.50850850851,27312.0
audio_recv_packetsReceivedPerSecond,-1,-1,-1,-1,-1,0.0,0.0,2.0533880903490758,23.391812865497077,45.0,50.94905094905095,38.0,29.0,52.0,56.05605605605606,56.943056943056945,58.0,39.0,49.049049049049046,54.0,51.0,45.0,39.96003996003996,61.0,50.0,43.04304304304304,43.0,38.0,50.0,41.95804195804196,40.04004004004004,38.96103896103896,46.0,45.0,48.0,49.049049049049046,47.952047952047955,48.048048048048045,50.94905094905095,41.04104104104104,40.95904095904096,33.033033033033036,37.03703703703704,51.94805194805195,59.0,55.0,41.0,40.91816367265469,44.731610337972164,41.08216432865731,34.58498023715415,42.29607250755287,38.92215568862275,44.510385756676556,51.102204408817634,34.69387755102041,37.81094527363184,45.31722054380665,61.0,53.946053946053944,42.04204204204204,46.95304695304695,44.04404404404404,62.0,57.05705705705706,49.0,49.0,48.95104895104895,43.0,35.0,31.0,38.0,38.03803803803804,42.95704295704296,31.03103103103103,39.96003996003996,35.964035964035965,37.03703703703704,62.0,53.053053053053056,51.94805194805195,57.0,53.0,75.0,60.0,30.0,36.03603603603604,67.86427145708583,52.052052052052055,65.0
audio_recv_googCurrentDelayMs,-1,-1,-1,-1,-1,0.0,0.0,13.0,50.0,85.0,76.0,88.0,54.0,102.0,131.0,145.0,227.0,155.0,176.0,186.0,216.0,189.0,122.0,208.0,215.0,177.0,135.0,121.0,165.0,186.0,126.0,110.0,160.0,182.0,199.0,232.0,137.0,79.0,65.0,88.0,77.0,61.0,60.0,208.0,410.0,560.0,539.0,298.0,273.0,239.0,178.0,195.0,225.0,245.0,315.0,211.0,152.0,165.0,300.0,409.0,360.0,296.0,232.0,334.0,525.0,454.0,410.0,356.0,253.0,122.0,92.0,86.0,75.0,82.0,52.0,59.0,51.0,65.0,144.0,201.0,216.0,209.0,146.0,317.0,378.0,133.0,104.0,284.0,224.0,243.0
audio_recv_googJitterBufferMs,-1,-1,-1,-1,-1,0.0,0.0,23.0,48.0,38.0,82.0,58.0,3.0,98.0,167.0,214.0,337.0,104.0,148.0,228.0,245.0,92.0,24.0,304.0,207.0,65.0,20.0,59.0,123.0,27.0,6.0,67.0,92.0,103.0,228.0,199.0,106.0,30.0,65.0,35.0,71.0,27.0,52.0,275.0,532.0,610.0,400.0,188.0,213.0,213.0,101.0,148.0,212.0,301.0,334.0,51.0,21.0,82.0,452.0,497.0,304.0,280.0,171.0,453.0,551.0,430.0,375.0,322.0,201.0,0.0,19.0,35.0,40.0,110.0,13.0,3.0,0.0,8.0,216.0,245.0,202.0,244.0,189.0,512.0,458.0,1.0,20.0,412.0,197.0,352.0
audio_recv_googJitterReceived,-1,-1,-1,-1,-1,0.0,0.0,0.0,19.0,19.0,19.0,13.0,13.0,13.0,13.0,13.0,13.0,12.0,12.0,12.0,12.0,6.0,6.0,6.0,6.0,6.0,7.0,7.0,7.0,7.0,10.0,10.0,10.0,10.0,10.0,4.0,4.0,4.0,4.0,4.0,4.0,10.0,10.0,10.0,10.0,10.0,10.0,11.0,11.0,11.0,11.0,11.0,11.0,21.0,21.0,21.0,21.0,21.0,21.0,21.0,8.0,8.0,8.0,8.0,7.0,7.0,7.0,7.0,7.0,7.0,7.0,7.0,7.0,7.0,7.0,20.0,20.0,20.0,12.0,12.0,12.0,12.0,12.0,8.0,8.0,8.0,8.0,8.0,8.0,8.0
audio_recv_googPreferredJitterBufferMs,-1,-1,-1,-1,-1,0.0,0.0,0.0,80.0,80.0,80.0,80.0,80.0,80.0,80.0,80.0,200.0,200.0,200.0,200.0,200.0,200.0,200.0,200.0,200.0,200.0,200.0,220.0,220.0,220.0,220.0,220.0,220.0,220.0,220.0,80.0,80.0,60.0,60.0,220.0,280.0,280.0,280.0,280.0,280.0,280.0,280.0,280.0,280.0,280.0,280.0,280.0,280.0,280.0,280.0,280.0,280.0,280.0,280.0,280.0,280.0,280.0,280.0,280.0,280.0,280.0,280.0,280.0,280.0,280.0,280.0,240.0,60.0,60.0,60.0,60.0,60.0,60.0,60.0,60.0,60.0,60.0,60.0,60.0,60.0,240.0,240.0,60.0,40.0,40.0
video_recv_bitsReceivedPerSecond,-1,-1,-1,-1,-1,0.0,0.0,17971.252566735115,274245.6140350877,269136.0,260227.77222777222,234800.0,230408.0,237104.0,256288.28828828828,251244.75524475524,212232.0,236712.0,214414.4144144144,245720.0,260792.0,217040.0,221946.05394605396,235016.0,214192.0,186946.94694694693,196304.0,175296.0,222360.0,209902.0979020979,188268.26826826826,199312.6873126873,228464.0,244416.0,241296.0,246494.4944944945,245714.2857142857,231175.1751751752,242661.33866133867,201289.2892892893,201734.26573426573,159951.95195195195,200944.94494494493,210557.44255744255,238256.0,249952.0,235832.0,237005.9880239521,235037.77335984097,225675.35070140281,252442.68774703558,214138.97280966767,149708.58283433135,187260.13847675567,171334.66933867734,130571.42857142857,136788.05970149254,159202.416918429,176320.0,218317.6823176823,168320.32032032032,157370.62937062938,162370.37037037036,209560.0,246502.5025025025,227152.0,221952.0,238681.3186813187,248832.0,176960.0,182288.0,204328.0,247471.47147147148,265254.74525474524,271143.14314314316,269602.3976023976,238777.22277722278,195475.47547547548,122840.0,138746.74674674674,115324.67532467532,164264.0,154952.0,198320.0,192712.0,152144.0,102022.02202202202,204455.08982035928,219555.55555555556,212360.0
video_recv_packetsReceivedPerSecond,-1,-1,-1,-1,-1,0.0,0.0,2.0533880903490758,33.13840155945419,38.0,38.96103896103896,35.0,34.0,40.0,37.03703703703704,38.96103896103896,38.0,40.0,54.054054054054056,65.0,61.0,54.0,49.95004995004995,73.0,61.0,51.051051051051054,50.0,46.0,60.0,51.94805194805195,48.048048048048045,45.95404595404595,55.0,57.0,57.0,58.05805805805806,53.946053946053944,51.051051051051054,57.94205794205794,48.048048048048045,47.952047952047955,40.04004004004004,41.04104104104104,53.946053946053944,58.0,59.0,46.0,44.91017964071856,58.64811133200795,59.11823647294589,59.28853754940712,65.45820745216515,51.89620758483034,62.31454005934718,75.1503006012024,53.06122448979592,53.73134328358209,70.49345417925478,82.0,91.9080919080919,67.06706706706707,66.93306693306694,69.06906906906907,99.0,88.08808808808809,82.0,76.0,76.92307692307692,74.0,53.0,50.0,57.0,57.05705705705706,60.93906093906094,48.048048048048045,55.94405594405595,41.95804195804196,41.04104104104104,60.0,81.08108108108108,69.93006993006993,98.0,82.0,105.0,86.0,55.0,57.05705705705706,107.78443113772455,85.08508508508508,100.0
video_recv_googCurrentDelayMs,-1,-1,-1,-1,-1,0.0,0.0,0.0,25.0,27.0,28.0,52.0,114.0,109.0,104.0,100.0,100.0,103.0,109.0,118.0,119.0,116.0,120.0,118.0,116.0,112.0,110.0,109.0,105.0,103.0,101.0,102.0,99.0,100.0,100.0,100.0,100.0,100.0,41.0,95.0,95.0,91.0,87.0,87.0,87.0,87.0,87.0,87.0,87.0,87.0,87.0,87.0,87.0,87.0,87.0,87.0,87.0,87.0,87.0,87.0,87.0,87.0,87.0,87.0,87.0,87.0,87.0,87.0,87.0,87.0,87.0,87.0,87.0,87.0,87.0,87.0,87.0,87.0,87.0,87.0,87.0,87.0,87.0,87.0,87.0,87.0,87.0,87.0,87.0,87.0
video_recv_googDecodeMs,-1,-1,-1,-1,-1,0.0,0.0,0.0,4.0,4.0,4.0,4.0,2.0,2.0,2.0,2.0,2.0,1.0,1.0,2.0,1.0,2.0,1.0,1.0,1.0,1.0,1.0,1.0,1.0,1.0,1.0,1.0,1.0,2.0,2.0,2.0,2.0,2.0,1.0,1.0,1.0,1.0,1.0,1.0,1.0,1.0,1.0,1.0,1.0,1.0,1.0,1.0,1.0,1.0,1.0,1.0,1.0,1.0,1.0,1.0,1.0,1.0,1.0,1.0,1.0,1.0,1.0,1.0,1.0,1.0,1.0,1.0,1.0,1.0,1.0,1.0,1.0,1.0,1.0,1.0,1.0,1.0,1.0,1.0,1.0,1.0,1.0,1.0,1.0,1.0
video_recv_googFrameHeightReceived,-1,-1,-1,-1,-1,0.0,0.0,0.0,720.0,720.0,720.0,720.0,540.0,540.0,540.0,540.0,540.0,360.0,360.0,360.0,360.0,360.0,270.0,270.0,270.0,270.0,270.0,270.0,270.0,270.0,270.0,270.0,270.0,270.0,270.0,270.0,270.0,270.0,270.0,270.0,270.0,270.0,270.0,270.0,270.0,270.0,270.0,270.0,270.0,270.0,270.0,270.0,270.0,270.0,270.0,270.0,270.0,270.0,270.0,270.0,270.0,270.0,270.0,270.0,270.0,270.0,270.0,270.0,270.0,270.0,270.0,270.0,270.0,270.0,270.0,270.0,270.0,270.0,270.0,270.0,270.0,270.0,270.0,270.0,270.0,270.0,270.0,270.0,270.0,270.0
video_recv_googFrameRateOutput,-1,-1,-1,-1,-1,0.0,0.0,0.0,13.0,21.0,17.0,20.0,15.0,20.0,26.0,24.0,24.0,35.0,54.0,61.0,68.0,60.0,50.0,62.0,60.0,59.0,54.0,46.0,60.0,51.0,48.0,46.0,55.0,50.0,9.0,0.0,0.0,0.0,29.0,93.0,0.0,30.0,60.0,0.0,0.0,0.0,0.0,0.0,0.0,0.0,0.0,0.0,0.0,0.0,0.0,0.0,0.0,0.0,0.0,0.0,0.0,0.0,0.0,0.0,0.0,0.0,0.0,0.0,0.0,0.0,0.0,0.0,0.0,0.0,0.0,0.0,0.0,0.0,0.0,0.0,0.0,0.0,0.0,0.0,0.0,0.0,0.0,0.0,0.0,0.0
video_recv_googFrameRateReceived,-1,-1,-1,-1,-1,0.0,0.0,0.0,13.0,19.0,20.0,17.0,15.0,24.0,31.0,26.0,22.0,37.0,54.0,65.0,61.0,54.0,48.0,73.0,61.0,51.0,50.0,46.0,60.0,51.0,48.0,46.0,55.0,55.0,57.0,58.0,54.0,51.0,60.0,54.0,48.0,44.0,45.0,55.0,64.0,59.0,50.0,49.0,54.0,49.0,42.0,58.0,60.0,62.0,78.0,58.0,61.0,84.0,74.0,70.0,73.0,81.0,85.0,81.0,65.0,68.0,73.0,65.0,52.0,42.0,39.0,46.0,45.0,48.0,36.0,46.0,41.0,45.0,67.0,82.0,77.0,91.0,76.0,81.0,75.0,54.0,59.0,83.0,68.0,79.0
video_recv_googFrameWidthReceived,-1,-1,-1,-1,-1,0.0,0.0,0.0,1280.0,1280.0,1280.0,1280.0,960.0,960.0,960.0,960.0,960.0,640.0,640.0,640.0,640.0,640.0,480.0,480.0,480.0,480.0,480.0,480.0,480.0,480.0,480.0,480.0,480.0,480.0,480.0,480.0,480.0,480.0,480.0,480.0,480.0,480.0,480.0,480.0,480.0,480.0,480.0,480.0,480.0,480.0,480.0,480.0,480.0,480.0,480.0,480.0,480.0,480.0,480.0,480.0,480.0,480.0,480.0,480.0,480.0,480.0,480.0,480.0,480.0,480.0,480.0,480.0,480.0,480.0,480.0,480.0,480.0,480.0,480.0,480.0,480.0,480.0,480.0,480.0,480.0,480.0,480.0,480.0,480.0,480.0
video_recv_googInterframeDelayMax,-1,-1,-1,-1,-1,-1.0,-1.0,-1.0,114.0,140.0,76.0,173.0,212.0,95.0,59.0,51.0,73.0,71.0,33.0,19.0,19.0,19.0,105.0,19.0,23.0,26.0,55.0,188.0,73.0,108.0,96.0,195.0,82.0,111.0,19.0,-1.0,-1.0,-1.0,4325.0,510.0,-1.0,2235.0,699.0,-1.0,-1.0,-1.0,-1.0,-1.0,-1.0,-1.0,-1.0,-1.0,-1.0,-1.0,-1.0,-1.0,-1.0,-1.0,-1.0,-1.0,-1.0,-1.0,-1.0,-1.0,-1.0,-1.0,-1.0,-1.0,-1.0,-1.0,-1.0,-1.0,-1.0,-1.0,-1.0,-1.0,-1.0,-1.0,-1.0,-1.0,-1.0,-1.0,-1.0,-1.0,-1.0,-1.0,-1.0,-1.0,-1.0,-1.0
video_recv_googJitterBufferMs,-1,-1,-1,-1,-1,0.0,0.0,0.0,65.0,26.0,23.0,37.0,99.0,94.0,90.0,86.0,88.0,112.0,111.0,109.0,106.0,103.0,107.0,105.0,104.0,100.0,98.0,97.0,93.0,91.0,89.0,90.0,87.0,88.0,88.0,88.0,88.0,88.0,29.0,83.0,83.0,79.0,75.0,75.0,75.0,75.0,75.0,75.0,75.0,75.0,75.0,75.0,75.0,75.0,75.0,75.0,75.0,75.0,75.0,75.0,75.0,75.0,75.0,75.0,75.0,75.0,75.0,75.0,75.0,75.0,75.0,75.0,75.0,75.0,75.0,75.0,75.0,75.0,75.0,75.0,75.0,75.0,75.0,75.0,75.0,75.0,75.0,75.0,75.0,75.0
video_recv_googPlisSent,-1,-1,-1,-1,-1,0.0,0.0,0.0,0.0,0.0,0.0,0.0,0.0,0.0,0.0,0.0,0.0,0.0,0.0,0.0,0.0,0.0,0.0,0.0,0.0,0.0,0.0,0.0,0.0,0.0,0.0,0.0,0.0,0.0,0.0,0.0,0.0,1.0,1.0,1.0,1.0,1.0,1.0,1.0,1.0,2.0,2.0,2.0,3.0,3.0,3.0,4.0,4.0,4.0,5.0,5.0,5.0,6.0,6.0,6.0,7.0,7.0,7.0,8.0,8.0,8.0,9.0,9.0,9.0,10.0,10.0,10.0,11.0,11.0,11.0,12.0,12.0,12.0,13.0,13.0,13.0,14.0,14.0,14.0,15.0,15.0,15.0,16.0,16.0,16.0
audio_send_packetsLost,-1,-1,-1,-1,-1,-1,-1,-1,-1,0.0,0.0,0.0,0.0,0.0,0.0,0.0,0.0,21.0,21.0,21.0,21.0,21.0,21.0,21.0,21.0,21.0,21.0,21.0,21.0,21.0,21.0,21.0,21.0,21.0,21.0,21.0,21.0,21.0,21.0,21.0,21.0,21.0,21.0,21.0,21.0,21.0,48.0,48.0,48.0,48.0,48.0,65.0,65.0,65.0,65.0,65.0,65.0,65.0,65.0,65.0,65.0,69.0,69.0,69.0,69.0,69.0,69.0,69.0,150.0,150.0,150.0,150.0,150.0,218.0,218.0,218.0,218.0,218.0,218.0,285.0,285.0,285.0,285.0,285.0,347.0,347.0,347.0,347.0,347.0,347.0
audio_send_googJitterReceived,-1,-1,-1,-1,-1,-1,-1,-1,-1,30.0,30.0,30.0,30.0,30.0,30.0,30.0,30.0,14.0,14.0,14.0,14.0,14.0,14.0,9.0,9.0,9.0,9.0,9.0,7.0,7.0,7.0,7.0,7.0,7.0,7.0,7.0,7.0,7.0,7.0,7.0,7.0,7.0,7.0,8.0,8.0,8.0,7.0,7.0,7.0,7.0,7.0,6.0,6.0,6.0,6.0,6.0,6.0,6.0,6.0,6.0,6.0,12.0,12.0,12.0,12.0,12.0,12.0,12.0,16.0,16.0,16.0,16.0,16.0,38.0,38.0,38.0,38.0,38.0,38.0,9.0,9.0,9.0,9.0,9.0,28.0,28.0,28.0,28.0,28.0,28.0
audio_send_googRtt,-1,-1,-1,-1,-1,-1,-1,-1,-1,-1,-1,-1,-1,-1,-1,-1,-1,-1,-1,-1,-1,-1,-1,3510.0,3510.0,3510.0,3510.0,3510.0,3776.0,3776.0,3776.0,3776.0,3776.0,3776.0,3776.0,4289.0,4289.0,4289.0,4289.0,4289.0,4289.0,4289.0,4289.0,5703.0,5703.0,5703.0,4874.0,4874.0,4874.0,4874.0,4874.0,4181.0,4181.0,4181.0,4181.0,4181.0,4181.0,4181.0,4152.0,4152.0,4152.0,4286.0,4286.0,4286.0,4286.0,4286.0,4286.0,4286.0,4328.0,4328.0,4328.0,4328.0,4328.0,5029.0,5029.0,5029.0,5029.0,5029.0,5029.0,4528.0,4528.0,4528.0,4528.0,4528.0,3351.0,3351.0,3351.0,3351.0,3351.0,3351.0
video_send_resolutionChangesSent,0,0,0,0,0,0,0,1,1,1,1,2,2,2,2,2,3,3,3,3,3,4,4,4,4,4,5,5,5,5,5,5,5,5,5,5,5,5,5,5,5,5,5,5,5,5,5,5,5,5,5,5,5,5,5,5,5,5,5,5,5,5,5,5,5,5,5,5,5,5,5,5,5,5,5,5,5,5,5,5,5,5,5,5,5,5,5,5,5,5
video_recv_resolutionChangesReceived,0,0,0,0,0,1,1,1,2,2,2,2,3,3,3,3,3,4,4,4,4,4,5,5,5,5,5,5,5,5,5,5,5,5,5,5,5,5,5,5,5,5,5,5,5,5,5,5,5,5,5,5,5,5,5,5,5,5,5,5,5,5,5,5,5,5,5,5,5,5,5,5,5,5,5,5,5,5,5,5,5,5,5,5,5,5,5,5,5,5
1_way_delay_audio_send,-0.5,-0.5,-0.5,-0.5,-0.5,-0.5,-0.5,-0.5,-0.5,-0.5,-0.5,-0.5,-0.5,-0.5,-0.5,-0.5,-0.5,-0.5,-0.5,-0.5,-0.5,-0.5,-0.5,1755.0,1755.0,1755.0,1755.0,1755.0,1888.0,1888.0,1888.0,1888.0,1888.0,1888.0,1888.0,2144.5,2144.5,2144.5,2144.5,2144.5,2144.5,2144.5,2144.5,2851.5,2851.5,2851.5,2437.0,2437.0,2437.0,2437.0,2437.0,2090.5,2090.5,2090.5,2090.5,2090.5,2090.5,2090.5,2076.0,2076.0,2076.0,2143.0,2143.0,2143.0,2143.0,2143.0,2143.0,2143.0,2164.0,2164.0,2164.0,2164.0,2164.0,2514.5,2514.5,2514.5,2514.5,2514.5,2514.5,2264.0,2264.0,2264.0,2264.0,2264.0,1675.5,1675.5,1675.5,1675.5,1675.5,1675.5
1_way_delay_video_send,0.0,0.0,0.0,0.0,0.0,0.0,0.0,0.0,0.0,0.0,0.0,1179.0,1179.0,1214.0,1310.0,1448.5,1604.0,1712.0,1752.5,1741.0,1732.0,1723.5,1713.5,1708.5,1723.5,1721.5,1699.0,1691.5,1711.0,1746.0,1780.5,1806.0,1826.0,1913.0,1980.0,2017.0,2027.0,2032.5,2022.0,2044.5,2075.0,2165.0,2253.0,2389.5,2514.0,2578.5,2556.0,2497.5,2456.5,2419.0,2389.0,2362.5,2343.5,2269.5,2219.5,2197.5,2174.5,2151.0,2187.5,2196.5,2168.0,2138.5,2163.5,2171.0,2169.0,2151.0,2135.5,2123.5,2113.5,2126.5,2160.0,2244.0,2349.5,2428.0,2468.5,2499.0,2490.0,2461.0,2408.0,2361.0,2295.5,2261.0,2206.5,2148.5,2108.0,2019.5,1910.0,1907.5,1951.0,2013.5
ear_ear_delay_audio_send,-0.5,-0.5,-0.5,-0.5,-0.5,21.5,61.5,2.5,59.5,172.5,345.5,287.5,482.5,510.5,335.5,395.5,555.5,532.5,539.5,620.5,626.5,456.5,433.5,2305.0,2445.0,1893.0,2055.0,2266.0,2440.0,2438.0,2342.0,2048.0,1954.0,1914.0,1956.0,2210.5,2201.5,2364.5,2247.5,2489.5,2666.5,2521.5,2399.5,2936.5,2853.5,3218.5,2666.0,2511.0,2544.0,2709.0,2592.0,2147.5,2210.5,2210.5,2130.5,2105.5,2115.5,2140.5,2166.0,2106.0,2148.0,2183.0,2178.0,2213.0,2231.0,2154.0,2197.0,2373.0,2369.0,2506.0,2399.0,2217.0,2189.0,2671.5,2557.5,2535.5,2537.5,2576.5,2656.5,2296.0,2281.0,2266.0,2339.0,2404.0,1785.5,1795.5,1739.5
audio_recv_kbitsReceivedPerSecond,0,0,0,0,0,0,0,0,11,22,24,18,13,25,27,26,26,19,23,25,24,21,18,29,23,21,21,29,39,33,28,30,36,34,38,38,38,36,27,17,16,18,15,23,21,25,23,26,34,31,27,33,25,34,20,13,15,16,26,21,17,19,17,24,22,19,20,20,17,13,14,14,17,14,12,15,13,12,25,20,20,21,21,29,24,11,15,25,20,26
video_recv_kbitsReceivedPerSecond,0,0,0,0,0,0,0,17,267,262,254,229,225,231,250,245,207,231,209,239,254,211,216,229,209,182,191,171,217,204,183,194,223,238,235,240,239,225,236,196,197,156,196,205,232,244,230,231,229,220,246,209,146,182,167,127,133,155,172,213,164,153,158,204,240,221,216,233,243,172,178,199,241,259,264,263,233,190,119,135,112,160,151,193,188,148,99,199,214,207
audio_packet_loss_percentage_send,0.0,0.0,2.0,0.0,0.0,0.0,0.0,0.0,0.0,0.0,42.0,0.0,0.0,0.0,0.0,0.0,0.0,0.0,0.0,0.0,0.0,0.0,0.0,0.0,0.0,0.0,0.0,0.0,0.0,0.0,0.0,0.0,0.0,0.0,0.0,0.0,0.0,0.0,0.0,54.0,0.0,0.0,0.0,0.0,33.762,0.0,0.0,0.0,0.0,0.0,0.0,0.0,0.0,0.0,8.008,0.0,0.0,0.0,0.0,0.0,0.0,162.0,0.0,0.0,0.0,0.0,136.136,0.0,0.0,0.0,0.0,0.0,133.86599999999999,0.0,0.0,0.0,0.0,124.0,0.0,0.0,0.0,0.0
e_model_audio_send,72.88958458320164,71.92958458320165,94.14,92.772,89.46592118111461,67.406,75.178,49.04800000000001,45.296,68.74600000000001,60.706,39.266000000000005,31.828293851604926,41.410000000000004,30.555999999999997,29.75200000000001,52.532000000000004,55.614000000000004,0,0,0,0,0,0,0,0,0,0,0,0,0,0,0,0,0,0,0,0,0,0,0,0,0,0,0,0,0,0,0,0,0,0,0,0,0,0,0,0,0,0,0,0,0,0,0,0,0,0,0,0,0,0,0,0,0,0,0,0,0,0,0,0
kpi_audio_synchronization,3.729430232148123,3.686144072208965,4.426735802392,4.400848232294464,4.325696500380213,3.4731084896040887,3.829492294301736,2.5250894808898563,2.330317551259648,3.5376508229454484,3.1364985556892884,2.0281876198083286,1.6861036591584087,2.1336270454530006,1.6321130734826883,1.5987878437309448,2.7082651426906246,2.870702634811192,1.0,1.0,1.0,1.0,1.0,1.0,1.0,1.0,1.0,1.0,1.0,1.0,1.0,1.0,1.0,1.0,1.0,1.0,1.0,1.0,1.0,1.0,1.0,1.0,1.0,1.0,1.0,1.0,1.0,1.0,1.0,1.0,1.0,1.0,1.0,1.0,1.0,1.0,1.0,1.0,1.0,1.0,1.0,1.0,1.0,1.0,1.0,1.0,1.0,1.0,1.0,1.0,1.0,1.0,1.0,1.0,1.0,1.0,1.0,1.0,1.0,1.0,1.0,1.0
eye_eye_delay_video_send,0.0,0.0,0.0,0.0,0.0,36.0,249.0,164.0,305.0,293.0,202.0,1340.0,1338.0,1373.0,1469.0,1491.5,1635.0,1745.0,1785.5,1835.0,1839.0,1827.5,1812.5,1802.5,1813.5,1827.5,1800.0,1788.5,1804.0,1835.0,1864.5,1889.0,1910.0,1999.0,2066.0,2100.0,2107.0,2113.5,2103.0,2125.5,2156.0,2246.0,2334.0,2470.5,2514.0,2726.5,2699.0,2636.5,2588.5,2546.0,2512.0,2480.5,2456.5,2378.5,2323.5,2296.5,2273.5,2250.0,2286.5,2295.5,2188.0,2220.5,2245.5,2253.0,2251.0,2233.0,2203.5,2191.5,2184.5,2197.5,2231.0,2315.0,2420.5,2449.0,2489.5,2520.0,2490.0,2461.0,2408.0,2361.0,2295.5,2261.0,2206.5,2148.5,2108.0,2019.5,1910.0
kpi_video_synchronization,5,5,5,5,5,5,3.0133333333333336,4.1466666666666665,2.266666666666667,2.4266666666666667,3.64,1,1,1,1,1,1,1,1,1,1,1,1,1,1,1,1,1,1,1,1,1,1,1,1,1,1,1,1,1,1,1,1,1,1,1,1,1,1,1,1,1,1,1,1,1,1,1,1,1,1,1,1,1,1,1,1,1,1,1,1,1,1,1,1,1,1,1,1,1,1,1,1,1,1,1,1
av_delay_send,-0.5,-0.5,-0.5,-0.5,-0.5,-14.5,-187.5,-161.5,-245.5,-120.5,143.5,-1052.5,-855.5,-862.5,-1133.5,-1096.0,-1079.5,-1212.5,-1246.0,-1214.5,-1212.5,-1371.0,-1379.0,502.5,631.5,65.5,255.0,477.5,636.0,603.0,477.5,159.0,44.0,-85.0,-110.0,110.5,94.5,251.0,144.5,364.0,510.5,275.5,65.5,466.0,339.5,492.0,-33.0,-125.5,-44.5,163.0,80.0,-333.0,-246.0,-168.0,-193.0,-191.0,-158.0,-109.5,-120.5,-189.5,-40.0,-37.5,-67.5,-40.0,-20.0,-79.0,-6.5,181.5,184.5,308.5,168.0,-98.0,-231.5,222.5,68.0,15.5,47.5,115.5,248.5,-65.0,-14.5,5.0,132.5,255.5,-322.5,-224.0,-170.5
kpi_av_synchronization,5,5,5,5,5,5,1,2.566666666666667,1,5,1,1,1,1,1,1,1,1,1,1,1,1,1,1,1,3.3600000000000003,1,1,1,1,1,1,5,5,5,1,1,1,1,1,1,1,3.3600000000000003,1,1,1,5,4.966666666666667,5,1,2.2,1,1,2.1333333333333333,1,1,2.8,5,5,1,5,5,5,5,5,5,5,1,1,1,1,5,1,1,3.16,5,4.8,1,1,5,5,5,1,1,1,1,1.9666666666666668
kpi_resolution_stability,2.501987070429834,2.501987070429834,2.501987070429834,2.501987070429834,2.501987070429834,2.501987070429834,2.501987070429834,2.501987070429834,2.501987070429834,2.501987070429834,2.501987070429834,2.501987070429834,2.501987070429834,2.501987070429834,2.501987070429834,2.501987070429834,2.501987070429834,2.501987070429834,2.501987070429834,2.501987070429834,2.501987070429834,2.501987070429834,2.501987070429834,2.501987070429834,2.501987070429834,2.501987070429834,2.501987070429834,2.501987070429834,2.501987070429834,2.501987070429834,2.501987070429834,2.501987070429834,2.501987070429834,2.501987070429834,2.501987070429834,2.501987070429834,2.501987070429834,2.501987070429834,2.501987070429834,2.501987070429834,2.501987070429834,2.501987070429834,2.501987070429834,2.501987070429834,2.501987070429834,2.501987070429834,2.501987070429834,2.501987070429834,2.501987070429834,2.501987070429834,2.501987070429834,2.501987070429834,2.501987070429834,2.501987070429834,2.501987070429834,2.501987070429834,2.501987070429834,2.501987070429834,2.501987070429834,2.501987070429834,2.501987070429834,2.501987070429834,2.501987070429834,2.501987070429834,2.501987070429834,2.501987070429834,2.501987070429834,2.501987070429834,2.501987070429834,2.501987070429834,2.501987070429834,2.501987070429834,2.501987070429834,2.501987070429834,2.501987070429834,2.501987070429834,2.501987070429834,2.501987070429834,2.501987070429834,2.501987070429834,2.501987070429834,2.501987070429834,2.501987070429834,2.501987070429834,2.501987070429834,2.501987070429834,2.501987070429834,2.501987070429834,2.501987070429834,2.501987070429834
max_resolution_percentage,4.444444444444445,4.444444444444445,4.444444444444445,4.444444444444445,4.444444444444445,4.444444444444445,4.444444444444445,4.444444444444445,4.444444444444445,4.444444444444445,4.444444444444445,4.444444444444445,4.444444444444445,4.444444444444445,4.444444444444445,4.444444444444445,4.444444444444445,4.444444444444445,4.444444444444445,4.444444444444445,4.444444444444445,4.444444444444445,4.444444444444445,4.444444444444445,4.444444444444445,4.444444444444445,4.444444444444445,4.444444444444445,4.444444444444445,4.444444444444445,4.444444444444445,4.444444444444445,4.444444444444445,4.444444444444445,4.444444444444445,4.444444444444445,4.444444444444445,4.444444444444445,4.444444444444445,4.444444444444445,4.444444444444445,4.444444444444445,4.444444444444445,4.444444444444445,4.444444444444445,4.444444444444445,4.444444444444445,4.444444444444445,4.444444444444445,4.444444444444445,4.444444444444445,4.444444444444445,4.444444444444445,4.444444444444445,4.444444444444445,4.444444444444445,4.444444444444445,4.444444444444445,4.444444444444445,4.444444444444445,4.444444444444445,4.444444444444445,4.444444444444445,4.444444444444445,4.444444444444445,4.444444444444445,4.444444444444445,4.444444444444445,4.444444444444445,4.444444444444445,4.444444444444445,4.444444444444445,4.444444444444445,4.444444444444445,4.444444444444445,4.444444444444445,4.444444444444445,4.444444444444445,4.444444444444445,4.444444444444445,4.444444444444445,4.444444444444445,4.444444444444445,4.444444444444445,4.444444444444445,4.444444444444445,4.444444444444445,4.444444444444445,4.444444444444445,4.444444444444445
kpi_resolution_stability_norm,2.5036894426379153,2.5036894426379153,2.5036894426379153,2.5036894426379153,2.5036894426379153,2.5036894426379153,2.5036894426379153,2.5036894426379153,2.5036894426379153,2.5036894426379153,2.5036894426379153,2.5036894426379153,2.5036894426379153,2.5036894426379153,2.5036894426379153,2.5036894426379153,2.5036894426379153,2.5036894426379153,2.5036894426379153,2.5036894426379153,2.5036894426379153,2.5036894426379153,2.5036894426379153,2.5036894426379153,2.5036894426379153,2.5036894426379153,2.5036894426379153,2.5036894426379153,2.5036894426379153,2.5036894426379153,2.5036894426379153,2.5036894426379153,2.5036894426379153,2.5036894426379153,2.5036894426379153,2.5036894426379153,2.5036894426379153,2.5036894426379153,2.5036894426379153,2.5036894426379153,2.5036894426379153,2.5036894426379153,2.5036894426379153,2.5036894426379153,2.5036894426379153,2.5036894426379153,2.5036894426379153,2.5036894426379153,2.5036894426379153,2.5036894426379153,2.5036894426379153,2.5036894426379153,2.5036894426379153,2.5036894426379153,2.5036894426379153,2.5036894426379153,2.5036894426379153,2.5036894426379153,2.5036894426379153,2.5036894426379153,2.5036894426379153,2.5036894426379153,2.5036894426379153,2.5036894426379153,2.5036894426379153,2.5036894426379153,2.5036894426379153,2.5036894426379153,2.5036894426379153,2.5036894426379153,2.5036894426379153,2.5036894426379153,2.5036894426379153,2.5036894426379153,2.5036894426379153,2.5036894426379153,2.5036894426379153,2.5036894426379153,2.5036894426379153,2.5036894426379153,2.5036894426379153,2.5036894426379153,2.5036894426379153,2.5036894426379153,2.5036894426379153,2.5036894426379153,2.5036894426379153,2.5036894426379153,2.5036894426379153,2.5036894426379153
max_resolution_percentage_norm,10.0,10.0,10.0,10.0,10.0,10.0,10.0,10.0,10.0,10.0,10.0,10.0,10.0,10.0,10.0,10.0,10.0,10.0,10.0,10.0,10.0,10.0,10.0,10.0,10.0,10.0,10.0,10.0,10.0,10.0,10.0,10.0,10.0,10.0,10.0,10.0,10.0,10.0,10.0,10.0,10.0,10.0,10.0,10.0,10.0,10.0,10.0,10.0,10.0,10.0,10.0,10.0,10.0,10.0,10.0,10.0,10.0,10.0,10.0,10.0,10.0,10.0,10.0,10.0,10.0,10.0,10.0,10.0,10.0,10.0,10.0,10.0,10.0,10.0,10.0,10.0,10.0,10.0,10.0,10.0,10.0,10.0,10.0,10.0,10.0,10.0,10.0,10.0,10.0,10.0
kpi_fps_stability,1,1,1,1,1,1,1,1,4.079873320937373,4.59543356514211,4.368267837086116,4.542982187053405,4.233712451884842,4.542982187053405,4.8250342659265355,4.738985153469177,4.738985153469177,5,5,5,5,5,5,5,5,5,5,5,5,5,5,5,5,5,3.6845544733114513,1,1,1,4.942427872760581,5,1,4.978873396874005,5,1,1,1,1,1,1,1,1,1,1,1,1,1,1,1,1,1,1,1,1,1,1,1,1,1,1,1,1,1,1,1,1,1,1,1,1,1,1,1,1,1,1,1,1,1,1,1
kpi_q_audio,1,1,1,1,1,1,1,1,2,3,4,3,2,4,4,4,4,3,3,4,4,3,3,4,3,3,3,4,5,5,4,4,5,5,5,5,5,5,4,3,3,3,2,3,3,4,3,4,5,4,4,5,4,5,3,2,2,3,4,3,3,3,3,4,3,3,3,3,3,2,2,2,3,2,2,2,2,2,4,3,3,3,3,4,4,2,2,4,3,4
kpi_q_video,1.95,1.8,1.95,2.05,1.8499999999999999,1.8499999999999999,1.9,1.8,1.6857142857142855,1.7428571428571429,1.6285714285714286,1.8499999999999999,1.8,1.6857142857142855,1.7428571428571429,1.9,1.95,1.95,1.95,1.95,1.9,1.95,1.7428571428571429,1.7428571428571429,1.5142857142857142,1.7428571428571429,1.8,1.95,2.0,1.9,1.95,1.9,1.8499999999999999,2.0,1.8,1.457142857142857,1.6857142857142855,1.5714285714285714,1.4,1.5142857142857142,1.6285714285714286,1.8499999999999999,1.5714285714285714,1.5142857142857142,1.5142857142857142,1.8,1.95,1.9,1.8499999999999999,1.95,2.0,1.6285714285714286,1.6285714285714286,1.7428571428571429,2.0,2.05,2.1,2.1,1.95,1.7428571428571429,1.4,1.5714285714285714,1.5142857142857142,1.7428571428571429,1.6857142857142855,1.457142857142857,1.7428571428571429,1.8499999999999999,1.8
qoe_simple_normal,2.850492248016458,2.8206826746898845,2.927970644710222,2.941760914699385,2.9000773889311344,2.8053453877337873,2.1880917364038965,2.3264914238025765,2.4161517364337555,3.1079726168456663,2.696861939352845,2.346406766709826,2.2485191485539637,2.3307413060671704,2.3315500207398006,2.3396961748816345,2.4713047636549326,2.5328558483123547,2.3249999999999997,2.3249999999999997,2.316666666666667,2.3249999999999997,2.2904761904761908,2.2904761904761908,2.2523809523809524,2.552698412698413,2.3000000000000003,2.3249999999999997,2.3333333333333335,2.316666666666667,2.3249999999999997,2.316666666666667,2.7527777777777778,2.777777777777778,2.5252035233296866,1.5761904761904761,1.614285714285714,1.5952380952380951,2.22373797879343,2.2523809523809524,1.6047619047619046,2.304812232812334,2.524126984126984,1.5857142857142856,1.5857142857142856,1.6333333333333335,2.102777777777778,2.090740740740741,2.0861111111111112,1.6583333333333332,1.8,1.6047619047619046,1.6047619047619046,1.7497354497354494,1.6666666666666667,1.675,1.883333333333333,2.1277777777777778,2.102777777777778,1.623809523809524,2.0111111111111115,2.03968253968254,2.0301587301587305,2.0682539682539685,2.058730158730159,2.020634920634921,2.0682539682539685,1.6416666666666666,1.6333333333333335
qoe_simple_smooth,2.7588255813497913,2.7040160080232183,2.836303978043555,2.8667609146993853,2.7917440555978015,2.6970120544004543,2.0880917364038964,2.2098247571359098,2.28043745071947,2.98178214065519,2.5516238441147494,2.2380734333764924,2.131852481887297,2.1950270203528848,2.2053595445493244,2.2396961748816344,2.379638096988266,2.441189181645688,2.2333333333333334,2.2333333333333334,2.216666666666667,2.2333333333333334,2.164285714285714,2.164285714285714,2.0880952380952382,2.4265079365079365,2.183333333333333,2.2333333333333334,2.25,2.216666666666667,2.2333333333333334,2.216666666666667,2.6444444444444444,2.6944444444444446,2.40853685666302,1.4023809523809525,1.4785714285714284,1.4404761904761905,2.0404046454600966,2.0880952380952382,1.4595238095238094,2.1964788994790005,2.3693650793650796,1.4214285714285715,1.4214285714285715,1.5166666666666666,2.0111111111111115,1.9907407407407411,1.9777777777777779,1.5666666666666667,1.7166666666666668,1.4595238095238094,1.4595238095238094,1.6235449735449734,1.5833333333333333,1.5999999999999999,1.8166666666666664,2.0611111111111113,2.0111111111111115,1.4976190476190476,1.8277777777777782,1.884920634920635,1.8658730158730161,1.9420634920634923,1.923015873015873,1.8468253968253971,1.9420634920634923,1.5333333333333332,1.5166666666666666
